-- MySQL dump 10.13  Distrib 5.7.27-30, for Linux (x86_64)
--
-- Host: localhost    Database: u0690510_itm_evolution_2021
-- ------------------------------------------------------
-- Server version	5.7.27-30

/*!40101 SET @OLD_CHARACTER_SET_CLIENT=@@CHARACTER_SET_CLIENT */;
/*!40101 SET @OLD_CHARACTER_SET_RESULTS=@@CHARACTER_SET_RESULTS */;
/*!40101 SET @OLD_COLLATION_CONNECTION=@@COLLATION_CONNECTION */;
/*!40101 SET NAMES utf8 */;
/*!40103 SET @OLD_TIME_ZONE=@@TIME_ZONE */;
/*!40103 SET TIME_ZONE='+00:00' */;
/*!40014 SET @OLD_UNIQUE_CHECKS=@@UNIQUE_CHECKS, UNIQUE_CHECKS=0 */;
/*!40014 SET @OLD_FOREIGN_KEY_CHECKS=@@FOREIGN_KEY_CHECKS, FOREIGN_KEY_CHECKS=0 */;
/*!40101 SET @OLD_SQL_MODE=@@SQL_MODE, SQL_MODE='NO_AUTO_VALUE_ON_ZERO' */;
/*!40111 SET @OLD_SQL_NOTES=@@SQL_NOTES, SQL_NOTES=0 */;
/*!50717 SELECT COUNT(*) INTO @rocksdb_has_p_s_session_variables FROM INFORMATION_SCHEMA.TABLES WHERE TABLE_SCHEMA = 'performance_schema' AND TABLE_NAME = 'session_variables' */;
/*!50717 SET @rocksdb_get_is_supported = IF (@rocksdb_has_p_s_session_variables, 'SELECT COUNT(*) INTO @rocksdb_is_supported FROM performance_schema.session_variables WHERE VARIABLE_NAME=\'rocksdb_bulk_load\'', 'SELECT 0') */;
/*!50717 PREPARE s FROM @rocksdb_get_is_supported */;
/*!50717 EXECUTE s */;
/*!50717 DEALLOCATE PREPARE s */;
/*!50717 SET @rocksdb_enable_bulk_load = IF (@rocksdb_is_supported, 'SET SESSION rocksdb_bulk_load = 1', 'SET @rocksdb_dummy_bulk_load = 0') */;
/*!50717 PREPARE s FROM @rocksdb_enable_bulk_load */;
/*!50717 EXECUTE s */;
/*!50717 DEALLOCATE PREPARE s */;

--
-- Table structure for table `auth_group`
--

DROP TABLE IF EXISTS `auth_group`;
/*!40101 SET @saved_cs_client     = @@character_set_client */;
/*!40101 SET character_set_client = utf8 */;
CREATE TABLE `auth_group` (
  `id` int(11) NOT NULL AUTO_INCREMENT,
  `name` varchar(150) NOT NULL,
  PRIMARY KEY (`id`),
  UNIQUE KEY `name` (`name`)
) ENGINE=InnoDB DEFAULT CHARSET=utf8;
/*!40101 SET character_set_client = @saved_cs_client */;

--
-- Dumping data for table `auth_group`
--

LOCK TABLES `auth_group` WRITE;
/*!40000 ALTER TABLE `auth_group` DISABLE KEYS */;
/*!40000 ALTER TABLE `auth_group` ENABLE KEYS */;
UNLOCK TABLES;

--
-- Table structure for table `auth_group_permissions`
--

DROP TABLE IF EXISTS `auth_group_permissions`;
/*!40101 SET @saved_cs_client     = @@character_set_client */;
/*!40101 SET character_set_client = utf8 */;
CREATE TABLE `auth_group_permissions` (
  `id` int(11) NOT NULL AUTO_INCREMENT,
  `group_id` int(11) NOT NULL,
  `permission_id` int(11) NOT NULL,
  PRIMARY KEY (`id`),
  UNIQUE KEY `auth_group_permissions_group_id_permission_id_0cd325b0_uniq` (`group_id`,`permission_id`),
  KEY `auth_group_permissio_permission_id_84c5c92e_fk_auth_perm` (`permission_id`),
  CONSTRAINT `auth_group_permissio_permission_id_84c5c92e_fk_auth_perm` FOREIGN KEY (`permission_id`) REFERENCES `auth_permission` (`id`),
  CONSTRAINT `auth_group_permissions_group_id_b120cbf9_fk_auth_group_id` FOREIGN KEY (`group_id`) REFERENCES `auth_group` (`id`)
) ENGINE=InnoDB DEFAULT CHARSET=utf8;
/*!40101 SET character_set_client = @saved_cs_client */;

--
-- Dumping data for table `auth_group_permissions`
--

LOCK TABLES `auth_group_permissions` WRITE;
/*!40000 ALTER TABLE `auth_group_permissions` DISABLE KEYS */;
/*!40000 ALTER TABLE `auth_group_permissions` ENABLE KEYS */;
UNLOCK TABLES;

--
-- Table structure for table `auth_permission`
--

DROP TABLE IF EXISTS `auth_permission`;
/*!40101 SET @saved_cs_client     = @@character_set_client */;
/*!40101 SET character_set_client = utf8 */;
CREATE TABLE `auth_permission` (
  `id` int(11) NOT NULL AUTO_INCREMENT,
  `name` varchar(255) NOT NULL,
  `content_type_id` int(11) NOT NULL,
  `codename` varchar(100) NOT NULL,
  PRIMARY KEY (`id`),
  UNIQUE KEY `auth_permission_content_type_id_codename_01ab375a_uniq` (`content_type_id`,`codename`),
  CONSTRAINT `auth_permission_content_type_id_2f476e4b_fk_django_co` FOREIGN KEY (`content_type_id`) REFERENCES `django_content_type` (`id`)
) ENGINE=InnoDB AUTO_INCREMENT=133 DEFAULT CHARSET=utf8;
/*!40101 SET character_set_client = @saved_cs_client */;

--
-- Dumping data for table `auth_permission`
--

LOCK TABLES `auth_permission` WRITE;
/*!40000 ALTER TABLE `auth_permission` DISABLE KEYS */;
INSERT INTO `auth_permission` VALUES (1,'Can add log entry',1,'add_logentry'),(2,'Can change log entry',1,'change_logentry'),(3,'Can delete log entry',1,'delete_logentry'),(4,'Can view log entry',1,'view_logentry'),(5,'Can add group',4,'add_group'),(6,'Can change group',4,'change_group'),(7,'Can delete group',4,'delete_group'),(8,'Can view group',4,'view_group'),(9,'Can add permission',3,'add_permission'),(10,'Can change permission',3,'change_permission'),(11,'Can delete permission',3,'delete_permission'),(12,'Can view permission',3,'view_permission'),(13,'Can add user',2,'add_user'),(14,'Can change user',2,'change_user'),(15,'Can delete user',2,'delete_user'),(16,'Can view user',2,'view_user'),(17,'Can add content type',5,'add_contenttype'),(18,'Can change content type',5,'change_contenttype'),(19,'Can delete content type',5,'delete_contenttype'),(20,'Can view content type',5,'view_contenttype'),(21,'Can add session',6,'add_session'),(22,'Can change session',6,'change_session'),(23,'Can delete session',6,'delete_session'),(24,'Can view session',6,'view_session'),(25,'Can add Метатэг',12,'add_metadata'),(26,'Can change Метатэг',12,'change_metadata'),(27,'Can delete Метатэг',12,'delete_metadata'),(28,'Can view Метатэг',12,'view_metadata'),(29,'Can add Image Блок',13,'add_imageblock'),(30,'Can change Image Блок',13,'change_imageblock'),(31,'Can delete Image Блок',13,'delete_imageblock'),(32,'Can view Image Блок',13,'view_imageblock'),(33,'Can add Страница',10,'add_page'),(34,'Can change Страница',10,'change_page'),(35,'Can delete Страница',10,'delete_page'),(36,'Can view Страница',10,'view_page'),(37,'Can add String Блок',14,'add_stringblock'),(38,'Can change String Блок',14,'change_stringblock'),(39,'Can delete String Блок',14,'delete_stringblock'),(40,'Can view String Блок',14,'view_stringblock'),(41,'Can add Text Блок',8,'add_textblock'),(42,'Can change Text Блок',8,'change_textblock'),(43,'Can delete Text Блок',8,'delete_textblock'),(44,'Can view Text Блок',8,'view_textblock'),(45,'Can add Слайд',11,'add_sliderblockslide'),(46,'Can change Слайд',11,'change_sliderblockslide'),(47,'Can delete Слайд',11,'delete_sliderblockslide'),(48,'Can view Слайд',11,'view_sliderblockslide'),(49,'Can add HTML Блок',9,'add_htmlblock'),(50,'Can change HTML Блок',9,'change_htmlblock'),(51,'Can delete HTML Блок',9,'delete_htmlblock'),(52,'Can view HTML Блок',9,'view_htmlblock'),(53,'Can add Слайдер изображений',7,'add_sliderblock'),(54,'Can change Слайдер изображений',7,'change_sliderblock'),(55,'Can delete Слайдер изображений',7,'delete_sliderblock'),(56,'Can view Слайдер изображений',7,'view_sliderblock'),(57,'Can add Слайд для главной страницы',16,'add_slide'),(58,'Can change Слайд для главной страницы',16,'change_slide'),(59,'Can delete Слайд для главной страницы',16,'delete_slide'),(60,'Can view Слайд для главной страницы',16,'view_slide'),(61,'Can add Преимущество',17,'add_benefits'),(62,'Can change Преимущество',17,'change_benefits'),(63,'Can delete Преимущество',17,'delete_benefits'),(64,'Can view Преимущество',17,'view_benefits'),(65,'Can add Социальная сеть',18,'add_sociallinks'),(66,'Can change Социальная сеть',18,'change_sociallinks'),(67,'Can delete Социальная сеть',18,'delete_sociallinks'),(68,'Can view Социальная сеть',18,'view_sociallinks'),(69,'Can add Характеристика',15,'add_characteristics'),(70,'Can change Характеристика',15,'change_characteristics'),(71,'Can delete Характеристика',15,'delete_characteristics'),(72,'Can view Характеристика',15,'view_characteristics'),(73,'Can add Новость',20,'add_news'),(74,'Can change Новость',20,'change_news'),(75,'Can delete Новость',20,'delete_news'),(76,'Can view Новость',20,'view_news'),(77,'Can add Изображение для новости/статьи',19,'add_imagesnews'),(78,'Can change Изображение для новости/статьи',19,'change_imagesnews'),(79,'Can delete Изображение для новости/статьи',19,'delete_imagesnews'),(80,'Can view Изображение для новости/статьи',19,'view_imagesnews'),(81,'Can add Акция',21,'add_stock'),(82,'Can change Акция',21,'change_stock'),(83,'Can delete Акция',21,'delete_stock'),(84,'Can view Акция',21,'view_stock'),(85,'Can add Сотрудник фитнес-клуба',22,'add_team'),(86,'Can change Сотрудник фитнес-клуба',22,'change_team'),(87,'Can delete Сотрудник фитнес-клуба',22,'delete_team'),(88,'Can view Сотрудник фитнес-клуба',22,'view_team'),(89,'Can add Тренировка',23,'add_workout'),(90,'Can change Тренировка',23,'change_workout'),(91,'Can delete Тренировка',23,'delete_workout'),(92,'Can view Тренировка',23,'view_workout'),(93,'Can add thumbnail dimensions',24,'add_thumbnaildimensions'),(94,'Can change thumbnail dimensions',24,'change_thumbnaildimensions'),(95,'Can delete thumbnail dimensions',24,'delete_thumbnaildimensions'),(96,'Can view thumbnail dimensions',24,'view_thumbnaildimensions'),(97,'Can add thumbnail',26,'add_thumbnail'),(98,'Can change thumbnail',26,'change_thumbnail'),(99,'Can delete thumbnail',26,'delete_thumbnail'),(100,'Can view thumbnail',26,'view_thumbnail'),(101,'Can add source',25,'add_source'),(102,'Can change source',25,'change_source'),(103,'Can delete source',25,'delete_source'),(104,'Can view source',25,'view_source'),(105,'Can add Расписание - инструктор',27,'add_scheduleinstructors'),(106,'Can change Расписание - инструктор',27,'change_scheduleinstructors'),(107,'Can delete Расписание - инструктор',27,'delete_scheduleinstructors'),(108,'Can view Расписание - инструктор',27,'view_scheduleinstructors'),(109,'Can add Расписание - направление занятия',28,'add_scheduledirections'),(110,'Can change Расписание - направление занятия',28,'change_scheduledirections'),(111,'Can delete Расписание - направление занятия',28,'delete_scheduledirections'),(112,'Can view Расписание - направление занятия',28,'view_scheduledirections'),(113,'Can add Расписание',29,'add_schedule'),(114,'Can change Расписание',29,'change_schedule'),(115,'Can delete Расписание',29,'delete_schedule'),(116,'Can view Расписание',29,'view_schedule'),(117,'Can add Расписание - зал',30,'add_schedulehall'),(118,'Can change Расписание - зал',30,'change_schedulehall'),(119,'Can delete Расписание - зал',30,'delete_schedulehall'),(120,'Can view Расписание - зал',30,'view_schedulehall'),(121,'Can add Расписание - занятие',31,'add_scheduleclasses'),(122,'Can change Расписание - занятие',31,'change_scheduleclasses'),(123,'Can delete Расписание - занятие',31,'delete_scheduleclasses'),(124,'Can view Расписание - занятие',31,'view_scheduleclasses'),(125,'Can add Время',32,'add_scheduletime'),(126,'Can change Время',32,'change_scheduletime'),(127,'Can delete Время',32,'delete_scheduletime'),(128,'Can view Время',32,'view_scheduletime'),(129,'Can add Пользователь формы \"Оставить заявку\"',33,'add_requestviewfrm'),(130,'Can change Пользователь формы \"Оставить заявку\"',33,'change_requestviewfrm'),(131,'Can delete Пользователь формы \"Оставить заявку\"',33,'delete_requestviewfrm'),(132,'Can view Пользователь формы \"Оставить заявку\"',33,'view_requestviewfrm');
/*!40000 ALTER TABLE `auth_permission` ENABLE KEYS */;
UNLOCK TABLES;

--
-- Table structure for table `auth_user`
--

DROP TABLE IF EXISTS `auth_user`;
/*!40101 SET @saved_cs_client     = @@character_set_client */;
/*!40101 SET character_set_client = utf8 */;
CREATE TABLE `auth_user` (
  `id` int(11) NOT NULL AUTO_INCREMENT,
  `password` varchar(128) NOT NULL,
  `last_login` datetime(6) DEFAULT NULL,
  `is_superuser` tinyint(1) NOT NULL,
  `username` varchar(150) NOT NULL,
  `first_name` varchar(30) NOT NULL,
  `last_name` varchar(150) NOT NULL,
  `email` varchar(254) NOT NULL,
  `is_staff` tinyint(1) NOT NULL,
  `is_active` tinyint(1) NOT NULL,
  `date_joined` datetime(6) NOT NULL,
  PRIMARY KEY (`id`),
  UNIQUE KEY `username` (`username`)
) ENGINE=InnoDB AUTO_INCREMENT=3 DEFAULT CHARSET=utf8;
/*!40101 SET character_set_client = @saved_cs_client */;

--
-- Dumping data for table `auth_user`
--

LOCK TABLES `auth_user` WRITE;
/*!40000 ALTER TABLE `auth_user` DISABLE KEYS */;
INSERT INTO `auth_user` VALUES (1,'pbkdf2_sha256$150000$5mvr9qv7F68R$gLYUqbCupw3PSum6X9q2xeYJpLqSUjukpRk+XXEc+Gg=','2023-10-02 11:21:51.446227',1,'nikol','','','mictric@mail.ru',1,1,'2021-07-15 15:44:13.568000'),(2,'pbkdf2_sha256$150000$i46PJTthalR6$WCTqD5TXPoBE3zoeK5gBNl4wVu3g8H0WgoQEYmPVbE0=','2023-07-28 12:50:20.647963',1,'itm-admin','','','',1,1,'2021-08-09 17:55:53.000000');
/*!40000 ALTER TABLE `auth_user` ENABLE KEYS */;
UNLOCK TABLES;

--
-- Table structure for table `auth_user_groups`
--

DROP TABLE IF EXISTS `auth_user_groups`;
/*!40101 SET @saved_cs_client     = @@character_set_client */;
/*!40101 SET character_set_client = utf8 */;
CREATE TABLE `auth_user_groups` (
  `id` int(11) NOT NULL AUTO_INCREMENT,
  `user_id` int(11) NOT NULL,
  `group_id` int(11) NOT NULL,
  PRIMARY KEY (`id`),
  UNIQUE KEY `auth_user_groups_user_id_group_id_94350c0c_uniq` (`user_id`,`group_id`),
  KEY `auth_user_groups_group_id_97559544_fk_auth_group_id` (`group_id`),
  CONSTRAINT `auth_user_groups_group_id_97559544_fk_auth_group_id` FOREIGN KEY (`group_id`) REFERENCES `auth_group` (`id`),
  CONSTRAINT `auth_user_groups_user_id_6a12ed8b_fk_auth_user_id` FOREIGN KEY (`user_id`) REFERENCES `auth_user` (`id`)
) ENGINE=InnoDB DEFAULT CHARSET=utf8;
/*!40101 SET character_set_client = @saved_cs_client */;

--
-- Dumping data for table `auth_user_groups`
--

LOCK TABLES `auth_user_groups` WRITE;
/*!40000 ALTER TABLE `auth_user_groups` DISABLE KEYS */;
/*!40000 ALTER TABLE `auth_user_groups` ENABLE KEYS */;
UNLOCK TABLES;

--
-- Table structure for table `auth_user_user_permissions`
--

DROP TABLE IF EXISTS `auth_user_user_permissions`;
/*!40101 SET @saved_cs_client     = @@character_set_client */;
/*!40101 SET character_set_client = utf8 */;
CREATE TABLE `auth_user_user_permissions` (
  `id` int(11) NOT NULL AUTO_INCREMENT,
  `user_id` int(11) NOT NULL,
  `permission_id` int(11) NOT NULL,
  PRIMARY KEY (`id`),
  UNIQUE KEY `auth_user_user_permissions_user_id_permission_id_14a6b632_uniq` (`user_id`,`permission_id`),
  KEY `auth_user_user_permi_permission_id_1fbb5f2c_fk_auth_perm` (`permission_id`),
  CONSTRAINT `auth_user_user_permi_permission_id_1fbb5f2c_fk_auth_perm` FOREIGN KEY (`permission_id`) REFERENCES `auth_permission` (`id`),
  CONSTRAINT `auth_user_user_permissions_user_id_a95ead1b_fk_auth_user_id` FOREIGN KEY (`user_id`) REFERENCES `auth_user` (`id`)
) ENGINE=InnoDB DEFAULT CHARSET=utf8;
/*!40101 SET character_set_client = @saved_cs_client */;

--
-- Dumping data for table `auth_user_user_permissions`
--

LOCK TABLES `auth_user_user_permissions` WRITE;
/*!40000 ALTER TABLE `auth_user_user_permissions` DISABLE KEYS */;
/*!40000 ALTER TABLE `auth_user_user_permissions` ENABLE KEYS */;
UNLOCK TABLES;

--
-- Table structure for table `django_admin_log`
--

DROP TABLE IF EXISTS `django_admin_log`;
/*!40101 SET @saved_cs_client     = @@character_set_client */;
/*!40101 SET character_set_client = utf8 */;
CREATE TABLE `django_admin_log` (
  `id` int(11) NOT NULL AUTO_INCREMENT,
  `action_time` datetime(6) NOT NULL,
  `object_id` longtext,
  `object_repr` varchar(200) NOT NULL,
  `action_flag` smallint(5) unsigned NOT NULL,
  `change_message` longtext NOT NULL,
  `content_type_id` int(11) DEFAULT NULL,
  `user_id` int(11) NOT NULL,
  PRIMARY KEY (`id`),
  KEY `django_admin_log_content_type_id_c4bce8eb_fk_django_co` (`content_type_id`),
  KEY `django_admin_log_user_id_c564eba6_fk_auth_user_id` (`user_id`),
  CONSTRAINT `django_admin_log_content_type_id_c4bce8eb_fk_django_co` FOREIGN KEY (`content_type_id`) REFERENCES `django_content_type` (`id`),
  CONSTRAINT `django_admin_log_user_id_c564eba6_fk_auth_user_id` FOREIGN KEY (`user_id`) REFERENCES `auth_user` (`id`)
) ENGINE=InnoDB AUTO_INCREMENT=3789 DEFAULT CHARSET=utf8;
/*!40101 SET character_set_client = @saved_cs_client */;

--
-- Dumping data for table `django_admin_log`
--

LOCK TABLES `django_admin_log` WRITE;
/*!40000 ALTER TABLE `django_admin_log` DISABLE KEYS */;
INSERT INTO `django_admin_log` VALUES (1,'2021-08-09 14:07:54.594000','1','ВКонтакте',1,'[{\"added\": {}}]',18,1),(2,'2021-08-09 14:08:13.422000','1','Instagram',2,'[{\"changed\": {\"fields\": [\"\\u0417\\u0430\\u0433\\u043e\\u043b\\u043e\\u0432\\u043e\\u043a\"]}}]',18,1),(3,'2021-08-09 14:08:27.314000','2','ВКонтакте',1,'[{\"added\": {}}]',18,1),(4,'2021-08-09 14:08:49.324000','3','@',1,'[{\"added\": {}}]',18,1),(5,'2021-08-09 14:12:57.500000','1','Тренируйся с друзьями бесплатно!',1,'[{\"added\": {}}]',16,1),(6,'2021-08-09 14:15:43.272000','2','Новый фитнес-клуб Эволюция!',1,'[{\"added\": {}}]',16,1),(7,'2021-08-09 14:26:13.445000','1','3 этажа фитнеса',1,'[{\"added\": {}}]',15,1),(8,'2021-08-09 14:27:39.954000','2','Кроссфит зона',1,'[{\"added\": {}}]',15,1),(9,'2021-08-09 14:27:52.025000','3','Парковка для клиентов',1,'[{\"added\": {}}]',15,1),(10,'2021-08-09 14:28:03.780000','4','Настольный теннис',1,'[{\"added\": {}}]',15,1),(11,'2021-08-09 14:28:16.056000','5','20 м от остановки общественного транспорта',1,'[{\"added\": {}}]',15,1),(12,'2021-08-09 14:28:32.858000','6','Фитнес-бар',1,'[{\"added\": {}}]',15,1),(13,'2021-08-09 14:28:51.012000','7','Детская игровая комната',1,'[{\"added\": {}}]',15,1),(14,'2021-08-09 14:29:03.844000','8','Финская сауна',1,'[{\"added\": {}}]',15,1),(15,'2021-08-09 14:29:17.564000','9','2 просторных зала групповых программ с панорамными окнами',1,'[{\"added\": {}}]',15,1),(16,'2021-08-09 14:29:29.945000','10','Бесплатные полотенца',1,'[{\"added\": {}}]',15,1),(17,'2021-08-09 14:29:41.596000','11','Большой выбор групповых программ',1,'[{\"added\": {}}]',15,1),(18,'2021-08-09 14:29:54.095000','12','Массажные кресла',1,'[{\"added\": {}}]',15,1),(19,'2021-08-09 14:30:07.752000','13','Массажный кабинет',1,'[{\"added\": {}}]',15,1),(20,'2021-08-09 14:30:20.063000','14','Зона единоборств и ринг',1,'[{\"added\": {}}]',15,1),(21,'2021-08-09 14:36:12.367000','1','Удобное местоположение',1,'[{\"added\": {}}]',17,1),(22,'2021-08-09 14:36:41.831000','2','Высококлассное оборудование',1,'[{\"added\": {}}]',17,1),(23,'2021-08-09 14:36:51.285000','3','Высококвалифицированный тренерский и инструкторский состав',1,'[{\"added\": {}}]',17,1),(24,'2021-08-09 14:36:59.266000','4','Широкий выбор групповых программ',1,'[{\"added\": {}}]',17,1),(25,'2021-08-09 14:37:08.435000','5','Персональный менеджер 24/7',1,'[{\"added\": {}}]',17,1),(26,'2021-08-09 14:37:16.249000','6','Smart fitness – «умный фитнес»',1,'[{\"added\": {}}]',17,1),(27,'2021-08-09 14:37:25.174000','7','Никаких дополнительных затрат',1,'[{\"added\": {}}]',17,1),(28,'2021-08-09 14:37:32.555000','8','Разные формы оплаты',1,'[{\"added\": {}}]',17,1),(29,'2021-08-09 14:37:40.296000','9','График работы с 7:00 до 23:00',1,'[{\"added\": {}}]',17,1),(30,'2021-08-09 14:37:47.986000','10','Количество мест в клубе ограничено',1,'[{\"added\": {}}]',17,1),(31,'2021-08-09 14:55:55.560000','1','Название события',1,'[{\"added\": {}}]',20,1),(32,'2021-08-09 15:01:55.131000','1','Название события',2,'[{\"changed\": {\"fields\": [\"\\u0418\\u0437\\u043e\\u0431\\u0440\\u0430\\u0436\\u0435\\u043d\\u0438\\u0435 \\u0434\\u043b\\u044f \\u0441\\u0442\\u0440\\u0430\\u043d\\u0438\\u0446\\u044b \\u043d\\u043e\\u0432\\u043e\\u0441\\u0442\\u0438\"]}}, {\"added\": {\"name\": \"\\u0418\\u0437\\u043e\\u0431\\u0440\\u0430\\u0436\\u0435\\u043d\\u0438\\u0435 \\u0434\\u043b\\u044f \\u043d\\u043e\\u0432\\u043e\\u0441\\u0442\\u0438/\\u0441\\u0442\\u0430\\u0442\\u044c\\u0438\", \"object\": \"1\"}}, {\"added\": {\"name\": \"\\u0418\\u0437\\u043e\\u0431\\u0440\\u0430\\u0436\\u0435\\u043d\\u0438\\u0435 \\u0434\\u043b\\u044f \\u043d\\u043e\\u0432\\u043e\\u0441\\u0442\\u0438/\\u0441\\u0442\\u0430\\u0442\\u044c\\u0438\", \"object\": \"2\"}}, {\"added\": {\"name\": \"\\u0418\\u0437\\u043e\\u0431\\u0440\\u0430\\u0436\\u0435\\u043d\\u0438\\u0435 \\u0434\\u043b\\u044f \\u043d\\u043e\\u0432\\u043e\\u0441\\u0442\\u0438/\\u0441\\u0442\\u0430\\u0442\\u044c\\u0438\", \"object\": \"3\"}}, {\"added\": {\"name\": \"\\u0418\\u0437\\u043e\\u0431\\u0440\\u0430\\u0436\\u0435\\u043d\\u0438\\u0435 \\u0434\\u043b\\u044f \\u043d\\u043e\\u0432\\u043e\\u0441\\u0442\\u0438/\\u0441\\u0442\\u0430\\u0442\\u044c\\u0438\", \"object\": \"4\"}}]',20,1),(33,'2021-08-09 15:03:18.104000','1','Название события',2,'[{\"changed\": {\"fields\": [\"\\u0422\\u0435\\u043a\\u0441\\u0442\"]}}]',20,1),(34,'2021-08-09 15:05:03.364000','1','Название события',2,'[{\"changed\": {\"fields\": [\"\\u0410\\u043d\\u043e\\u043d\\u0441\"]}}]',20,1),(35,'2021-08-09 15:05:44.156000','2','Новость 2',1,'[{\"added\": {}}]',20,1),(36,'2021-08-09 15:05:59.446000','3','Новость 3',1,'[{\"added\": {}}]',20,1),(37,'2021-08-09 15:06:15.045000','4','Новость 4',1,'[{\"added\": {}}]',20,1),(38,'2021-08-09 15:55:58.168000','1','Название события',1,'[{\"added\": {}}]',21,1),(39,'2021-08-09 16:02:05.461000','2','Акция 2',1,'[{\"added\": {}}]',21,1),(40,'2021-08-09 16:02:17.700000','3','Акция 3',1,'[{\"added\": {}}]',21,1),(41,'2021-08-09 16:02:30.215000','4','Акция 4',1,'[{\"added\": {}}]',21,1),(42,'2021-08-09 16:18:54.892000','1','ЛЮДМИЛА ГРОМОВА',1,'[{\"added\": {}}]',22,1),(43,'2021-08-09 16:19:35.010000','2','ВАСИЛИЙ АФОНЬКИН',1,'[{\"added\": {}}]',22,1),(44,'2021-08-09 16:19:59.450000','3','АРТЁМ БИЗЮКОВ',1,'[{\"added\": {}}]',22,1),(45,'2021-08-09 16:40:52.180000','1','BODYSCULPT, POWERCLASS',1,'[{\"added\": {}}]',23,1),(46,'2021-08-09 16:41:14.959000','2','ABS+STRETCH',1,'[{\"added\": {}}]',23,1),(47,'2021-08-09 16:41:40.697000','3','TOTAL CONDITION',1,'[{\"added\": {}}]',23,1),(48,'2021-08-09 16:42:01.015000','4','BIKINI+ABS',1,'[{\"added\": {}}]',23,1),(49,'2021-08-09 16:42:24.388000','5','POWER BALL',1,'[{\"added\": {}}]',23,1),(50,'2021-08-09 16:42:31.148000','2','ABS+STRETCH',2,'[{\"changed\": {\"fields\": [\"\\u0410\\u043d\\u043e\\u043d\\u0441\", \"\\u0422\\u0435\\u043a\\u0441\\u0442\", \"\\u0421\\u0441\\u044b\\u043b\\u043a\\u0430\"]}}]',23,1),(51,'2021-08-09 16:42:38.662000','4','BIKINI+ABS',2,'[{\"changed\": {\"fields\": [\"\\u0410\\u043d\\u043e\\u043d\\u0441\", \"\\u0422\\u0435\\u043a\\u0441\\u0442\", \"\\u0421\\u0441\\u044b\\u043b\\u043a\\u0430\"]}}]',23,1),(52,'2021-08-09 16:50:14.667000','1','BODYSCULPT, POWERCLASS',2,'[{\"changed\": {\"fields\": [\"\\u0410\\u043d\\u043e\\u043d\\u0441\", \"\\u041f\\u0440\\u0438\\u043c\\u0435\\u0447\\u0430\\u043d\\u0438\\u0435\", \"\\u0422\\u0435\\u043a\\u0441\\u0442\"]}}]',23,1),(53,'2021-08-09 16:50:36.911000','2','ABS+STRETCH',2,'[{\"changed\": {\"fields\": [\"\\u0410\\u043d\\u043e\\u043d\\u0441\", \"\\u041f\\u0440\\u0438\\u043c\\u0435\\u0447\\u0430\\u043d\\u0438\\u0435\"]}}]',23,1),(54,'2021-08-09 16:50:59.821000','3','TOTAL CONDITION',2,'[{\"changed\": {\"fields\": [\"\\u0410\\u043d\\u043e\\u043d\\u0441\", \"\\u041f\\u0440\\u0438\\u043c\\u0435\\u0447\\u0430\\u043d\\u0438\\u0435\", \"\\u0422\\u0435\\u043a\\u0441\\u0442\"]}}]',23,1),(55,'2021-08-09 16:51:27.961000','4','BIKINI+ABS',2,'[{\"changed\": {\"fields\": [\"\\u0410\\u043d\\u043e\\u043d\\u0441\", \"\\u041f\\u0440\\u0438\\u043c\\u0435\\u0447\\u0430\\u043d\\u0438\\u0435\"]}}]',23,1),(56,'2021-08-09 16:51:41.123000','5','POWER BALL',2,'[{\"changed\": {\"fields\": [\"\\u0410\\u043d\\u043e\\u043d\\u0441\", \"\\u041f\\u0440\\u0438\\u043c\\u0435\\u0447\\u0430\\u043d\\u0438\\u0435\", \"\\u0422\\u0435\\u043a\\u0441\\u0442\"]}}]',23,1),(57,'2021-08-09 16:59:01.429000','1','BODYSCULPT, POWERCLASS',2,'[{\"changed\": {\"fields\": [\"\\u0422\\u0435\\u043a\\u0441\\u0442\"]}}]',23,1),(58,'2021-08-09 17:55:53.708326','2','itm-admin',1,'[{\"added\": {}}]',2,1),(59,'2021-08-09 17:56:03.657761','2','itm-admin',2,'[{\"changed\": {\"fields\": [\"is_staff\", \"is_superuser\"]}}]',2,1),(60,'2021-08-13 15:38:05.575678','1','Афонькин',2,'[{\"changed\": {\"fields\": [\"title\", \"image_preview\", \"image\"]}}]',22,2),(61,'2021-08-13 15:38:40.393780','2','Бизюков',2,'[{\"changed\": {\"fields\": [\"title\", \"image_preview\", \"image\"]}}]',22,2),(62,'2021-08-13 15:39:00.062571','3','АРТЁМ БИЗЮКОВ',2,'[{\"changed\": {\"fields\": [\"image_preview\", \"image\"]}}]',22,2),(63,'2021-08-13 15:39:34.651116','2','Василий Афонькин',2,'[{\"changed\": {\"fields\": [\"title\", \"image_preview\", \"image\"]}}]',22,2),(64,'2021-08-13 15:39:43.624016','1','Афонькин',3,'',22,2),(65,'2021-08-13 15:40:21.896995','4','Горелова',1,'[{\"added\": {}}]',22,2),(66,'2021-08-13 15:40:52.824669','5','Гридневский',1,'[{\"added\": {}}]',22,2),(67,'2021-08-13 15:41:18.778839','6','Дорогов',1,'[{\"added\": {}}]',22,2),(68,'2021-08-13 15:41:50.725941','7','Карпова',1,'[{\"added\": {}}]',22,2),(69,'2021-08-13 15:42:20.284638','8','Махонин',1,'[{\"added\": {}}]',22,2),(70,'2021-08-13 15:42:47.432371','9','Панкратова',1,'[{\"added\": {}}]',22,2),(71,'2021-08-13 15:43:24.378258','10','Ройтбурд',1,'[{\"added\": {}}]',22,2),(72,'2021-08-13 15:43:54.677144','11','Сараев',1,'[{\"added\": {}}]',22,2),(73,'2021-08-13 15:44:23.219950','12','Сорокин',1,'[{\"added\": {}}]',22,2),(74,'2021-08-13 15:44:53.282716','13','Стрекалов',1,'[{\"added\": {}}]',22,2),(75,'2021-08-13 15:45:16.416697','14','Хоменко',1,'[{\"added\": {}}]',22,2),(76,'2021-08-13 15:47:17.514487','7','Людмила Карпова',2,'[{\"changed\": {\"fields\": [\"title\", \"position\", \"body\"]}}]',22,2),(77,'2021-08-13 15:48:08.211044','9','Юлия Панкратова',2,'[{\"changed\": {\"fields\": [\"title\", \"position\", \"body\"]}}]',22,2),(78,'2021-08-13 15:48:40.541105','13','РУСТАМ СТРЕКАЛОВ',2,'[{\"changed\": {\"fields\": [\"title\", \"position\", \"body\"]}}]',22,2),(79,'2021-08-13 15:48:58.297076','9','ЮЛИЯ ПАНКРАТОВА',2,'[{\"changed\": {\"fields\": [\"title\"]}}]',22,2),(80,'2021-08-13 15:49:24.140977','7','ЛЮДМИЛА КАРПОВА',2,'[{\"changed\": {\"fields\": [\"title\"]}}]',22,2),(81,'2021-08-13 15:50:03.463070','11','НИКОЛАЙ САРАЕВ',2,'[{\"changed\": {\"fields\": [\"title\", \"position\", \"body\"]}}]',22,2),(82,'2021-08-13 15:50:24.851962','6','ГРИГОРИЙ ДОРОГОВ',2,'[{\"changed\": {\"fields\": [\"title\", \"position\", \"body\"]}}]',22,2),(83,'2021-08-13 15:50:47.928969','10','ГАЛИНА РОЙТБУРД',2,'[{\"changed\": {\"fields\": [\"title\", \"position\", \"body\"]}}]',22,2),(84,'2021-08-13 15:51:09.502179','2','ВАСИЛИЙ АФОНЬКИН',2,'[{\"changed\": {\"fields\": [\"title\"]}}]',22,2),(85,'2021-08-13 15:51:32.482681','3','АРТЁМ БИЗЮКОВ',2,'[]',22,2),(86,'2021-08-13 15:51:47.967921','8','АЛЕКСАНДР МАХОНИН',2,'[{\"changed\": {\"fields\": [\"title\", \"position\", \"body\"]}}]',22,2),(87,'2021-08-13 15:52:10.625349','4','ГОРЕЛОВА',2,'[{\"changed\": {\"fields\": [\"title\"]}}]',22,2),(88,'2021-08-13 15:52:48.422170','5','ГРИДНЕВСКИЙ',2,'[{\"changed\": {\"fields\": [\"title\"]}}]',22,2),(89,'2021-08-13 15:52:56.626367','12','СОРОКИН',2,'[{\"changed\": {\"fields\": [\"title\"]}}]',22,2),(90,'2021-08-13 15:53:04.210479','14','ХОМЕНКО',2,'[{\"changed\": {\"fields\": [\"title\"]}}]',22,2),(91,'2021-08-13 15:54:53.379514','9','contacts-address-txt',2,'[{\"changed\": {\"fields\": [\"value\"]}}]',9,2),(92,'2021-08-13 15:55:50.183161','12','contacts-worktime-txt',2,'[{\"changed\": {\"fields\": [\"value\"]}}]',9,2),(93,'2021-08-13 15:57:38.258653','13','contacts-worktime-w-txt',2,'[{\"changed\": {\"fields\": [\"value\"]}}]',9,2),(94,'2021-08-19 13:30:37.048703','5','Открытие фитнес клуба на Новосёлов 53 Д',1,'[{\"added\": {}}, {\"added\": {\"name\": \"\\u0418\\u0437\\u043e\\u0431\\u0440\\u0430\\u0436\\u0435\\u043d\\u0438\\u0435 \\u0434\\u043b\\u044f \\u043d\\u043e\\u0432\\u043e\\u0441\\u0442\\u0438/\\u0441\\u0442\\u0430\\u0442\\u044c\\u0438\", \"object\": \"1\"}}, {\"added\": {\"name\": \"\\u0418\\u0437\\u043e\\u0431\\u0440\\u0430\\u0436\\u0435\\u043d\\u0438\\u0435 \\u0434\\u043b\\u044f \\u043d\\u043e\\u0432\\u043e\\u0441\\u0442\\u0438/\\u0441\\u0442\\u0430\\u0442\\u044c\\u0438\", \"object\": \"2\"}}, {\"added\": {\"name\": \"\\u0418\\u0437\\u043e\\u0431\\u0440\\u0430\\u0436\\u0435\\u043d\\u0438\\u0435 \\u0434\\u043b\\u044f \\u043d\\u043e\\u0432\\u043e\\u0441\\u0442\\u0438/\\u0441\\u0442\\u0430\\u0442\\u044c\\u0438\", \"object\": \"3\"}}]',20,2),(95,'2021-08-19 13:31:32.714138','5','Открытие фитнес клуба на Новосёлов 53 Д',2,'[{\"added\": {\"name\": \"\\u0418\\u0437\\u043e\\u0431\\u0440\\u0430\\u0436\\u0435\\u043d\\u0438\\u0435 \\u0434\\u043b\\u044f \\u043d\\u043e\\u0432\\u043e\\u0441\\u0442\\u0438/\\u0441\\u0442\\u0430\\u0442\\u044c\\u0438\", \"object\": \"4\"}}, {\"added\": {\"name\": \"\\u0418\\u0437\\u043e\\u0431\\u0440\\u0430\\u0436\\u0435\\u043d\\u0438\\u0435 \\u0434\\u043b\\u044f \\u043d\\u043e\\u0432\\u043e\\u0441\\u0442\\u0438/\\u0441\\u0442\\u0430\\u0442\\u044c\\u0438\", \"object\": \"5\"}}, {\"added\": {\"name\": \"\\u0418\\u0437\\u043e\\u0431\\u0440\\u0430\\u0436\\u0435\\u043d\\u0438\\u0435 \\u0434\\u043b\\u044f \\u043d\\u043e\\u0432\\u043e\\u0441\\u0442\\u0438/\\u0441\\u0442\\u0430\\u0442\\u044c\\u0438\", \"object\": \"6\"}}]',20,2),(96,'2021-08-19 13:33:16.992504','5','Открытие фитнес клуба на Новосёлов 53 Д',2,'[{\"added\": {\"object\": \"7\", \"name\": \"\\u0418\\u0437\\u043e\\u0431\\u0440\\u0430\\u0436\\u0435\\u043d\\u0438\\u0435 \\u0434\\u043b\\u044f \\u043d\\u043e\\u0432\\u043e\\u0441\\u0442\\u0438/\\u0441\\u0442\\u0430\\u0442\\u044c\\u0438\"}}, {\"added\": {\"object\": \"8\", \"name\": \"\\u0418\\u0437\\u043e\\u0431\\u0440\\u0430\\u0436\\u0435\\u043d\\u0438\\u0435 \\u0434\\u043b\\u044f \\u043d\\u043e\\u0432\\u043e\\u0441\\u0442\\u0438/\\u0441\\u0442\\u0430\\u0442\\u044c\\u0438\"}}, {\"added\": {\"object\": \"10\", \"name\": \"\\u0418\\u0437\\u043e\\u0431\\u0440\\u0430\\u0436\\u0435\\u043d\\u0438\\u0435 \\u0434\\u043b\\u044f \\u043d\\u043e\\u0432\\u043e\\u0441\\u0442\\u0438/\\u0441\\u0442\\u0430\\u0442\\u044c\\u0438\"}}, {\"changed\": {\"object\": \"55\", \"name\": \"\\u0418\\u0437\\u043e\\u0431\\u0440\\u0430\\u0436\\u0435\\u043d\\u0438\\u0435 \\u0434\\u043b\\u044f \\u043d\\u043e\\u0432\\u043e\\u0441\\u0442\\u0438/\\u0441\\u0442\\u0430\\u0442\\u044c\\u0438\", \"fields\": [\"title\"]}}]',20,2),(97,'2021-08-19 13:34:13.345068','5','Открытие фитнес клуба на Новосёлов 53 Д',2,'[{\"added\": {\"object\": \"11\", \"name\": \"\\u0418\\u0437\\u043e\\u0431\\u0440\\u0430\\u0436\\u0435\\u043d\\u0438\\u0435 \\u0434\\u043b\\u044f \\u043d\\u043e\\u0432\\u043e\\u0441\\u0442\\u0438/\\u0441\\u0442\\u0430\\u0442\\u044c\\u0438\"}}, {\"added\": {\"object\": \"12\", \"name\": \"\\u0418\\u0437\\u043e\\u0431\\u0440\\u0430\\u0436\\u0435\\u043d\\u0438\\u0435 \\u0434\\u043b\\u044f \\u043d\\u043e\\u0432\\u043e\\u0441\\u0442\\u0438/\\u0441\\u0442\\u0430\\u0442\\u044c\\u0438\"}}, {\"added\": {\"object\": \"14\", \"name\": \"\\u0418\\u0437\\u043e\\u0431\\u0440\\u0430\\u0436\\u0435\\u043d\\u0438\\u0435 \\u0434\\u043b\\u044f \\u043d\\u043e\\u0432\\u043e\\u0441\\u0442\\u0438/\\u0441\\u0442\\u0430\\u0442\\u044c\\u0438\"}}]',20,2),(98,'2021-08-19 13:35:01.827086','5','Открытие фитнес клуба на Новосёлов 53 Д',2,'[{\"added\": {\"object\": \"15\", \"name\": \"\\u0418\\u0437\\u043e\\u0431\\u0440\\u0430\\u0436\\u0435\\u043d\\u0438\\u0435 \\u0434\\u043b\\u044f \\u043d\\u043e\\u0432\\u043e\\u0441\\u0442\\u0438/\\u0441\\u0442\\u0430\\u0442\\u044c\\u0438\"}}, {\"added\": {\"object\": \"17\", \"name\": \"\\u0418\\u0437\\u043e\\u0431\\u0440\\u0430\\u0436\\u0435\\u043d\\u0438\\u0435 \\u0434\\u043b\\u044f \\u043d\\u043e\\u0432\\u043e\\u0441\\u0442\\u0438/\\u0441\\u0442\\u0430\\u0442\\u044c\\u0438\"}}, {\"added\": {\"object\": \"20\", \"name\": \"\\u0418\\u0437\\u043e\\u0431\\u0440\\u0430\\u0436\\u0435\\u043d\\u0438\\u0435 \\u0434\\u043b\\u044f \\u043d\\u043e\\u0432\\u043e\\u0441\\u0442\\u0438/\\u0441\\u0442\\u0430\\u0442\\u044c\\u0438\"}}]',20,2),(99,'2021-08-19 13:36:27.314584','5','Открытие фитнес клуба на Новосёлов 53 Д',2,'[{\"added\": {\"name\": \"\\u0418\\u0437\\u043e\\u0431\\u0440\\u0430\\u0436\\u0435\\u043d\\u0438\\u0435 \\u0434\\u043b\\u044f \\u043d\\u043e\\u0432\\u043e\\u0441\\u0442\\u0438/\\u0441\\u0442\\u0430\\u0442\\u044c\\u0438\", \"object\": \"21\"}}, {\"added\": {\"name\": \"\\u0418\\u0437\\u043e\\u0431\\u0440\\u0430\\u0436\\u0435\\u043d\\u0438\\u0435 \\u0434\\u043b\\u044f \\u043d\\u043e\\u0432\\u043e\\u0441\\u0442\\u0438/\\u0441\\u0442\\u0430\\u0442\\u044c\\u0438\", \"object\": \"22\"}}, {\"added\": {\"name\": \"\\u0418\\u0437\\u043e\\u0431\\u0440\\u0430\\u0436\\u0435\\u043d\\u0438\\u0435 \\u0434\\u043b\\u044f \\u043d\\u043e\\u0432\\u043e\\u0441\\u0442\\u0438/\\u0441\\u0442\\u0430\\u0442\\u044c\\u0438\", \"object\": \"24\"}}]',20,2),(100,'2021-08-19 13:37:08.714837','5','Открытие фитнес клуба на Новосёлов 53 Д',2,'[{\"added\": {\"name\": \"\\u0418\\u0437\\u043e\\u0431\\u0440\\u0430\\u0436\\u0435\\u043d\\u0438\\u0435 \\u0434\\u043b\\u044f \\u043d\\u043e\\u0432\\u043e\\u0441\\u0442\\u0438/\\u0441\\u0442\\u0430\\u0442\\u044c\\u0438\", \"object\": \"25\"}}, {\"added\": {\"name\": \"\\u0418\\u0437\\u043e\\u0431\\u0440\\u0430\\u0436\\u0435\\u043d\\u0438\\u0435 \\u0434\\u043b\\u044f \\u043d\\u043e\\u0432\\u043e\\u0441\\u0442\\u0438/\\u0441\\u0442\\u0430\\u0442\\u044c\\u0438\", \"object\": \"31\"}}, {\"added\": {\"name\": \"\\u0418\\u0437\\u043e\\u0431\\u0440\\u0430\\u0436\\u0435\\u043d\\u0438\\u0435 \\u0434\\u043b\\u044f \\u043d\\u043e\\u0432\\u043e\\u0441\\u0442\\u0438/\\u0441\\u0442\\u0430\\u0442\\u044c\\u0438\", \"object\": \"32\"}}]',20,2),(101,'2021-08-19 13:37:37.677185','5','Открытие фитнес клуба на Новосёлов 53 Д',2,'[{\"added\": {\"name\": \"\\u0418\\u0437\\u043e\\u0431\\u0440\\u0430\\u0436\\u0435\\u043d\\u0438\\u0435 \\u0434\\u043b\\u044f \\u043d\\u043e\\u0432\\u043e\\u0441\\u0442\\u0438/\\u0441\\u0442\\u0430\\u0442\\u044c\\u0438\", \"object\": \"33\"}}, {\"added\": {\"name\": \"\\u0418\\u0437\\u043e\\u0431\\u0440\\u0430\\u0436\\u0435\\u043d\\u0438\\u0435 \\u0434\\u043b\\u044f \\u043d\\u043e\\u0432\\u043e\\u0441\\u0442\\u0438/\\u0441\\u0442\\u0430\\u0442\\u044c\\u0438\", \"object\": \"34\"}}, {\"added\": {\"name\": \"\\u0418\\u0437\\u043e\\u0431\\u0440\\u0430\\u0436\\u0435\\u043d\\u0438\\u0435 \\u0434\\u043b\\u044f \\u043d\\u043e\\u0432\\u043e\\u0441\\u0442\\u0438/\\u0441\\u0442\\u0430\\u0442\\u044c\\u0438\", \"object\": \"35\"}}]',20,2),(102,'2021-08-19 13:38:18.641612','5','Открытие фитнес клуба на Новосёлов 53 Д',2,'[{\"added\": {\"name\": \"\\u0418\\u0437\\u043e\\u0431\\u0440\\u0430\\u0436\\u0435\\u043d\\u0438\\u0435 \\u0434\\u043b\\u044f \\u043d\\u043e\\u0432\\u043e\\u0441\\u0442\\u0438/\\u0441\\u0442\\u0430\\u0442\\u044c\\u0438\", \"object\": \"37\"}}, {\"added\": {\"name\": \"\\u0418\\u0437\\u043e\\u0431\\u0440\\u0430\\u0436\\u0435\\u043d\\u0438\\u0435 \\u0434\\u043b\\u044f \\u043d\\u043e\\u0432\\u043e\\u0441\\u0442\\u0438/\\u0441\\u0442\\u0430\\u0442\\u044c\\u0438\", \"object\": \"38\"}}, {\"added\": {\"name\": \"\\u0418\\u0437\\u043e\\u0431\\u0440\\u0430\\u0436\\u0435\\u043d\\u0438\\u0435 \\u0434\\u043b\\u044f \\u043d\\u043e\\u0432\\u043e\\u0441\\u0442\\u0438/\\u0441\\u0442\\u0430\\u0442\\u044c\\u0438\", \"object\": \"45\"}}]',20,2),(103,'2021-08-19 13:47:13.260154','6','ГОНКА ГЕРОЕВ 2021',1,'[{\"added\": {}}, {\"added\": {\"name\": \"\\u0418\\u0437\\u043e\\u0431\\u0440\\u0430\\u0436\\u0435\\u043d\\u0438\\u0435 \\u0434\\u043b\\u044f \\u043d\\u043e\\u0432\\u043e\\u0441\\u0442\\u0438/\\u0441\\u0442\\u0430\\u0442\\u044c\\u0438\", \"object\": \"1\"}}, {\"added\": {\"name\": \"\\u0418\\u0437\\u043e\\u0431\\u0440\\u0430\\u0436\\u0435\\u043d\\u0438\\u0435 \\u0434\\u043b\\u044f \\u043d\\u043e\\u0432\\u043e\\u0441\\u0442\\u0438/\\u0441\\u0442\\u0430\\u0442\\u044c\\u0438\", \"object\": \"2\"}}, {\"added\": {\"name\": \"\\u0418\\u0437\\u043e\\u0431\\u0440\\u0430\\u0436\\u0435\\u043d\\u0438\\u0435 \\u0434\\u043b\\u044f \\u043d\\u043e\\u0432\\u043e\\u0441\\u0442\\u0438/\\u0441\\u0442\\u0430\\u0442\\u044c\\u0438\", \"object\": \"3\"}}]',20,2),(104,'2021-08-19 13:47:39.486144','6','ГОНКА ГЕРОЕВ 2021',2,'[{\"added\": {\"name\": \"\\u0418\\u0437\\u043e\\u0431\\u0440\\u0430\\u0436\\u0435\\u043d\\u0438\\u0435 \\u0434\\u043b\\u044f \\u043d\\u043e\\u0432\\u043e\\u0441\\u0442\\u0438/\\u0441\\u0442\\u0430\\u0442\\u044c\\u0438\", \"object\": \"4\"}}, {\"added\": {\"name\": \"\\u0418\\u0437\\u043e\\u0431\\u0440\\u0430\\u0436\\u0435\\u043d\\u0438\\u0435 \\u0434\\u043b\\u044f \\u043d\\u043e\\u0432\\u043e\\u0441\\u0442\\u0438/\\u0441\\u0442\\u0430\\u0442\\u044c\\u0438\", \"object\": \"5\"}}, {\"added\": {\"name\": \"\\u0418\\u0437\\u043e\\u0431\\u0440\\u0430\\u0436\\u0435\\u043d\\u0438\\u0435 \\u0434\\u043b\\u044f \\u043d\\u043e\\u0432\\u043e\\u0441\\u0442\\u0438/\\u0441\\u0442\\u0430\\u0442\\u044c\\u0438\", \"object\": \"7\"}}]',20,2),(105,'2021-08-19 13:48:08.973565','6','ГОНКА ГЕРОЕВ 2021',2,'[{\"added\": {\"name\": \"\\u0418\\u0437\\u043e\\u0431\\u0440\\u0430\\u0436\\u0435\\u043d\\u0438\\u0435 \\u0434\\u043b\\u044f \\u043d\\u043e\\u0432\\u043e\\u0441\\u0442\\u0438/\\u0441\\u0442\\u0430\\u0442\\u044c\\u0438\", \"object\": \"8\"}}, {\"added\": {\"name\": \"\\u0418\\u0437\\u043e\\u0431\\u0440\\u0430\\u0436\\u0435\\u043d\\u0438\\u0435 \\u0434\\u043b\\u044f \\u043d\\u043e\\u0432\\u043e\\u0441\\u0442\\u0438/\\u0441\\u0442\\u0430\\u0442\\u044c\\u0438\", \"object\": \"10\"}}, {\"added\": {\"name\": \"\\u0418\\u0437\\u043e\\u0431\\u0440\\u0430\\u0436\\u0435\\u043d\\u0438\\u0435 \\u0434\\u043b\\u044f \\u043d\\u043e\\u0432\\u043e\\u0441\\u0442\\u0438/\\u0441\\u0442\\u0430\\u0442\\u044c\\u0438\", \"object\": \"11\"}}]',20,2),(106,'2021-08-19 13:48:32.110065','6','ГОНКА ГЕРОЕВ 2021',2,'[{\"added\": {\"object\": \"12\", \"name\": \"\\u0418\\u0437\\u043e\\u0431\\u0440\\u0430\\u0436\\u0435\\u043d\\u0438\\u0435 \\u0434\\u043b\\u044f \\u043d\\u043e\\u0432\\u043e\\u0441\\u0442\\u0438/\\u0441\\u0442\\u0430\\u0442\\u044c\\u0438\"}}, {\"added\": {\"object\": \"14\", \"name\": \"\\u0418\\u0437\\u043e\\u0431\\u0440\\u0430\\u0436\\u0435\\u043d\\u0438\\u0435 \\u0434\\u043b\\u044f \\u043d\\u043e\\u0432\\u043e\\u0441\\u0442\\u0438/\\u0441\\u0442\\u0430\\u0442\\u044c\\u0438\"}}]',20,2),(107,'2021-08-19 13:49:30.977923','1','Название события',3,'',20,2),(108,'2021-08-19 13:49:35.550176','2','Новость 2',3,'',20,2),(109,'2021-08-19 13:49:40.036569','3','Новость 3',3,'',20,2),(110,'2021-08-19 13:49:46.894973','4','Новость 4',3,'',20,2),(111,'2021-08-19 13:53:39.579240','3','АРТЁМ БИЗЮКОВ',2,'[{\"changed\": {\"fields\": [\"position\", \"body\"]}}]',22,2),(112,'2021-08-19 13:55:21.937000','14','ХОМЕНКО',2,'[{\"changed\": {\"fields\": [\"position\", \"body\"]}}]',22,2),(113,'2021-08-19 13:56:33.072948','8','АЛЕКСАНДР МАХОНИН',2,'[{\"changed\": {\"fields\": [\"position\", \"body\"]}}]',22,2),(114,'2021-08-19 13:57:50.076307','7','ЛЮДМИЛА КАРПОВА',2,'[{\"changed\": {\"fields\": [\"body\"]}}]',22,2),(115,'2021-08-19 13:59:54.372730','13','РУСТАМ СТРЕКАЛОВ',2,'[{\"changed\": {\"fields\": [\"position\", \"body\"]}}]',22,2),(116,'2021-08-19 14:00:41.600536','5','ГРИДНЕВСКИЙ КИРИЛЛ',2,'[{\"changed\": {\"fields\": [\"title\", \"position\", \"body\"]}}]',22,2),(117,'2021-08-19 14:01:43.573687','6','ГРИГОРИЙ ДОРОГОВ',2,'[{\"changed\": {\"fields\": [\"position\", \"body\"]}}]',22,2),(118,'2021-08-19 14:02:21.544879','2','ВАСИЛИЙ АФОНЬКИН',2,'[{\"changed\": {\"fields\": [\"body\"]}}]',22,2),(119,'2021-08-19 14:04:05.002448','11','НИКОЛАЙ САРАЕВ',2,'[{\"changed\": {\"fields\": [\"position\", \"body\"]}}]',22,2),(120,'2021-08-19 14:08:18.009663','9','ЮЛИЯ ПАНКРАТОВА',2,'[{\"changed\": {\"fields\": [\"position\", \"body\"]}}]',22,2),(121,'2021-08-19 14:09:54.100530','4','ГОРЕЛОВА',2,'[{\"changed\": {\"fields\": [\"position\", \"body\"]}}]',22,2),(122,'2021-08-19 14:10:33.782157','10','ГАЛИНА РОЙТБУРД',2,'[{\"changed\": {\"fields\": [\"position\", \"body\"]}}]',22,2),(123,'2021-08-19 14:12:09.818955','14','ХОМЕНКО',2,'[{\"changed\": {\"fields\": [\"body\"]}}]',22,2),(124,'2021-08-19 14:13:08.262702','14','ХОМЕНКО',2,'[{\"changed\": {\"fields\": [\"body\"]}}]',22,2),(125,'2021-08-19 15:17:00.069246','1','Большой зал',1,'[{\"added\": {}}]',30,1),(126,'2021-08-19 15:17:07.296443','2','Малый зал',1,'[{\"added\": {}}]',30,1),(127,'2021-08-19 15:18:30.718720','1','Бассейн',1,'[{\"added\": {}}]',28,1),(128,'2021-08-19 15:18:39.561652','2','BODY&MIND',1,'[{\"added\": {}}]',28,1),(129,'2021-08-19 15:18:51.651087','1','Юлия',1,'[{\"added\": {}}]',27,1),(130,'2021-08-19 15:19:06.705046','2','Анастасия',1,'[{\"added\": {}}]',27,1),(131,'2021-08-19 15:20:40.425912','1','Power class',1,'[{\"added\": {}}]',31,1),(132,'2021-08-19 15:24:57.425609','1','Power class -- Юлия',1,'[{\"added\": {}}]',29,1),(133,'2021-08-19 15:28:44.689971','6','Functional Training',1,'[{\"added\": {}}]',23,2),(134,'2021-08-19 15:34:54.217992','7','Круговая тренировка',1,'[{\"added\": {}}]',23,2),(135,'2021-08-19 15:40:08.122926','1','Большой зал',2,'[{\"changed\": {\"fields\": [\"color\"]}}]',30,1),(136,'2021-08-19 15:40:20.931525','2','Малый зал',2,'[{\"changed\": {\"fields\": [\"color\"]}}]',30,1),(137,'2021-08-19 15:44:40.644115','8','TABATA',1,'[{\"added\": {}}]',23,2),(138,'2021-08-19 15:44:49.991482','2','Aero Yoga',1,'[{\"added\": {}}]',31,1),(139,'2021-08-19 15:44:59.114270','3','Наталья',1,'[{\"added\": {}}]',27,1),(140,'2021-08-19 15:45:14.575969','2','Aero Yoga -- Наталья',1,'[{\"added\": {}}]',29,1),(141,'2021-08-19 15:46:15.065264','9','Power Step',1,'[{\"added\": {}}]',23,2),(142,'2021-08-19 15:53:01.268720','10','Stretch',1,'[{\"added\": {}}]',23,2),(143,'2021-08-19 15:56:17.781828','11','MFR ( МФР) Миофасциальное расслабление',1,'[{\"added\": {}}]',23,2),(144,'2021-08-19 15:58:40.560744','8','TABATA',2,'[{\"changed\": {\"fields\": [\"image_preview\", \"image\"]}}]',23,2),(145,'2021-08-19 16:05:44.744322','12','Pilates',1,'[{\"added\": {}}]',23,2),(146,'2021-08-19 16:05:51.183360','2','Aero Yoga -- Наталья',2,'[{\"changed\": {\"fields\": [\"time\"]}}]',29,1),(147,'2021-08-19 16:05:51.185737','1','Power class -- Юлия',2,'[{\"changed\": {\"fields\": [\"time\"]}}]',29,1),(148,'2021-08-19 16:10:12.387053','13','Yoga',1,'[{\"added\": {}}]',23,2),(149,'2021-08-19 16:17:02.813166','14','Zumba',1,'[{\"added\": {}}]',23,2),(150,'2021-08-19 16:24:04.078140','15','Lady Class',1,'[{\"added\": {}}]',23,2),(151,'2021-08-19 16:30:56.195455','16','Dance Mix',1,'[{\"added\": {}}]',23,2),(152,'2021-08-19 16:35:26.076926','1','8:00',1,'[{\"added\": {}}]',32,1),(153,'2021-08-19 16:35:32.018371','2','9:00',1,'[{\"added\": {}}]',32,1),(154,'2021-08-19 16:35:40.072739','17','Танец живота',1,'[{\"added\": {}}]',23,2),(155,'2021-08-19 16:35:42.712299','3','9:30',1,'[{\"added\": {}}]',32,1),(156,'2021-08-19 16:35:47.409173','4','10:00',1,'[{\"added\": {}}]',32,1),(157,'2021-08-19 16:35:57.932131','5','11:00',1,'[{\"added\": {}}]',32,1),(158,'2021-08-19 16:36:02.200462','6','12:00',1,'[{\"added\": {}}]',32,1),(159,'2021-08-19 16:36:12.275871','7','18:00',1,'[{\"added\": {}}]',32,1),(160,'2021-08-19 16:36:21.105017','8','19:00',1,'[{\"added\": {}}]',32,1),(161,'2021-08-19 16:36:29.019479','9','19:30',1,'[{\"added\": {}}]',32,1),(162,'2021-08-19 16:36:38.845982','10','20:00',1,'[{\"added\": {}}]',32,1),(163,'2021-08-19 16:36:43.019136','11','21:00',1,'[{\"added\": {}}]',32,1),(164,'2021-08-19 16:50:44.195479','18','ABL',1,'[{\"added\": {}}]',23,2),(165,'2021-08-19 16:51:20.390943','2','Aero Yoga -- Наталья',2,'[{\"changed\": {\"fields\": [\"time\"]}}]',29,1),(166,'2021-08-19 16:51:20.393454','1','Power class -- Юлия',2,'[{\"changed\": {\"fields\": [\"time\"]}}]',29,1),(167,'2021-08-19 16:53:16.533890','4','Юлия Г.',1,'[{\"added\": {}}]',27,1),(168,'2021-08-19 16:53:29.522205','5','Роман',1,'[{\"added\": {}}]',27,1),(169,'2021-08-19 16:53:37.690029','6','Денис',1,'[{\"added\": {}}]',27,1),(170,'2021-08-19 16:53:47.957062','7','Алексей',1,'[{\"added\": {}}]',27,1),(171,'2021-08-19 16:54:07.978263','8','Галина',1,'[{\"added\": {}}]',27,1),(172,'2021-08-19 16:54:15.144805','9','Игорь',1,'[{\"added\": {}}]',27,1),(173,'2021-08-19 16:55:57.831118','2','Силовые программы',2,'[{\"changed\": {\"fields\": [\"title\"]}}]',28,1),(174,'2021-08-19 16:56:54.037731','1','BODY&MIND',2,'[{\"changed\": {\"fields\": [\"title\"]}}]',28,1),(175,'2021-08-19 16:57:03.867871','2','Aero Yoga',2,'[{\"changed\": {\"fields\": [\"direction\"]}}]',31,1),(176,'2021-08-19 17:36:11.238457','3','Ринг',1,'[{\"added\": {}}]',30,1),(177,'2021-08-19 17:36:23.309330','4','Сбор у клуба',1,'[{\"added\": {}}]',30,1),(178,'2021-08-20 14:35:52.428099','2','Aero Yoga -- Наталья',2,'[{\"changed\": {\"fields\": [\"time\"]}}]',29,1),(179,'2021-08-20 14:36:49.953857','1','Power class -- Юлия',2,'[{\"changed\": {\"fields\": [\"hall\", \"date\", \"time\"]}}]',29,1),(180,'2021-08-20 14:37:46.036537','3','Outdoor Yoga',1,'[{\"added\": {}}]',31,1),(181,'2021-08-20 14:38:02.524449','3','Outdoor Yoga -- Юлия',1,'[{\"added\": {}}]',29,1),(182,'2021-08-20 15:43:11.703725','3','Единоборство',1,'[{\"added\": {}}]',28,1),(183,'2021-08-20 15:43:13.808291','4','Бокс',1,'[{\"added\": {}}]',31,1),(184,'2021-08-20 15:43:36.206283','4','Бокс -- Игорь',1,'[{\"added\": {}}]',29,1),(185,'2021-08-20 15:47:16.426502','4','Бокс -- Игорь',2,'[{\"changed\": {\"fields\": [\"date\", \"time\"]}}]',29,1),(186,'2021-08-20 15:47:37.053037','3','Outdoor Yoga -- Юлия',2,'[{\"changed\": {\"fields\": [\"date\", \"time\"]}}]',29,1),(187,'2021-08-20 15:51:58.366329','4','Бокс -- Игорь',2,'[{\"changed\": {\"fields\": [\"date\", \"time\"]}}]',29,1),(188,'2021-08-20 15:52:07.291266','3','Outdoor Yoga -- Юлия',2,'[{\"changed\": {\"fields\": [\"date\", \"time\"]}}]',29,1),(189,'2021-08-20 15:53:05.131223','5','Бокс -- Игорь',1,'[{\"added\": {}}]',29,1),(190,'2021-08-20 15:54:50.732358','3','Ринг',2,'[{\"changed\": {\"fields\": [\"color\"]}}]',30,1),(191,'2021-08-20 15:55:00.926343','4','Сбор у клуба',2,'[{\"changed\": {\"fields\": [\"color\"]}}]',30,1),(192,'2021-08-20 16:03:36.103243','5','Открытие фитнес клуба на Новосёлов 53 Д',2,'[{\"changed\": {\"fields\": [\"announcement\"]}}]',20,1),(193,'2021-08-20 17:14:05.211109','5','Yoga',1,'[{\"added\": {}}]',31,1),(194,'2021-08-20 17:14:27.421069','4','Yoga -- Юлия',2,'[{\"changed\": {\"fields\": [\"classes\", \"instructor\", \"hall\", \"time\"]}}]',29,1),(195,'2021-08-20 17:14:52.192536','3','Power class -- Юлия',2,'[{\"changed\": {\"fields\": [\"classes\", \"hall\", \"date\", \"time\"]}}]',29,1),(196,'2021-08-20 17:15:11.039921','6','Круговая тренировка',1,'[{\"added\": {}}]',31,1),(197,'2021-08-20 17:15:44.368993','5','Круговая тренировка -- Юлия',2,'[{\"changed\": {\"fields\": [\"classes\", \"instructor\", \"hall\", \"date\", \"time\"]}}]',29,1),(198,'2021-08-20 17:16:08.723949','7','Танец живота',1,'[{\"added\": {}}]',31,1),(199,'2021-08-20 17:16:28.129272','6','Танец живота -- Галина',1,'[{\"added\": {}}]',29,1),(200,'2021-08-20 17:16:45.889979','7','Бокс -- Игорь',1,'[{\"added\": {}}]',29,1),(201,'2021-08-20 17:17:11.527299','8','Yoga -- Юлия',1,'[{\"added\": {}}]',29,1),(202,'2021-08-20 17:17:36.323461','8','Stretch',1,'[{\"added\": {}}]',31,1),(203,'2021-08-20 17:18:04.644214','8','Stretch',2,'[{\"changed\": {\"fields\": [\"direction\"]}}]',31,1),(204,'2021-08-20 17:18:22.282144','9','Stretch -- Галина',1,'[{\"added\": {}}]',29,1),(205,'2021-08-20 17:19:23.793427','10','Круговая тренировка -- Анастасия',1,'[{\"added\": {}}]',29,1),(206,'2021-08-20 17:19:46.636612','11','Stretch -- Анастасия',1,'[{\"added\": {}}]',29,1),(207,'2021-08-20 17:20:10.063448','12','Aero Yoga -- Наталья',1,'[{\"added\": {}}]',29,1),(208,'2021-08-20 17:20:59.006182','9','Power step',1,'[{\"added\": {}}]',31,1),(209,'2021-08-20 17:21:12.975356','13','Power step -- Денис',1,'[{\"added\": {}}]',29,1),(210,'2021-08-20 17:22:20.053175','4','Функциональные программы',1,'[{\"added\": {}}]',28,1),(211,'2021-08-20 17:22:25.370917','10','Functional training',1,'[{\"added\": {}}]',31,1),(212,'2021-08-20 17:22:50.908363','14','Functional training -- Денис',1,'[{\"added\": {}}]',29,1),(213,'2021-08-20 17:24:51.910864','11','Pilates',1,'[{\"added\": {}}]',31,1),(214,'2021-08-20 17:25:12.354229','15','Pilates -- Наталья',1,'[{\"added\": {}}]',29,1),(215,'2021-08-20 17:25:28.251772','12','Хатха Йога',1,'[{\"added\": {}}]',31,1),(216,'2021-08-20 17:25:43.228043','16','Хатха Йога -- Алексей',1,'[{\"added\": {}}]',29,1),(217,'2021-08-20 17:26:09.535450','13','Abs+Stretch',1,'[{\"added\": {}}]',31,1),(218,'2021-08-20 17:26:21.731675','17','Abs+Stretch -- Наталья',1,'[{\"added\": {}}]',29,1),(219,'2021-08-20 17:27:29.666726','18','Aero Yoga -- Наталья',1,'[{\"added\": {}}]',29,1),(220,'2021-08-20 17:27:52.859372','19','Abs+Stretch -- Анастасия',1,'[{\"added\": {}}]',29,1),(221,'2021-08-20 17:28:15.652000','20','Yoga -- Наталья',1,'[{\"added\": {}}]',29,1),(222,'2021-08-20 17:29:06.430892','14','ABL',1,'[{\"added\": {}}]',31,1),(223,'2021-08-20 17:29:24.372417','21','ABL -- Юлия',1,'[{\"added\": {}}]',29,1),(224,'2021-08-20 17:31:45.900582','22','Круговая тренировка -- Юлия',1,'[{\"added\": {}}]',29,1),(225,'2021-08-20 17:33:43.829225','5','Танцевальные направления',1,'[{\"added\": {}}]',28,1),(226,'2021-08-20 17:33:46.871577','15','Lady class',1,'[{\"added\": {}}]',31,1),(227,'2021-08-20 17:34:00.646216','23','Lady class -- Галина',1,'[{\"added\": {}}]',29,1),(228,'2021-08-20 17:34:17.419942','24','Бокс -- Игорь',1,'[{\"added\": {}}]',29,1),(229,'2021-08-20 17:34:44.046566','25','Yoga -- Юлия',1,'[{\"added\": {}}]',29,1),(230,'2021-08-20 17:35:09.074064','26','Stretch -- Галина',1,'[{\"added\": {}}]',29,1),(231,'2021-08-20 18:17:32.849016','27','Functional training -- Анастасия',1,'[{\"added\": {}}]',29,1),(232,'2021-08-20 18:17:59.889453','16','Здоровая спина+MFR',1,'[{\"added\": {}}]',31,1),(233,'2021-08-20 18:18:15.820571','28','Здоровая спина+MFR -- Анастасия',1,'[{\"added\": {}}]',29,1),(234,'2021-08-20 18:18:40.578014','29','Aero Yoga -- Наталья',1,'[{\"added\": {}}]',29,1),(235,'2021-08-20 18:19:09.612316','17','Tabata',1,'[{\"added\": {}}]',31,1),(236,'2021-08-20 18:19:25.777871','30','Tabata -- Денис',1,'[{\"added\": {}}]',29,1),(237,'2021-08-20 18:19:47.399666','31','Power class -- Денис',1,'[{\"added\": {}}]',29,1),(238,'2021-08-20 18:20:11.651225','18','Zumba',1,'[{\"added\": {}}]',31,1),(239,'2021-08-20 18:20:25.308686','32','Zumba -- Юлия Г.',1,'[{\"added\": {}}]',29,1),(240,'2021-08-20 18:20:49.131841','33','Хатха Йога -- Алексей',1,'[{\"added\": {}}]',29,1),(241,'2021-08-20 18:21:15.620099','19','MFR+Stretch',1,'[{\"added\": {}}]',31,1),(242,'2021-08-20 18:21:28.381214','34','MFR+Stretch -- Денис',1,'[{\"added\": {}}]',29,1),(243,'2021-08-20 18:22:56.199922','35','Power class -- Юлия Г.',1,'[{\"added\": {}}]',29,1),(244,'2021-08-20 18:23:17.906088','36','Pilates -- Юлия Г.',1,'[{\"added\": {}}]',29,1),(245,'2021-08-20 18:23:46.604158','37','Круговая тренировка -- Наталья',1,'[{\"added\": {}}]',29,1),(246,'2021-08-20 18:24:37.792240','38','Круговая тренировка -- Наталья',1,'[{\"added\": {}}]',29,1),(247,'2021-08-20 18:25:07.112336','38','Yoga -- Наталья',2,'[{\"changed\": {\"fields\": [\"classes\", \"time\"]}}]',29,1),(248,'2021-08-20 18:25:41.192987','20','Dance Mix',1,'[{\"added\": {}}]',31,1),(249,'2021-08-20 18:25:52.948422','39','Dance Mix -- Галина',1,'[{\"added\": {}}]',29,1),(250,'2021-08-20 18:26:10.912499','40','Бокс -- Игорь',1,'[{\"added\": {}}]',29,1),(251,'2021-08-20 18:26:29.496569','41','Stretch -- Галина',1,'[{\"added\": {}}]',29,1),(252,'2021-08-20 18:27:27.576522','42','Outdoor Yoga -- Юлия',1,'[{\"added\": {}}]',29,1),(253,'2021-08-20 18:28:21.307912','21','Mobility',1,'[{\"added\": {}}]',31,1),(254,'2021-08-20 18:28:38.506478','43','Mobility -- Анастасия',1,'[{\"added\": {}}]',29,1),(255,'2021-08-20 18:29:00.417257','22','Yoga терапия',1,'[{\"added\": {}}]',31,1),(256,'2021-08-20 18:29:14.348538','44','Yoga терапия -- Юлия',1,'[{\"added\": {}}]',29,1),(257,'2021-08-20 18:29:36.455383','45','Tabata -- Денис',1,'[{\"added\": {}}]',29,1),(258,'2021-08-20 18:30:03.031205','46','Хатха Йога -- Алексей',1,'[{\"added\": {}}]',29,1),(259,'2021-08-20 18:30:38.317102','47','MFR+Stretch -- Денис',1,'[{\"added\": {}}]',29,1),(260,'2021-08-20 18:31:30.665313','48','Aero Yoga -- Роман',1,'[{\"added\": {}}]',29,1),(261,'2021-08-20 18:31:53.721106','49','Zumba -- Юлия Г.',1,'[{\"added\": {}}]',29,1),(262,'2021-08-20 18:32:15.313006','50','Круговая тренировка -- Анастасия',1,'[{\"added\": {}}]',29,1),(263,'2021-08-20 18:32:40.502906','51','ABL -- Юлия Г.',1,'[{\"added\": {}}]',29,1),(264,'2021-08-20 18:33:01.034998','52','Stretch -- Анастасия',1,'[{\"added\": {}}]',29,1),(265,'2021-08-20 18:33:47.889878','53','Aero Yoga -- Наталья',1,'[{\"added\": {}}]',29,1),(266,'2021-08-20 18:43:10.930967','12','Хатха Йога (1,5 часа)',2,'[{\"changed\": {\"fields\": [\"title\"]}}]',31,1),(267,'2021-08-24 12:08:21.337734','54','ABL -- Юлия Г.',1,'[{\"added\": {}}]',29,2),(268,'2021-08-24 12:13:06.392001','53','Aero Yoga -- Наталья',3,'',29,2),(269,'2021-08-27 13:40:32.362921','2','87777777777',3,'',33,1),(270,'2021-08-27 13:40:32.364275','1','89999999999',3,'',33,1),(271,'2021-08-27 13:41:39.913724','1','Instagram',2,'[{\"changed\": {\"fields\": [\"link\"]}}]',18,1),(272,'2021-08-27 13:41:51.345139','2','ВКонтакте',2,'[{\"changed\": {\"fields\": [\"link\"]}}]',18,1),(273,'2021-08-27 13:42:51.253486','3','@',2,'[{\"changed\": {\"fields\": [\"link\"]}}]',18,1),(274,'2021-08-27 13:44:19.355920','6','footer-content',2,'[{\"changed\": {\"fields\": [\"value\"]}}]',9,1),(275,'2021-08-27 14:02:46.952039','7','development',2,'[{\"changed\": {\"fields\": [\"value\"]}}]',9,1),(276,'2021-08-27 14:03:11.353496','7','development',2,'[{\"changed\": {\"fields\": [\"value\"]}}]',9,1),(277,'2021-08-27 14:10:31.758825','2','Aero Yoga -- Наталья',2,'[{\"changed\": {\"fields\": [\"date\"]}}]',29,1),(278,'2021-08-27 14:10:31.761050','1','Power class -- Юлия',2,'[{\"changed\": {\"fields\": [\"date\"]}}]',29,1),(279,'2021-08-27 14:10:31.762848','4','Yoga -- Юлия',2,'[{\"changed\": {\"fields\": [\"date\"]}}]',29,1),(280,'2021-08-27 14:10:31.764621','3','Power class -- Юлия',2,'[{\"changed\": {\"fields\": [\"date\"]}}]',29,1),(281,'2021-08-27 14:10:31.766310','5','Круговая тренировка -- Юлия',2,'[{\"changed\": {\"fields\": [\"date\"]}}]',29,1),(282,'2021-08-27 14:10:31.768056','6','Танец живота -- Галина',2,'[{\"changed\": {\"fields\": [\"date\"]}}]',29,1),(283,'2021-08-27 14:10:31.769727','7','Бокс -- Игорь',2,'[{\"changed\": {\"fields\": [\"date\"]}}]',29,1),(284,'2021-08-27 14:10:31.771425','8','Yoga -- Юлия',2,'[{\"changed\": {\"fields\": [\"date\"]}}]',29,1),(285,'2021-08-27 14:10:31.775053','9','Stretch -- Галина',2,'[{\"changed\": {\"fields\": [\"date\"]}}]',29,1),(286,'2021-08-27 14:10:31.776776','10','Круговая тренировка -- Анастасия',2,'[{\"changed\": {\"fields\": [\"date\"]}}]',29,1),(287,'2021-08-27 14:10:31.778472','11','Stretch -- Анастасия',2,'[{\"changed\": {\"fields\": [\"date\"]}}]',29,1),(288,'2021-08-27 14:10:31.780217','12','Aero Yoga -- Наталья',2,'[{\"changed\": {\"fields\": [\"date\"]}}]',29,1),(289,'2021-08-27 14:10:31.781875','13','Power step -- Денис',2,'[{\"changed\": {\"fields\": [\"date\"]}}]',29,1),(290,'2021-08-27 14:10:31.783684','14','Functional training -- Денис',2,'[{\"changed\": {\"fields\": [\"date\"]}}]',29,1),(291,'2021-08-27 14:10:31.785416','15','Pilates -- Наталья',2,'[{\"changed\": {\"fields\": [\"date\"]}}]',29,1),(292,'2021-08-27 14:10:31.787140','16','Хатха Йога (1,5 часа) -- Алексей',2,'[{\"changed\": {\"fields\": [\"date\"]}}]',29,1),(293,'2021-08-27 14:10:31.788838','17','Abs+Stretch -- Наталья',2,'[{\"changed\": {\"fields\": [\"date\"]}}]',29,1),(294,'2021-08-27 14:10:31.790555','18','Aero Yoga -- Наталья',2,'[{\"changed\": {\"fields\": [\"date\"]}}]',29,1),(295,'2021-08-27 14:10:31.792217','19','Abs+Stretch -- Анастасия',2,'[{\"changed\": {\"fields\": [\"date\"]}}]',29,1),(296,'2021-08-27 14:10:31.793932','20','Yoga -- Наталья',2,'[{\"changed\": {\"fields\": [\"date\"]}}]',29,1),(297,'2021-08-27 14:10:31.795624','21','ABL -- Юлия',2,'[{\"changed\": {\"fields\": [\"date\"]}}]',29,1),(298,'2021-08-27 14:10:31.797302','22','Круговая тренировка -- Юлия',2,'[{\"changed\": {\"fields\": [\"date\"]}}]',29,1),(299,'2021-08-27 14:10:31.799010','23','Lady class -- Галина',2,'[{\"changed\": {\"fields\": [\"date\"]}}]',29,1),(300,'2021-08-27 14:10:31.800834','24','Бокс -- Игорь',2,'[{\"changed\": {\"fields\": [\"date\"]}}]',29,1),(301,'2021-08-27 14:10:31.802576','25','Yoga -- Юлия',2,'[{\"changed\": {\"fields\": [\"date\"]}}]',29,1),(302,'2021-08-27 14:10:31.804284','26','Stretch -- Галина',2,'[{\"changed\": {\"fields\": [\"date\"]}}]',29,1),(303,'2021-08-27 14:10:31.806037','27','Functional training -- Анастасия',2,'[{\"changed\": {\"fields\": [\"date\"]}}]',29,1),(304,'2021-08-27 14:10:31.807767','28','Здоровая спина+MFR -- Анастасия',2,'[{\"changed\": {\"fields\": [\"date\"]}}]',29,1),(305,'2021-08-27 14:10:31.809428','29','Aero Yoga -- Наталья',2,'[{\"changed\": {\"fields\": [\"date\"]}}]',29,1),(306,'2021-08-27 14:10:31.811115','30','Tabata -- Денис',2,'[{\"changed\": {\"fields\": [\"date\"]}}]',29,1),(307,'2021-08-27 14:10:31.812822','31','Power class -- Денис',2,'[{\"changed\": {\"fields\": [\"date\"]}}]',29,1),(308,'2021-08-27 14:10:31.814543','32','Zumba -- Юлия Г.',2,'[{\"changed\": {\"fields\": [\"date\"]}}]',29,1),(309,'2021-08-27 14:10:31.816169','33','Хатха Йога (1,5 часа) -- Алексей',2,'[{\"changed\": {\"fields\": [\"date\"]}}]',29,1),(310,'2021-08-27 14:10:31.817817','34','MFR+Stretch -- Денис',2,'[{\"changed\": {\"fields\": [\"date\"]}}]',29,1),(311,'2021-08-27 14:10:31.819429','35','Power class -- Юлия Г.',2,'[{\"changed\": {\"fields\": [\"date\"]}}]',29,1),(312,'2021-08-27 14:10:31.821077','36','Pilates -- Юлия Г.',2,'[{\"changed\": {\"fields\": [\"date\"]}}]',29,1),(313,'2021-08-27 14:10:31.822723','37','Круговая тренировка -- Наталья',2,'[{\"changed\": {\"fields\": [\"date\"]}}]',29,1),(314,'2021-08-27 14:10:31.824423','38','Yoga -- Наталья',2,'[{\"changed\": {\"fields\": [\"date\"]}}]',29,1),(315,'2021-08-27 14:10:31.826094','39','Dance Mix -- Галина',2,'[{\"changed\": {\"fields\": [\"date\"]}}]',29,1),(316,'2021-08-27 14:10:31.827730','40','Бокс -- Игорь',2,'[{\"changed\": {\"fields\": [\"date\"]}}]',29,1),(317,'2021-08-27 14:10:31.829350','41','Stretch -- Галина',2,'[{\"changed\": {\"fields\": [\"date\"]}}]',29,1),(318,'2021-08-27 14:10:31.830996','54','ABL -- Юлия Г.',2,'[{\"changed\": {\"fields\": [\"date\"]}}]',29,1),(319,'2021-08-27 14:10:31.832674','42','Outdoor Yoga -- Юлия',2,'[{\"changed\": {\"fields\": [\"date\"]}}]',29,1),(320,'2021-08-27 14:10:31.834318','43','Mobility -- Анастасия',2,'[{\"changed\": {\"fields\": [\"date\"]}}]',29,1),(321,'2021-08-27 14:10:31.835967','44','Yoga терапия -- Юлия',2,'[{\"changed\": {\"fields\": [\"date\"]}}]',29,1),(322,'2021-08-27 14:10:31.837618','45','Tabata -- Денис',2,'[{\"changed\": {\"fields\": [\"date\"]}}]',29,1),(323,'2021-08-27 14:10:31.839280','46','Хатха Йога (1,5 часа) -- Алексей',2,'[{\"changed\": {\"fields\": [\"date\"]}}]',29,1),(324,'2021-08-27 14:10:31.840929','47','MFR+Stretch -- Денис',2,'[{\"changed\": {\"fields\": [\"date\"]}}]',29,1),(325,'2021-08-27 14:10:31.842571','48','Aero Yoga -- Роман',2,'[{\"changed\": {\"fields\": [\"date\"]}}]',29,1),(326,'2021-08-27 14:10:31.844203','49','Zumba -- Юлия Г.',2,'[{\"changed\": {\"fields\": [\"date\"]}}]',29,1),(327,'2021-08-27 14:10:31.845832','50','Круговая тренировка -- Анастасия',2,'[{\"changed\": {\"fields\": [\"date\"]}}]',29,1),(328,'2021-08-27 14:10:31.847476','51','ABL -- Юлия Г.',2,'[{\"changed\": {\"fields\": [\"date\"]}}]',29,1),(329,'2021-08-27 14:10:31.849111','52','Stretch -- Анастасия',2,'[{\"changed\": {\"fields\": [\"date\"]}}]',29,1),(330,'2021-08-27 14:26:27.762265','5','Открытие фитнес клуба на Новосёлов 53 Д',2,'[]',20,1),(331,'2021-08-27 14:27:28.224069','5','Открытие фитнес клуба на Новосёлов 53 Д',2,'[]',20,1),(332,'2021-08-27 14:28:13.441684','5','Открытие фитнес клуба на Новосёлов 53 Д',2,'[]',20,1),(333,'2021-08-27 14:29:38.859469','4','Акция 4',2,'[{\"changed\": {\"fields\": [\"publicated\"]}}]',21,1),(334,'2021-08-27 14:29:45.029841','3','Акция 3',2,'[{\"changed\": {\"fields\": [\"publicated\"]}}]',21,1),(335,'2021-08-27 14:29:50.999000','2','Акция 2',2,'[{\"changed\": {\"fields\": [\"publicated\"]}}]',21,1),(336,'2021-08-27 14:36:55.763011','3','АРТЁМ БИЗЮКОВ',2,'[{\"changed\": {\"fields\": [\"position\", \"body\"]}}]',22,1),(337,'2021-08-27 15:03:49.503588','4','ГОРЕЛОВА',2,'[{\"changed\": {\"fields\": [\"body\"]}}]',22,1),(338,'2021-08-27 15:10:21.700824','4','ЮЛИЯ ГОРЕЛОВА',2,'[{\"changed\": {\"fields\": [\"title\", \"slug\"]}}]',22,1),(339,'2021-08-27 15:11:12.717796','5','КИРИЛЛ ГРИДНЕВСКИЙ',2,'[{\"changed\": {\"fields\": [\"title\", \"slug\"]}}]',22,1),(340,'2021-08-27 15:11:45.563247','5','КИРИЛЛ ГРИДНЕВСКИЙ',2,'[{\"changed\": {\"fields\": [\"body\"]}}]',22,1),(341,'2021-08-27 15:12:20.109436','6','ГРИГОРИЙ ДОРОГОВ',2,'[{\"changed\": {\"fields\": [\"slug\"]}}]',22,1),(342,'2021-08-27 15:13:21.133674','6','ГРИГОРИЙ ДОРОГОВ',2,'[{\"changed\": {\"fields\": [\"body\"]}}]',22,1),(343,'2021-08-27 15:13:54.095917','7','ЛЮДМИЛА КАРПОВА',2,'[{\"changed\": {\"fields\": [\"slug\"]}}]',22,1),(344,'2021-08-27 15:14:45.289690','3','АРТЁМ БИЗЮКОВ',2,'[{\"changed\": {\"fields\": [\"position\"]}}]',22,1),(345,'2021-08-27 15:15:49.543082','7','ЛЮДМИЛА КАРПОВА',2,'[{\"changed\": {\"fields\": [\"body\"]}}]',22,1),(346,'2021-08-27 15:16:23.117622','8','АЛЕКСАНДР МАХОНИН',2,'[{\"changed\": {\"fields\": [\"slug\"]}}]',22,1),(347,'2021-08-27 15:16:56.364440','8','АЛЕКСАНДР МАХОНИН',2,'[{\"changed\": {\"fields\": [\"body\"]}}]',22,1),(348,'2021-08-27 15:17:23.150032','9','ЮЛИЯ ПАНКРАТОВА',2,'[{\"changed\": {\"fields\": [\"slug\"]}}]',22,1),(349,'2021-08-27 15:21:36.568138','9','ЮЛИЯ ПАНКРАТОВА',2,'[{\"changed\": {\"fields\": [\"body\"]}}]',22,1),(350,'2021-08-27 15:22:16.913117','10','ГАЛИНА РОЙТБУРД',2,'[{\"changed\": {\"fields\": [\"slug\"]}}]',22,1),(351,'2021-08-27 15:23:47.919540','10','ГАЛИНА РОЙТБУРД',2,'[{\"changed\": {\"fields\": [\"body\"]}}]',22,1),(352,'2021-08-27 15:24:24.626479','11','НИКОЛАЙ САРАЕВ',2,'[{\"changed\": {\"fields\": [\"slug\"]}}]',22,1),(353,'2021-08-27 15:25:01.846190','11','НИКОЛАЙ САРАЕВ',2,'[{\"changed\": {\"fields\": [\"body\"]}}]',22,1),(354,'2021-08-27 15:31:23.775896','12','НИКИТА СОРОКИН',2,'[{\"changed\": {\"fields\": [\"title\", \"body\", \"slug\"]}}]',22,1),(355,'2021-08-27 15:33:17.495815','12','НИКИТА СОРОКИН',2,'[{\"changed\": {\"fields\": [\"position\", \"body\"]}}]',22,1),(356,'2021-08-27 15:34:19.541810','12','НИКИТА СОРОКИН',2,'[{\"changed\": {\"fields\": [\"position\", \"body\"]}}]',22,1),(357,'2021-08-27 15:34:35.979335','13','РУСТАМ СТРЕКАЛОВ',2,'[{\"changed\": {\"fields\": [\"slug\"]}}]',22,1),(358,'2021-08-27 15:35:33.889058','13','РУСТАМ СТРЕКАЛОВ',2,'[{\"changed\": {\"fields\": [\"position\", \"body\"]}}]',22,1),(359,'2021-08-27 15:35:59.059771','8','АЛЕКСАНДР МАХОНИН',2,'[{\"changed\": {\"fields\": [\"position\"]}}]',22,1),(360,'2021-08-27 15:39:20.699608','14','ХОМЕНКО',2,'[{\"changed\": {\"fields\": [\"body\"]}}]',22,1),(361,'2021-08-27 16:14:40.537245','1','ВСЁ ЛУЧШЕЕ ДЕТЯМ!',2,'[{\"changed\": {\"fields\": [\"title\", \"announcement\", \"body\", \"image_preview\", \"image\"]}}]',21,2),(362,'2021-08-27 16:16:26.279322','5','1 сентября 2021 года открывает свои двери Школа фитнеса «Эволюция».',1,'[{\"added\": {}}]',21,2),(363,'2021-08-27 16:17:11.028304','5','1 сентября открывает свои двери Школа фитнеса «Эволюция».',2,'[{\"changed\": {\"fields\": [\"title\"]}}]',21,2),(364,'2021-08-27 16:19:28.766614','7','1 сентября года открывает свои двери Школа фитнеса «Эволюция».',1,'[{\"added\": {}}]',20,2),(365,'2021-08-27 16:20:31.394187','5','1 сентября открывает свои двери Школа фитнеса «Эволюция».',3,'',21,2),(366,'2021-08-27 16:21:28.602016','14','АНАСТАСИЯ ХОМЕНКО',2,'[{\"changed\": {\"fields\": [\"title\", \"slug\"]}}]',22,1),(367,'2021-08-31 12:16:23.960045','2','Новый фитнес-клуб Эволюция!',2,'[{\"changed\": {\"fields\": [\"subtitle\"]}}]',16,1),(368,'2021-08-31 12:21:02.420245','7','1 сентября года открывает свои двери Школа фитнеса «Эволюция»',2,'[{\"changed\": {\"fields\": [\"title\", \"announcement\", \"body\"]}}]',20,1),(369,'2021-08-31 12:31:39.095735','7','1 сентября года открывает свои двери Школа фитнеса «Эволюция»',2,'[{\"changed\": {\"fields\": [\"body\"]}}]',20,1),(370,'2021-09-11 12:11:41.400757','6','+ 3 месяца в подарок',1,'[{\"added\": {}}]',21,2),(371,'2021-09-15 16:42:34.430321','2','Aero Yoga -- Наталья',2,'[{\"changed\": {\"fields\": [\"date\"]}}]',29,1),(372,'2021-09-15 16:42:34.433143','1','Power class -- Юлия',2,'[{\"changed\": {\"fields\": [\"date\"]}}]',29,1),(373,'2021-09-15 16:42:34.434958','4','Yoga -- Юлия',2,'[{\"changed\": {\"fields\": [\"date\"]}}]',29,1),(374,'2021-09-15 16:42:34.436773','3','Power class -- Юлия',2,'[{\"changed\": {\"fields\": [\"date\"]}}]',29,1),(375,'2021-09-15 16:42:34.438537','5','Круговая тренировка -- Юлия',2,'[{\"changed\": {\"fields\": [\"date\"]}}]',29,1),(376,'2021-09-15 16:42:34.440283','6','Танец живота -- Галина',2,'[{\"changed\": {\"fields\": [\"date\"]}}]',29,1),(377,'2021-09-15 16:42:34.442005','7','Бокс -- Игорь',2,'[{\"changed\": {\"fields\": [\"date\"]}}]',29,1),(378,'2021-09-15 16:42:34.443930','8','Yoga -- Юлия',2,'[{\"changed\": {\"fields\": [\"date\"]}}]',29,1),(379,'2021-09-15 16:42:34.445744','9','Stretch -- Галина',2,'[{\"changed\": {\"fields\": [\"date\"]}}]',29,1),(380,'2021-09-15 16:43:03.450842','10','Круговая тренировка -- Анастасия',2,'[{\"changed\": {\"fields\": [\"date\"]}}]',29,1),(381,'2021-09-15 16:43:03.453091','11','Stretch -- Анастасия',2,'[{\"changed\": {\"fields\": [\"date\"]}}]',29,1),(382,'2021-09-15 16:43:03.454955','12','Aero Yoga -- Наталья',2,'[{\"changed\": {\"fields\": [\"date\"]}}]',29,1),(383,'2021-09-15 16:43:03.456827','13','Power step -- Денис',2,'[{\"changed\": {\"fields\": [\"date\"]}}]',29,1),(384,'2021-09-15 16:43:03.458691','14','Functional training -- Денис',2,'[{\"changed\": {\"fields\": [\"date\"]}}]',29,1),(385,'2021-09-15 16:43:03.460473','15','Pilates -- Наталья',2,'[{\"changed\": {\"fields\": [\"date\"]}}]',29,1),(386,'2021-09-15 16:43:03.462312','16','Хатха Йога (1,5 часа) -- Алексей',2,'[{\"changed\": {\"fields\": [\"date\"]}}]',29,1),(387,'2021-09-15 16:43:03.464081','17','Abs+Stretch -- Наталья',2,'[{\"changed\": {\"fields\": [\"date\"]}}]',29,1),(388,'2021-09-15 16:43:30.784903','18','Aero Yoga -- Наталья',2,'[{\"changed\": {\"fields\": [\"date\"]}}]',29,1),(389,'2021-09-15 16:43:30.787084','19','Abs+Stretch -- Анастасия',2,'[{\"changed\": {\"fields\": [\"date\"]}}]',29,1),(390,'2021-09-15 16:43:30.788921','20','Yoga -- Наталья',2,'[{\"changed\": {\"fields\": [\"date\"]}}]',29,1),(391,'2021-09-15 16:43:30.790721','21','ABL -- Юлия',2,'[{\"changed\": {\"fields\": [\"date\"]}}]',29,1),(392,'2021-09-15 16:43:30.792531','22','Круговая тренировка -- Юлия',2,'[{\"changed\": {\"fields\": [\"date\"]}}]',29,1),(393,'2021-09-15 16:43:30.794353','23','Lady class -- Галина',2,'[{\"changed\": {\"fields\": [\"date\"]}}]',29,1),(394,'2021-09-15 16:43:30.796106','24','Бокс -- Игорь',2,'[{\"changed\": {\"fields\": [\"date\"]}}]',29,1),(395,'2021-09-15 16:43:30.797944','25','Yoga -- Юлия',2,'[{\"changed\": {\"fields\": [\"date\"]}}]',29,1),(396,'2021-09-15 16:43:30.799764','26','Stretch -- Галина',2,'[{\"changed\": {\"fields\": [\"date\"]}}]',29,1),(397,'2021-09-15 16:44:00.930391','27','Functional training -- Анастасия',2,'[{\"changed\": {\"fields\": [\"date\"]}}]',29,1),(398,'2021-09-15 16:44:00.932620','28','Здоровая спина+MFR -- Анастасия',2,'[{\"changed\": {\"fields\": [\"date\"]}}]',29,1),(399,'2021-09-15 16:44:00.934430','29','Aero Yoga -- Наталья',2,'[{\"changed\": {\"fields\": [\"date\"]}}]',29,1),(400,'2021-09-15 16:44:00.936187','30','Tabata -- Денис',2,'[{\"changed\": {\"fields\": [\"date\"]}}]',29,1),(401,'2021-09-15 16:44:00.937980','31','Power class -- Денис',2,'[{\"changed\": {\"fields\": [\"date\"]}}]',29,1),(402,'2021-09-15 16:44:00.939828','32','Zumba -- Юлия Г.',2,'[{\"changed\": {\"fields\": [\"date\"]}}]',29,1),(403,'2021-09-15 16:44:00.941639','33','Хатха Йога (1,5 часа) -- Алексей',2,'[{\"changed\": {\"fields\": [\"date\"]}}]',29,1),(404,'2021-09-15 16:44:00.943428','34','MFR+Stretch -- Денис',2,'[{\"changed\": {\"fields\": [\"date\"]}}]',29,1),(405,'2021-09-15 16:45:12.817281','35','Power class -- Юлия Г.',2,'[{\"changed\": {\"fields\": [\"date\"]}}]',29,1),(406,'2021-09-15 16:45:12.819521','36','Pilates -- Юлия Г.',2,'[{\"changed\": {\"fields\": [\"date\"]}}]',29,1),(407,'2021-09-15 16:45:12.821385','37','Круговая тренировка -- Наталья',2,'[{\"changed\": {\"fields\": [\"date\"]}}]',29,1),(408,'2021-09-15 16:45:12.823161','38','Yoga -- Наталья',2,'[{\"changed\": {\"fields\": [\"date\"]}}]',29,1),(409,'2021-09-15 16:45:12.825070','39','Dance Mix -- Галина',2,'[{\"changed\": {\"fields\": [\"date\"]}}]',29,1),(410,'2021-09-15 16:45:12.826894','40','Бокс -- Игорь',2,'[{\"changed\": {\"fields\": [\"date\"]}}]',29,1),(411,'2021-09-15 16:45:12.828714','41','Stretch -- Галина',2,'[{\"changed\": {\"fields\": [\"date\"]}}]',29,1),(412,'2021-09-15 16:45:12.830561','54','ABL -- Юлия Г.',2,'[{\"changed\": {\"fields\": [\"date\"]}}]',29,1),(413,'2021-09-15 16:45:42.483810','42','Outdoor Yoga -- Юлия',2,'[{\"changed\": {\"fields\": [\"date\"]}}]',29,1),(414,'2021-09-15 16:45:42.486120','43','Mobility -- Анастасия',2,'[{\"changed\": {\"fields\": [\"date\"]}}]',29,1),(415,'2021-09-15 16:45:42.487931','44','Yoga терапия -- Юлия',2,'[{\"changed\": {\"fields\": [\"date\"]}}]',29,1),(416,'2021-09-15 16:45:42.489756','45','Tabata -- Денис',2,'[{\"changed\": {\"fields\": [\"date\"]}}]',29,1),(417,'2021-09-15 16:45:42.492975','46','Хатха Йога (1,5 часа) -- Алексей',2,'[{\"changed\": {\"fields\": [\"date\"]}}]',29,1),(418,'2021-09-15 16:45:42.494774','47','MFR+Stretch -- Денис',2,'[{\"changed\": {\"fields\": [\"date\"]}}]',29,1),(419,'2021-09-15 16:46:04.540238','48','Aero Yoga -- Роман',2,'[{\"changed\": {\"fields\": [\"date\"]}}]',29,1),(420,'2021-09-15 16:46:04.543036','49','Zumba -- Юлия Г.',2,'[{\"changed\": {\"fields\": [\"date\"]}}]',29,1),(421,'2021-09-15 16:46:04.544912','50','Круговая тренировка -- Анастасия',2,'[{\"changed\": {\"fields\": [\"date\"]}}]',29,1),(422,'2021-09-15 16:46:04.546711','51','ABL -- Юлия Г.',2,'[{\"changed\": {\"fields\": [\"date\"]}}]',29,1),(423,'2021-09-15 16:46:04.548597','52','Stretch -- Анастасия',2,'[{\"changed\": {\"fields\": [\"date\"]}}]',29,1),(424,'2021-09-15 16:52:16.659429','55','Aero Yoga -- Наталья',1,'[{\"added\": {}}]',29,1),(425,'2021-09-15 16:53:05.246222','55','Aero Yoga -- Наталья',2,'[{\"changed\": {\"fields\": [\"pub_date\"]}}]',29,1),(426,'2021-09-15 16:53:40.633396','56','Power class -- Юлия',1,'[{\"added\": {}}]',29,1),(427,'2021-09-15 16:54:04.764916','57','Yoga -- Юлия',1,'[{\"added\": {}}]',29,1),(428,'2021-09-15 16:54:34.911891','58','Power class -- Юлия',1,'[{\"added\": {}}]',29,1),(429,'2021-09-15 16:55:00.093442','59','Круговая тренировка -- Юлия',1,'[{\"added\": {}}]',29,1),(430,'2021-09-15 16:59:10.572094','60','Танец живота -- Галина',1,'[{\"added\": {}}]',29,1),(431,'2021-09-15 16:59:24.631195','56','Power class -- Юлия',2,'[{\"changed\": {\"fields\": [\"date\"]}}]',29,1),(432,'2021-09-15 16:59:47.796156','61','Бокс -- Игорь',1,'[{\"added\": {}}]',29,1),(433,'2021-09-15 17:00:06.486643','62','Yoga -- Юлия',1,'[{\"added\": {}}]',29,1),(434,'2021-09-15 17:00:33.397620','63','Stretch -- Галина',1,'[{\"added\": {}}]',29,1),(435,'2021-09-15 17:01:10.712741','64','Круговая тренировка -- Анастасия',1,'[{\"added\": {}}]',29,1),(436,'2021-09-15 17:01:33.548322','65','Stretch -- Анастасия',1,'[{\"added\": {}}]',29,1),(437,'2021-09-15 17:01:56.653057','66','Aero Yoga -- Наталья',1,'[{\"added\": {}}]',29,1),(438,'2021-09-15 17:02:19.978899','67','Power step -- Денис',1,'[{\"added\": {}}]',29,1),(439,'2021-09-15 17:02:32.133858','67','Power step -- Денис',2,'[{\"changed\": {\"fields\": [\"pub_date\"]}}]',29,1),(440,'2021-09-15 17:02:57.429013','68','Functional training -- Денис',1,'[{\"added\": {}}]',29,1),(441,'2021-09-15 17:03:18.947971','69','Pilates -- Наталья',1,'[{\"added\": {}}]',29,1),(442,'2021-09-15 17:03:41.386811','70','Хатха Йога (1,5 часа) -- Алексей',1,'[{\"added\": {}}]',29,1),(443,'2021-09-15 17:04:02.786204','71','Abs+Stretch -- Наталья',1,'[{\"added\": {}}]',29,1),(444,'2021-09-15 17:04:47.363270','72','Aero Yoga -- Наталья',1,'[{\"added\": {}}]',29,1),(445,'2021-09-15 17:05:07.612215','73','Abs+Stretch -- Анастасия',1,'[{\"added\": {}}]',29,1),(446,'2021-09-15 17:05:31.472598','74','Yoga -- Наталья',1,'[{\"added\": {}}]',29,1),(447,'2021-09-15 17:05:53.788180','75','ABL -- Юлия',1,'[{\"added\": {}}]',29,1),(448,'2021-09-15 17:06:16.782752','76','Круговая тренировка -- Юлия',1,'[{\"added\": {}}]',29,1),(449,'2021-09-15 17:06:41.697447','77','Lady class -- Галина',1,'[{\"added\": {}}]',29,1),(450,'2021-09-15 17:07:00.312172','77','Lady class -- Галина',2,'[{\"changed\": {\"fields\": [\"pub_date\"]}}]',29,1),(451,'2021-09-15 17:07:23.303290','78','Бокс -- Игорь',1,'[{\"added\": {}}]',29,1),(452,'2021-09-15 17:07:45.116880','79','Yoga -- Юлия',1,'[{\"added\": {}}]',29,1),(453,'2021-09-15 17:08:15.240716','80','Stretch -- Галина',1,'[{\"added\": {}}]',29,1),(454,'2021-09-15 17:09:04.597469','81','Functional training -- Анастасия',1,'[{\"added\": {}}]',29,1),(455,'2021-09-15 17:09:27.517413','82','Здоровая спина+MFR -- Анастасия',1,'[{\"added\": {}}]',29,1),(456,'2021-09-15 17:09:49.308721','83','Aero Yoga -- Наталья',1,'[{\"added\": {}}]',29,1),(457,'2021-09-15 17:10:13.957043','84','Tabata -- Денис',1,'[{\"added\": {}}]',29,1),(458,'2021-09-15 17:10:45.140320','85','Power class -- Денис',1,'[{\"added\": {}}]',29,1),(459,'2021-09-15 17:11:09.884045','86','Zumba -- Юлия Г.',1,'[{\"added\": {}}]',29,1),(460,'2021-09-15 17:11:33.872182','87','Хатха Йога (1,5 часа) -- Алексей',1,'[{\"added\": {}}]',29,1),(461,'2021-09-15 17:11:57.361362','88','MFR+Stretch -- Денис',1,'[{\"added\": {}}]',29,1),(462,'2021-09-15 17:12:21.851048','84','Tabata -- Денис',2,'[{\"changed\": {\"fields\": [\"date\"]}}]',29,1),(463,'2021-09-15 17:13:02.037207','89','Power class -- Юлия Г.',1,'[{\"added\": {}}]',29,1),(464,'2021-09-15 17:13:26.199165','90','Pilates -- Юлия Г.',1,'[{\"added\": {}}]',29,1),(465,'2021-09-15 17:13:55.991741','91','Круговая тренировка -- Наталья',1,'[{\"added\": {}}]',29,1),(466,'2021-09-15 17:14:21.341957','92','Yoga -- Наталья',1,'[{\"added\": {}}]',29,1),(467,'2021-09-15 17:14:43.892591','93','Dance Mix -- Галина',1,'[{\"added\": {}}]',29,1),(468,'2021-09-15 17:15:05.757893','94','Бокс -- Игорь',1,'[{\"added\": {}}]',29,1),(469,'2021-09-15 17:15:30.642417','95','Stretch -- Галина',1,'[{\"added\": {}}]',29,1),(470,'2021-09-15 17:15:52.832495','96','ABL -- Юлия Г.',1,'[{\"added\": {}}]',29,1),(471,'2021-09-15 17:16:41.335608','97','Outdoor Yoga -- Юлия',1,'[{\"added\": {}}]',29,1),(472,'2021-09-15 17:17:08.565056','98','Mobility -- Анастасия',1,'[{\"added\": {}}]',29,1),(473,'2021-09-15 17:17:35.353687','99','Yoga терапия -- Юлия',1,'[{\"added\": {}}]',29,1),(474,'2021-09-15 17:18:00.659533','100','Tabata -- Денис',1,'[{\"added\": {}}]',29,1),(475,'2021-09-15 17:18:24.279138','101','Хатха Йога (1,5 часа) -- Алексей',1,'[{\"added\": {}}]',29,1),(476,'2021-09-15 17:18:48.606010','102','MFR+Stretch -- Денис',1,'[{\"added\": {}}]',29,1),(477,'2021-09-15 17:19:48.885026','103','Aero Yoga -- Роман',1,'[{\"added\": {}}]',29,1),(478,'2021-09-15 17:20:13.681142','104','Zumba -- Юлия Г.',1,'[{\"added\": {}}]',29,1),(479,'2021-09-15 17:20:37.560878','105','Круговая тренировка -- Анастасия',1,'[{\"added\": {}}]',29,1),(480,'2021-09-15 17:21:01.719473','106','ABL -- Юлия Г.',1,'[{\"added\": {}}]',29,1),(481,'2021-09-15 17:21:27.119088','107','Stretch -- Анастасия',1,'[{\"added\": {}}]',29,1),(482,'2021-09-15 17:23:10.150175','54','ABL -- Юлия Г.',2,'[{\"changed\": {\"fields\": [\"hall\"]}}]',29,1),(483,'2021-09-15 17:23:10.152445','96','ABL -- Юлия Г.',2,'[{\"changed\": {\"fields\": [\"hall\"]}}]',29,1),(484,'2021-09-17 13:50:08.191438','2','Акция 2',3,'',21,2),(485,'2021-09-17 13:50:12.224783','3','Акция 3',3,'',21,2),(486,'2021-09-17 13:50:17.391281','4','Акция 4',3,'',21,2),(487,'2021-09-17 13:53:11.851659','7','НИ В ЧЕМ СЕБЕ НЕ ОТКАЗЫВАЙ!',1,'[{\"added\": {}}]',21,2),(488,'2021-09-17 13:54:53.464394','8','2 абонемента по цене 1',1,'[{\"added\": {}}]',21,2),(489,'2021-09-17 13:55:49.216154','9','Студенческий год за 9900',1,'[{\"added\": {}}]',21,2),(490,'2021-09-17 13:58:02.301336','2','Новый фитнес-клуб Эволюция!',2,'[{\"changed\": {\"fields\": [\"subtitle\"]}}]',16,2),(491,'2021-09-17 13:59:35.601499','1','Зови друзей - им понравится!',2,'[{\"changed\": {\"fields\": [\"title\", \"subtitle\"]}}]',16,2),(492,'2021-09-17 14:00:37.989168','1','index-about-txt',2,'[{\"changed\": {\"fields\": [\"value\"]}}]',9,2),(493,'2021-09-17 14:01:07.869013','9','График работы с 6:00 до 24:00',2,'[{\"changed\": {\"fields\": [\"title\"]}}]',17,2),(494,'2021-09-17 14:14:58.376877','12','Aero Yoga -- Наталья',2,'[{\"changed\": {\"fields\": [\"time\"]}}]',29,2),(495,'2021-09-17 14:14:58.379446','13','Power step -- Денис',2,'[{\"changed\": {\"fields\": [\"hall\"]}}]',29,2),(496,'2021-09-17 14:15:47.203885','108','Stretch -- Наталья',1,'[{\"added\": {}}]',29,2),(497,'2021-09-17 14:17:41.180185','15','Pilates -- Наталья',2,'[{\"changed\": {\"fields\": [\"time\"]}}]',29,2),(498,'2021-09-17 14:19:26.814747','16','Хатха Йога (1,5 часа) -- Алексей',3,'',29,2),(499,'2021-09-17 14:21:20.600729','22','Yoga -- Юлия',2,'[{\"changed\": {\"fields\": [\"classes\"]}}]',29,2),(500,'2021-09-17 14:22:55.504421','25','Круговая тренировка -- Юлия',2,'[{\"changed\": {\"fields\": [\"classes\"]}}]',29,2),(501,'2021-09-17 14:27:44.723976','54','ABL -- Юлия Г.',2,'[{\"changed\": {\"fields\": [\"hall\"]}}]',29,2),(502,'2021-09-17 14:32:22.444744','49','ABL -- Юлия Г.',2,'[{\"changed\": {\"fields\": [\"classes\"]}}]',29,2),(503,'2021-09-17 14:32:22.446898','51','Zumba -- Юлия Г.',2,'[{\"changed\": {\"fields\": [\"classes\"]}}]',29,2),(504,'2021-09-20 03:46:39.165368','2','Aero Yoga -- Наталья',2,'[{\"changed\": {\"fields\": [\"date\"]}}]',29,1),(505,'2021-09-20 03:46:39.170814','1','Power class -- Юлия',2,'[{\"changed\": {\"fields\": [\"date\"]}}]',29,1),(506,'2021-09-20 03:46:39.172581','4','Yoga -- Юлия',2,'[{\"changed\": {\"fields\": [\"date\"]}}]',29,1),(507,'2021-09-20 03:46:39.174692','3','Power class -- Юлия',2,'[{\"changed\": {\"fields\": [\"date\"]}}]',29,1),(508,'2021-09-20 03:46:39.176563','5','Круговая тренировка -- Юлия',2,'[{\"changed\": {\"fields\": [\"date\"]}}]',29,1),(509,'2021-09-20 03:46:39.178461','6','Танец живота -- Галина',2,'[{\"changed\": {\"fields\": [\"date\"]}}]',29,1),(510,'2021-09-20 03:46:39.180433','7','Бокс -- Игорь',2,'[{\"changed\": {\"fields\": [\"date\"]}}]',29,1),(511,'2021-09-20 03:46:39.182160','8','Yoga -- Юлия',2,'[{\"changed\": {\"fields\": [\"date\"]}}]',29,1),(512,'2021-09-20 03:46:39.183932','9','Stretch -- Галина',2,'[{\"changed\": {\"fields\": [\"date\"]}}]',29,1),(513,'2021-09-20 03:46:39.185697','10','Круговая тренировка -- Анастасия',2,'[{\"changed\": {\"fields\": [\"date\"]}}]',29,1),(514,'2021-09-20 03:46:39.187467','11','Stretch -- Анастасия',2,'[{\"changed\": {\"fields\": [\"date\"]}}]',29,1),(515,'2021-09-20 03:46:39.189327','12','Aero Yoga -- Наталья',2,'[{\"changed\": {\"fields\": [\"date\"]}}]',29,1),(516,'2021-09-20 03:46:39.191110','13','Power step -- Денис',2,'[{\"changed\": {\"fields\": [\"date\"]}}]',29,1),(517,'2021-09-20 03:46:39.192851','14','Functional training -- Денис',2,'[{\"changed\": {\"fields\": [\"date\"]}}]',29,1),(518,'2021-09-20 03:46:39.194611','15','Pilates -- Наталья',2,'[{\"changed\": {\"fields\": [\"date\"]}}]',29,1),(519,'2021-09-20 03:46:39.196461','17','Abs+Stretch -- Наталья',2,'[{\"changed\": {\"fields\": [\"date\"]}}]',29,1),(520,'2021-09-20 03:46:39.198232','18','Aero Yoga -- Наталья',2,'[{\"changed\": {\"fields\": [\"date\"]}}]',29,1),(521,'2021-09-20 03:46:39.200166','19','Abs+Stretch -- Анастасия',2,'[{\"changed\": {\"fields\": [\"date\"]}}]',29,1),(522,'2021-09-20 03:46:39.201941','20','Yoga -- Наталья',2,'[{\"changed\": {\"fields\": [\"date\"]}}]',29,1),(523,'2021-09-20 03:46:39.203781','21','ABL -- Юлия',2,'[{\"changed\": {\"fields\": [\"date\"]}}]',29,1),(524,'2021-09-20 03:46:39.205611','22','Yoga -- Юлия',2,'[{\"changed\": {\"fields\": [\"date\"]}}]',29,1),(525,'2021-09-20 03:46:39.207395','23','Lady class -- Галина',2,'[{\"changed\": {\"fields\": [\"date\"]}}]',29,1),(526,'2021-09-20 03:46:39.209179','24','Бокс -- Игорь',2,'[{\"changed\": {\"fields\": [\"date\"]}}]',29,1),(527,'2021-09-20 03:46:39.210916','25','Круговая тренировка -- Юлия',2,'[{\"changed\": {\"fields\": [\"date\"]}}]',29,1),(528,'2021-09-20 03:46:39.212622','26','Stretch -- Галина',2,'[{\"changed\": {\"fields\": [\"date\"]}}]',29,1),(529,'2021-09-20 03:46:39.214393','27','Functional training -- Анастасия',2,'[{\"changed\": {\"fields\": [\"date\"]}}]',29,1),(530,'2021-09-20 03:46:39.216171','28','Здоровая спина+MFR -- Анастасия',2,'[{\"changed\": {\"fields\": [\"date\"]}}]',29,1),(531,'2021-09-20 03:46:39.217885','29','Aero Yoga -- Наталья',2,'[{\"changed\": {\"fields\": [\"date\"]}}]',29,1),(532,'2021-09-20 03:46:39.219635','30','Tabata -- Денис',2,'[{\"changed\": {\"fields\": [\"date\"]}}]',29,1),(533,'2021-09-20 03:46:39.221371','31','Power class -- Денис',2,'[{\"changed\": {\"fields\": [\"date\"]}}]',29,1),(534,'2021-09-20 03:46:39.223056','32','Zumba -- Юлия Г.',2,'[{\"changed\": {\"fields\": [\"date\"]}}]',29,1),(535,'2021-09-20 03:46:39.224817','33','Хатха Йога (1,5 часа) -- Алексей',2,'[{\"changed\": {\"fields\": [\"date\"]}}]',29,1),(536,'2021-09-20 03:46:39.226578','34','MFR+Stretch -- Денис',2,'[{\"changed\": {\"fields\": [\"date\"]}}]',29,1),(537,'2021-09-20 03:46:39.228294','35','Power class -- Юлия Г.',2,'[{\"changed\": {\"fields\": [\"date\"]}}]',29,1),(538,'2021-09-20 03:46:39.230043','36','Pilates -- Юлия Г.',2,'[{\"changed\": {\"fields\": [\"date\"]}}]',29,1),(539,'2021-09-20 03:46:39.231738','37','Круговая тренировка -- Наталья',2,'[{\"changed\": {\"fields\": [\"date\"]}}]',29,1),(540,'2021-09-20 03:46:39.233502','38','Yoga -- Наталья',2,'[{\"changed\": {\"fields\": [\"date\"]}}]',29,1),(541,'2021-09-20 03:46:39.235270','39','Dance Mix -- Галина',2,'[{\"changed\": {\"fields\": [\"date\"]}}]',29,1),(542,'2021-09-20 03:46:39.237029','40','Бокс -- Игорь',2,'[{\"changed\": {\"fields\": [\"date\"]}}]',29,1),(543,'2021-09-20 03:46:39.238827','41','Stretch -- Галина',2,'[{\"changed\": {\"fields\": [\"date\"]}}]',29,1),(544,'2021-09-20 03:46:39.240585','54','ABL -- Юлия Г.',2,'[{\"changed\": {\"fields\": [\"date\"]}}]',29,1),(545,'2021-09-20 03:46:39.242330','42','Outdoor Yoga -- Юлия',2,'[{\"changed\": {\"fields\": [\"date\"]}}]',29,1),(546,'2021-09-20 03:46:39.244103','43','Mobility -- Анастасия',2,'[{\"changed\": {\"fields\": [\"date\"]}}]',29,1),(547,'2021-09-20 03:46:39.246052','44','Yoga терапия -- Юлия',2,'[{\"changed\": {\"fields\": [\"date\"]}}]',29,1),(548,'2021-09-20 03:46:39.247818','45','Tabata -- Денис',2,'[{\"changed\": {\"fields\": [\"date\"]}}]',29,1),(549,'2021-09-20 03:46:39.249586','46','Хатха Йога (1,5 часа) -- Алексей',2,'[{\"changed\": {\"fields\": [\"date\"]}}]',29,1),(550,'2021-09-20 03:46:39.251346','47','MFR+Stretch -- Денис',2,'[{\"changed\": {\"fields\": [\"date\"]}}]',29,1),(551,'2021-09-20 03:46:39.253137','48','Aero Yoga -- Роман',2,'[{\"changed\": {\"fields\": [\"date\"]}}]',29,1),(552,'2021-09-20 03:46:39.254866','49','ABL -- Юлия Г.',2,'[{\"changed\": {\"fields\": [\"date\"]}}]',29,1),(553,'2021-09-20 03:46:39.256598','50','Круговая тренировка -- Анастасия',2,'[{\"changed\": {\"fields\": [\"date\"]}}]',29,1),(554,'2021-09-20 03:46:39.258353','51','Zumba -- Юлия Г.',2,'[{\"changed\": {\"fields\": [\"date\"]}}]',29,1),(555,'2021-09-20 03:46:39.260140','52','Stretch -- Анастасия',2,'[{\"changed\": {\"fields\": [\"date\"]}}]',29,1),(556,'2021-09-28 16:19:09.113693','55','Aero Yoga -- Наталья',2,'[{\"changed\": {\"fields\": [\"date\"]}}]',29,1),(557,'2021-09-28 16:19:09.118338','56','Power class -- Юлия',2,'[{\"changed\": {\"fields\": [\"date\"]}}]',29,1),(558,'2021-09-28 16:19:09.120081','57','Yoga -- Юлия',2,'[{\"changed\": {\"fields\": [\"date\"]}}]',29,1),(559,'2021-09-28 16:19:09.121967','58','Power class -- Юлия',2,'[{\"changed\": {\"fields\": [\"date\"]}}]',29,1),(560,'2021-09-28 16:19:09.123738','59','Круговая тренировка -- Юлия',2,'[{\"changed\": {\"fields\": [\"date\"]}}]',29,1),(561,'2021-09-28 16:19:09.125491','60','Танец живота -- Галина',2,'[{\"changed\": {\"fields\": [\"date\"]}}]',29,1),(562,'2021-09-28 16:19:09.127364','61','Бокс -- Игорь',2,'[{\"changed\": {\"fields\": [\"date\"]}}]',29,1),(563,'2021-09-28 16:19:09.129063','62','Yoga -- Юлия',2,'[{\"changed\": {\"fields\": [\"date\"]}}]',29,1),(564,'2021-09-28 16:19:09.130837','63','Stretch -- Галина',2,'[{\"changed\": {\"fields\": [\"date\"]}}]',29,1),(565,'2021-09-28 16:19:09.132546','64','Круговая тренировка -- Анастасия',2,'[{\"changed\": {\"fields\": [\"date\"]}}]',29,1),(566,'2021-09-28 16:19:09.139684','65','Stretch -- Анастасия',2,'[{\"changed\": {\"fields\": [\"date\"]}}]',29,1),(567,'2021-09-28 16:19:09.141622','66','Aero Yoga -- Наталья',2,'[{\"changed\": {\"fields\": [\"date\"]}}]',29,1),(568,'2021-09-28 16:19:09.143496','67','Power step -- Денис',2,'[{\"changed\": {\"fields\": [\"date\"]}}]',29,1),(569,'2021-09-28 16:19:09.145304','68','Functional training -- Денис',2,'[{\"changed\": {\"fields\": [\"date\"]}}]',29,1),(570,'2021-09-28 16:19:09.147139','69','Pilates -- Наталья',2,'[{\"changed\": {\"fields\": [\"date\"]}}]',29,1),(571,'2021-09-28 16:19:09.148919','70','Хатха Йога (1,5 часа) -- Алексей',2,'[{\"changed\": {\"fields\": [\"date\"]}}]',29,1),(572,'2021-09-28 16:19:09.150804','71','Abs+Stretch -- Наталья',2,'[{\"changed\": {\"fields\": [\"date\"]}}]',29,1),(573,'2021-09-28 16:19:09.152620','72','Aero Yoga -- Наталья',2,'[{\"changed\": {\"fields\": [\"date\"]}}]',29,1),(574,'2021-09-28 16:19:09.154553','73','Abs+Stretch -- Анастасия',2,'[{\"changed\": {\"fields\": [\"date\"]}}]',29,1),(575,'2021-09-28 16:19:09.156396','74','Yoga -- Наталья',2,'[{\"changed\": {\"fields\": [\"date\"]}}]',29,1),(576,'2021-09-28 16:19:09.158187','75','ABL -- Юлия',2,'[{\"changed\": {\"fields\": [\"date\"]}}]',29,1),(577,'2021-09-28 16:19:09.159951','76','Круговая тренировка -- Юлия',2,'[{\"changed\": {\"fields\": [\"date\"]}}]',29,1),(578,'2021-09-28 16:19:09.161720','77','Lady class -- Галина',2,'[{\"changed\": {\"fields\": [\"date\"]}}]',29,1),(579,'2021-09-28 16:19:09.163567','78','Бокс -- Игорь',2,'[{\"changed\": {\"fields\": [\"date\"]}}]',29,1),(580,'2021-09-28 16:19:09.165388','79','Yoga -- Юлия',2,'[{\"changed\": {\"fields\": [\"date\"]}}]',29,1),(581,'2021-09-28 16:19:09.167154','80','Stretch -- Галина',2,'[{\"changed\": {\"fields\": [\"date\"]}}]',29,1),(582,'2021-09-28 16:19:09.168841','81','Functional training -- Анастасия',2,'[{\"changed\": {\"fields\": [\"date\"]}}]',29,1),(583,'2021-09-28 16:19:09.170638','82','Здоровая спина+MFR -- Анастасия',2,'[{\"changed\": {\"fields\": [\"date\"]}}]',29,1),(584,'2021-09-28 16:19:09.172389','83','Aero Yoga -- Наталья',2,'[{\"changed\": {\"fields\": [\"date\"]}}]',29,1),(585,'2021-09-28 16:19:09.174112','84','Tabata -- Денис',2,'[{\"changed\": {\"fields\": [\"date\"]}}]',29,1),(586,'2021-09-28 16:19:09.175761','85','Power class -- Денис',2,'[{\"changed\": {\"fields\": [\"date\"]}}]',29,1),(587,'2021-09-28 16:19:09.177602','86','Zumba -- Юлия Г.',2,'[{\"changed\": {\"fields\": [\"date\"]}}]',29,1),(588,'2021-09-28 16:19:09.179285','87','Хатха Йога (1,5 часа) -- Алексей',2,'[{\"changed\": {\"fields\": [\"date\"]}}]',29,1),(589,'2021-09-28 16:19:09.180967','88','MFR+Stretch -- Денис',2,'[{\"changed\": {\"fields\": [\"date\"]}}]',29,1),(590,'2021-09-28 16:19:09.182726','89','Power class -- Юлия Г.',2,'[{\"changed\": {\"fields\": [\"date\"]}}]',29,1),(591,'2021-09-28 16:19:09.184417','90','Pilates -- Юлия Г.',2,'[{\"changed\": {\"fields\": [\"date\"]}}]',29,1),(592,'2021-09-28 16:19:09.186111','91','Круговая тренировка -- Наталья',2,'[{\"changed\": {\"fields\": [\"date\"]}}]',29,1),(593,'2021-09-28 16:19:09.187964','92','Yoga -- Наталья',2,'[{\"changed\": {\"fields\": [\"date\"]}}]',29,1),(594,'2021-09-28 16:19:09.189715','93','Dance Mix -- Галина',2,'[{\"changed\": {\"fields\": [\"date\"]}}]',29,1),(595,'2021-09-28 16:19:09.191449','94','Бокс -- Игорь',2,'[{\"changed\": {\"fields\": [\"date\"]}}]',29,1),(596,'2021-09-28 16:19:09.193157','95','Stretch -- Галина',2,'[{\"changed\": {\"fields\": [\"date\"]}}]',29,1),(597,'2021-09-28 16:19:09.194840','96','ABL -- Юлия Г.',2,'[{\"changed\": {\"fields\": [\"date\"]}}]',29,1),(598,'2021-09-28 16:19:09.196522','97','Outdoor Yoga -- Юлия',2,'[{\"changed\": {\"fields\": [\"date\"]}}]',29,1),(599,'2021-09-28 16:19:09.198305','98','Mobility -- Анастасия',2,'[{\"changed\": {\"fields\": [\"date\"]}}]',29,1),(600,'2021-09-28 16:19:09.200071','99','Yoga терапия -- Юлия',2,'[{\"changed\": {\"fields\": [\"date\"]}}]',29,1),(601,'2021-09-28 16:19:09.201869','100','Tabata -- Денис',2,'[{\"changed\": {\"fields\": [\"date\"]}}]',29,1),(602,'2021-09-28 16:19:09.203734','101','Хатха Йога (1,5 часа) -- Алексей',2,'[{\"changed\": {\"fields\": [\"date\"]}}]',29,1),(603,'2021-09-28 16:19:09.205584','102','MFR+Stretch -- Денис',2,'[{\"changed\": {\"fields\": [\"date\"]}}]',29,1),(604,'2021-09-28 16:20:54.494191','103','Aero Yoga -- Роман',2,'[{\"changed\": {\"fields\": [\"date\"]}}]',29,1),(605,'2021-09-28 16:20:54.496840','104','Zumba -- Юлия Г.',2,'[{\"changed\": {\"fields\": [\"date\"]}}]',29,1),(606,'2021-09-28 16:20:54.498647','105','Круговая тренировка -- Анастасия',2,'[{\"changed\": {\"fields\": [\"date\"]}}]',29,1),(607,'2021-09-28 16:20:54.500423','106','ABL -- Юлия Г.',2,'[{\"changed\": {\"fields\": [\"date\"]}}]',29,1),(608,'2021-09-28 16:20:54.502215','107','Stretch -- Анастасия',2,'[{\"changed\": {\"fields\": [\"date\"]}}]',29,1),(609,'2021-10-11 01:28:44.494112','2','Aero Yoga -- Наталья',2,'[{\"changed\": {\"fields\": [\"date\"]}}]',29,1),(610,'2021-10-11 01:28:44.498377','1','Power class -- Юлия',2,'[{\"changed\": {\"fields\": [\"date\"]}}]',29,1),(611,'2021-10-11 01:28:44.500200','4','Yoga -- Юлия',2,'[{\"changed\": {\"fields\": [\"date\"]}}]',29,1),(612,'2021-10-11 01:28:44.502097','3','Power class -- Юлия',2,'[{\"changed\": {\"fields\": [\"date\"]}}]',29,1),(613,'2021-10-11 01:28:44.503978','5','Круговая тренировка -- Юлия',2,'[{\"changed\": {\"fields\": [\"date\"]}}]',29,1),(614,'2021-10-11 01:28:44.505864','6','Танец живота -- Галина',2,'[{\"changed\": {\"fields\": [\"date\"]}}]',29,1),(615,'2021-10-11 01:28:44.507654','7','Бокс -- Игорь',2,'[{\"changed\": {\"fields\": [\"date\"]}}]',29,1),(616,'2021-10-11 01:28:44.509434','8','Yoga -- Юлия',2,'[{\"changed\": {\"fields\": [\"date\"]}}]',29,1),(617,'2021-10-11 01:28:44.511323','9','Stretch -- Галина',2,'[{\"changed\": {\"fields\": [\"date\"]}}]',29,1),(618,'2021-10-11 01:28:44.513222','10','Круговая тренировка -- Анастасия',2,'[{\"changed\": {\"fields\": [\"date\"]}}]',29,1),(619,'2021-10-11 01:28:44.515088','11','Stretch -- Анастасия',2,'[{\"changed\": {\"fields\": [\"date\"]}}]',29,1),(620,'2021-10-11 01:28:44.516908','12','Aero Yoga -- Наталья',2,'[{\"changed\": {\"fields\": [\"date\"]}}]',29,1),(621,'2021-10-11 01:28:44.518706','13','Power step -- Денис',2,'[{\"changed\": {\"fields\": [\"date\"]}}]',29,1),(622,'2021-10-11 01:28:44.520519','14','Functional training -- Денис',2,'[{\"changed\": {\"fields\": [\"date\"]}}]',29,1),(623,'2021-10-11 01:28:44.522352','15','Pilates -- Наталья',2,'[{\"changed\": {\"fields\": [\"date\"]}}]',29,1),(624,'2021-10-11 01:28:44.524250','17','Abs+Stretch -- Наталья',2,'[{\"changed\": {\"fields\": [\"date\"]}}]',29,1),(625,'2021-10-11 01:28:44.526123','18','Aero Yoga -- Наталья',2,'[{\"changed\": {\"fields\": [\"date\"]}}]',29,1),(626,'2021-10-11 01:28:44.527938','19','Abs+Stretch -- Анастасия',2,'[{\"changed\": {\"fields\": [\"date\"]}}]',29,1),(627,'2021-10-11 01:28:44.529806','20','Yoga -- Наталья',2,'[{\"changed\": {\"fields\": [\"date\"]}}]',29,1),(628,'2021-10-11 01:28:44.531613','21','ABL -- Юлия',2,'[{\"changed\": {\"fields\": [\"date\"]}}]',29,1),(629,'2021-10-11 01:28:44.533430','22','Yoga -- Юлия',2,'[{\"changed\": {\"fields\": [\"date\"]}}]',29,1),(630,'2021-10-11 01:28:44.535302','23','Lady class -- Галина',2,'[{\"changed\": {\"fields\": [\"date\"]}}]',29,1),(631,'2021-10-11 01:28:44.537173','24','Бокс -- Игорь',2,'[{\"changed\": {\"fields\": [\"date\"]}}]',29,1),(632,'2021-10-11 01:28:44.539008','25','Круговая тренировка -- Юлия',2,'[{\"changed\": {\"fields\": [\"date\"]}}]',29,1),(633,'2021-10-11 01:28:44.540893','26','Stretch -- Галина',2,'[{\"changed\": {\"fields\": [\"date\"]}}]',29,1),(634,'2021-10-11 01:30:13.388173','27','Functional training -- Анастасия',2,'[{\"changed\": {\"fields\": [\"date\"]}}]',29,1),(635,'2021-10-11 01:30:13.390554','28','Здоровая спина+MFR -- Анастасия',2,'[{\"changed\": {\"fields\": [\"date\"]}}]',29,1),(636,'2021-10-11 01:30:13.392399','29','Aero Yoga -- Наталья',2,'[{\"changed\": {\"fields\": [\"date\"]}}]',29,1),(637,'2021-10-11 01:30:13.394243','30','Tabata -- Денис',2,'[{\"changed\": {\"fields\": [\"date\"]}}]',29,1),(638,'2021-10-11 01:30:13.396065','31','Power class -- Денис',2,'[{\"changed\": {\"fields\": [\"date\"]}}]',29,1),(639,'2021-10-11 01:30:13.397859','32','Zumba -- Юлия Г.',2,'[{\"changed\": {\"fields\": [\"date\"]}}]',29,1),(640,'2021-10-11 01:30:13.399618','33','Хатха Йога (1,5 часа) -- Алексей',2,'[{\"changed\": {\"fields\": [\"date\"]}}]',29,1),(641,'2021-10-11 01:30:13.401410','34','MFR+Stretch -- Денис',2,'[{\"changed\": {\"fields\": [\"date\"]}}]',29,1),(642,'2021-10-11 01:30:13.403198','35','Power class -- Юлия Г.',2,'[{\"changed\": {\"fields\": [\"date\"]}}]',29,1),(643,'2021-10-11 01:30:13.405005','36','Pilates -- Юлия Г.',2,'[{\"changed\": {\"fields\": [\"date\"]}}]',29,1),(644,'2021-10-11 01:30:13.406793','37','Круговая тренировка -- Наталья',2,'[{\"changed\": {\"fields\": [\"date\"]}}]',29,1),(645,'2021-10-11 01:30:13.408619','38','Yoga -- Наталья',2,'[{\"changed\": {\"fields\": [\"date\"]}}]',29,1),(646,'2021-10-11 01:30:13.410426','39','Dance Mix -- Галина',2,'[{\"changed\": {\"fields\": [\"date\"]}}]',29,1),(647,'2021-10-11 01:30:13.412204','40','Бокс -- Игорь',2,'[{\"changed\": {\"fields\": [\"date\"]}}]',29,1),(648,'2021-10-11 01:30:13.413989','41','Stretch -- Галина',2,'[{\"changed\": {\"fields\": [\"date\"]}}]',29,1),(649,'2021-10-11 01:30:13.415896','54','ABL -- Юлия Г.',2,'[{\"changed\": {\"fields\": [\"date\"]}}]',29,1),(650,'2021-10-11 01:30:13.417750','42','Outdoor Yoga -- Юлия',2,'[{\"changed\": {\"fields\": [\"date\"]}}]',29,1),(651,'2021-10-11 01:30:13.419603','43','Mobility -- Анастасия',2,'[{\"changed\": {\"fields\": [\"date\"]}}]',29,1),(652,'2021-10-11 01:30:13.421394','44','Yoga терапия -- Юлия',2,'[{\"changed\": {\"fields\": [\"date\"]}}]',29,1),(653,'2021-10-11 01:30:13.423178','45','Tabata -- Денис',2,'[{\"changed\": {\"fields\": [\"date\"]}}]',29,1),(654,'2021-10-11 01:30:13.424945','46','Хатха Йога (1,5 часа) -- Алексей',2,'[{\"changed\": {\"fields\": [\"date\"]}}]',29,1),(655,'2021-10-11 01:30:13.426732','47','MFR+Stretch -- Денис',2,'[{\"changed\": {\"fields\": [\"date\"]}}]',29,1),(656,'2021-10-11 01:32:56.247724','17','Abs+Stretch -- Наталья',2,'[{\"changed\": {\"fields\": [\"date\"]}}]',29,1),(657,'2021-10-11 01:32:56.251741','34','MFR+Stretch -- Денис',2,'[{\"changed\": {\"fields\": [\"date\"]}}]',29,1),(658,'2021-10-11 01:32:56.253589','48','Aero Yoga -- Роман',2,'[{\"changed\": {\"fields\": [\"date\"]}}]',29,1),(659,'2021-10-11 01:32:56.255400','49','ABL -- Юлия Г.',2,'[{\"changed\": {\"fields\": [\"date\"]}}]',29,1),(660,'2021-10-11 01:32:56.257186','50','Круговая тренировка -- Анастасия',2,'[{\"changed\": {\"fields\": [\"date\"]}}]',29,1),(661,'2021-10-11 01:32:56.258978','51','Zumba -- Юлия Г.',2,'[{\"changed\": {\"fields\": [\"date\"]}}]',29,1),(662,'2021-10-11 01:32:56.260796','52','Stretch -- Анастасия',2,'[{\"changed\": {\"fields\": [\"date\"]}}]',29,1),(663,'2021-10-11 01:36:23.250944','55','Aero Yoga -- Наталья',2,'[{\"changed\": {\"fields\": [\"date\"]}}]',29,1),(664,'2021-10-11 01:36:23.253368','56','Power class -- Юлия',2,'[{\"changed\": {\"fields\": [\"date\"]}}]',29,1),(665,'2021-10-11 01:36:23.255176','57','Yoga -- Юлия',2,'[{\"changed\": {\"fields\": [\"date\"]}}]',29,1),(666,'2021-10-11 01:36:23.256959','58','Power class -- Юлия',2,'[{\"changed\": {\"fields\": [\"date\"]}}]',29,1),(667,'2021-10-11 01:36:23.258749','59','Круговая тренировка -- Юлия',2,'[{\"changed\": {\"fields\": [\"date\"]}}]',29,1),(668,'2021-10-11 01:36:23.260486','60','Танец живота -- Галина',2,'[{\"changed\": {\"fields\": [\"date\"]}}]',29,1),(669,'2021-10-11 01:36:23.262289','61','Бокс -- Игорь',2,'[{\"changed\": {\"fields\": [\"date\"]}}]',29,1),(670,'2021-10-11 01:36:23.264144','62','Yoga -- Юлия',2,'[{\"changed\": {\"fields\": [\"date\"]}}]',29,1),(671,'2021-10-11 01:36:23.265965','63','Stretch -- Галина',2,'[{\"changed\": {\"fields\": [\"date\"]}}]',29,1),(672,'2021-10-11 01:36:23.267787','64','Круговая тренировка -- Анастасия',2,'[{\"changed\": {\"fields\": [\"date\"]}}]',29,1),(673,'2021-10-11 01:36:23.269688','65','Stretch -- Анастасия',2,'[{\"changed\": {\"fields\": [\"date\"]}}]',29,1),(674,'2021-10-11 01:36:23.271519','66','Aero Yoga -- Наталья',2,'[{\"changed\": {\"fields\": [\"date\"]}}]',29,1),(675,'2021-10-11 01:36:23.273309','67','Power step -- Денис',2,'[{\"changed\": {\"fields\": [\"date\"]}}]',29,1),(676,'2021-10-11 01:36:23.275113','68','Functional training -- Денис',2,'[{\"changed\": {\"fields\": [\"date\"]}}]',29,1),(677,'2021-10-11 01:36:23.276903','69','Pilates -- Наталья',2,'[{\"changed\": {\"fields\": [\"date\"]}}]',29,1),(678,'2021-10-11 01:36:23.278716','70','Хатха Йога (1,5 часа) -- Алексей',2,'[{\"changed\": {\"fields\": [\"date\"]}}]',29,1),(679,'2021-10-11 01:36:23.280544','71','Abs+Stretch -- Наталья',2,'[{\"changed\": {\"fields\": [\"date\"]}}]',29,1),(680,'2021-10-11 01:36:23.282372','72','Aero Yoga -- Наталья',2,'[{\"changed\": {\"fields\": [\"date\"]}}]',29,1),(681,'2021-10-11 01:36:23.284164','73','Abs+Stretch -- Анастасия',2,'[{\"changed\": {\"fields\": [\"date\"]}}]',29,1),(682,'2021-10-11 01:36:23.285961','74','Yoga -- Наталья',2,'[{\"changed\": {\"fields\": [\"date\"]}}]',29,1),(683,'2021-10-11 01:36:23.287799','75','ABL -- Юлия',2,'[{\"changed\": {\"fields\": [\"date\"]}}]',29,1),(684,'2021-10-11 01:36:23.289620','76','Круговая тренировка -- Юлия',2,'[{\"changed\": {\"fields\": [\"date\"]}}]',29,1),(685,'2021-10-11 01:36:23.291433','77','Lady class -- Галина',2,'[{\"changed\": {\"fields\": [\"date\"]}}]',29,1),(686,'2021-10-11 01:36:23.293264','78','Бокс -- Игорь',2,'[{\"changed\": {\"fields\": [\"date\"]}}]',29,1),(687,'2021-10-11 01:36:23.295107','79','Yoga -- Юлия',2,'[{\"changed\": {\"fields\": [\"date\"]}}]',29,1),(688,'2021-10-11 01:36:23.296934','80','Stretch -- Галина',2,'[{\"changed\": {\"fields\": [\"date\"]}}]',29,1),(689,'2021-10-11 01:36:23.298796','81','Functional training -- Анастасия',2,'[{\"changed\": {\"fields\": [\"date\"]}}]',29,1),(690,'2021-10-11 01:36:23.300648','82','Здоровая спина+MFR -- Анастасия',2,'[{\"changed\": {\"fields\": [\"date\"]}}]',29,1),(691,'2021-10-11 01:36:23.302496','83','Aero Yoga -- Наталья',2,'[{\"changed\": {\"fields\": [\"date\"]}}]',29,1),(692,'2021-10-11 01:36:23.304341','84','Tabata -- Денис',2,'[{\"changed\": {\"fields\": [\"date\"]}}]',29,1),(693,'2021-10-11 01:36:23.306165','85','Power class -- Денис',2,'[{\"changed\": {\"fields\": [\"date\"]}}]',29,1),(694,'2021-10-11 01:36:23.307988','86','Zumba -- Юлия Г.',2,'[{\"changed\": {\"fields\": [\"date\"]}}]',29,1),(695,'2021-10-11 01:36:23.309870','87','Хатха Йога (1,5 часа) -- Алексей',2,'[{\"changed\": {\"fields\": [\"date\"]}}]',29,1),(696,'2021-10-11 01:36:23.311670','88','MFR+Stretch -- Денис',2,'[{\"changed\": {\"fields\": [\"date\"]}}]',29,1),(697,'2021-10-11 01:36:23.313472','89','Power class -- Юлия Г.',2,'[{\"changed\": {\"fields\": [\"date\"]}}]',29,1),(698,'2021-10-11 01:36:23.315315','90','Pilates -- Юлия Г.',2,'[{\"changed\": {\"fields\": [\"date\"]}}]',29,1),(699,'2021-10-11 01:36:23.317174','91','Круговая тренировка -- Наталья',2,'[{\"changed\": {\"fields\": [\"date\"]}}]',29,1),(700,'2021-10-11 01:36:23.319026','92','Yoga -- Наталья',2,'[{\"changed\": {\"fields\": [\"date\"]}}]',29,1),(701,'2021-10-11 01:36:23.320894','93','Dance Mix -- Галина',2,'[{\"changed\": {\"fields\": [\"date\"]}}]',29,1),(702,'2021-10-11 01:36:23.322732','94','Бокс -- Игорь',2,'[{\"changed\": {\"fields\": [\"date\"]}}]',29,1),(703,'2021-10-11 01:36:23.326802','95','Stretch -- Галина',2,'[{\"changed\": {\"fields\": [\"date\"]}}]',29,1),(704,'2021-10-11 01:36:23.328679','96','ABL -- Юлия Г.',2,'[{\"changed\": {\"fields\": [\"date\"]}}]',29,1),(705,'2021-10-11 01:36:23.330486','97','Outdoor Yoga -- Юлия',2,'[{\"changed\": {\"fields\": [\"date\"]}}]',29,1),(706,'2021-10-11 01:36:23.332285','98','Mobility -- Анастасия',2,'[{\"changed\": {\"fields\": [\"date\"]}}]',29,1),(707,'2021-10-11 01:36:23.334171','99','Yoga терапия -- Юлия',2,'[{\"changed\": {\"fields\": [\"date\"]}}]',29,1),(708,'2021-10-11 01:36:23.335951','100','Tabata -- Денис',2,'[{\"changed\": {\"fields\": [\"date\"]}}]',29,1),(709,'2021-10-11 01:36:23.337743','101','Хатха Йога (1,5 часа) -- Алексей',2,'[{\"changed\": {\"fields\": [\"date\"]}}]',29,1),(710,'2021-10-11 01:36:23.339545','102','MFR+Stretch -- Денис',2,'[{\"changed\": {\"fields\": [\"date\"]}}]',29,1),(711,'2021-10-11 01:38:36.304183','34','MFR+Stretch -- Денис',2,'[{\"changed\": {\"fields\": [\"date\"]}}]',29,1),(712,'2021-10-11 01:41:51.764093','103','Aero Yoga -- Роман',2,'[{\"changed\": {\"fields\": [\"date\"]}}]',29,1),(713,'2021-10-11 01:41:51.766142','104','Zumba -- Юлия Г.',2,'[{\"changed\": {\"fields\": [\"date\"]}}]',29,1),(714,'2021-10-11 01:41:51.767929','105','Круговая тренировка -- Анастасия',2,'[{\"changed\": {\"fields\": [\"date\"]}}]',29,1),(715,'2021-10-11 01:41:51.769687','106','ABL -- Юлия Г.',2,'[{\"changed\": {\"fields\": [\"date\"]}}]',29,1),(716,'2021-10-11 01:41:51.771460','107','Stretch -- Анастасия',2,'[{\"changed\": {\"fields\": [\"date\"]}}]',29,1),(717,'2021-10-11 01:41:51.773237','108','Stretch -- Наталья',2,'[{\"changed\": {\"fields\": [\"date\"]}}]',29,1),(718,'2021-10-18 14:45:09.102968','2','Aero Yoga -- Наталья',2,'[{\"changed\": {\"fields\": [\"date\"]}}]',29,1),(719,'2021-10-18 14:45:09.107187','1','Power class -- Юлия',2,'[{\"changed\": {\"fields\": [\"date\"]}}]',29,1),(720,'2021-10-18 14:45:09.108988','4','Yoga -- Юлия',2,'[{\"changed\": {\"fields\": [\"date\"]}}]',29,1),(721,'2021-10-18 14:45:09.110788','3','Power class -- Юлия',2,'[{\"changed\": {\"fields\": [\"date\"]}}]',29,1),(722,'2021-10-18 14:45:09.112622','5','Круговая тренировка -- Юлия',2,'[{\"changed\": {\"fields\": [\"date\"]}}]',29,1),(723,'2021-10-18 14:45:09.114350','6','Танец живота -- Галина',2,'[{\"changed\": {\"fields\": [\"date\"]}}]',29,1),(724,'2021-10-18 14:45:09.116138','7','Бокс -- Игорь',2,'[{\"changed\": {\"fields\": [\"date\"]}}]',29,1),(725,'2021-10-18 14:45:09.117901','8','Yoga -- Юлия',2,'[{\"changed\": {\"fields\": [\"date\"]}}]',29,1),(726,'2021-10-18 14:45:09.119678','9','Stretch -- Галина',2,'[{\"changed\": {\"fields\": [\"date\"]}}]',29,1),(727,'2021-10-18 14:47:57.612418','10','Круговая тренировка -- Анастасия',2,'[{\"changed\": {\"fields\": [\"date\"]}}]',29,1),(728,'2021-10-18 14:47:57.615862','11','Stretch -- Анастасия',2,'[{\"changed\": {\"fields\": [\"date\"]}}]',29,1),(729,'2021-10-18 14:47:57.617825','12','Aero Yoga -- Наталья',2,'[{\"changed\": {\"fields\": [\"date\"]}}]',29,1),(730,'2021-10-18 14:47:57.619687','13','Power step -- Денис',2,'[{\"changed\": {\"fields\": [\"date\"]}}]',29,1),(731,'2021-10-18 14:47:57.621598','14','Functional training -- Денис',2,'[{\"changed\": {\"fields\": [\"date\"]}}]',29,1),(732,'2021-10-18 14:47:57.623417','15','Pilates -- Наталья',2,'[{\"changed\": {\"fields\": [\"date\"]}}]',29,1),(733,'2021-10-18 14:47:57.625215','17','Abs+Stretch -- Наталья',2,'[{\"changed\": {\"fields\": [\"date\"]}}]',29,1),(734,'2021-10-18 14:47:57.626991','18','Aero Yoga -- Наталья',2,'[{\"changed\": {\"fields\": [\"date\"]}}]',29,1),(735,'2021-10-18 14:47:57.628841','19','Abs+Stretch -- Анастасия',2,'[{\"changed\": {\"fields\": [\"date\"]}}]',29,1),(736,'2021-10-18 14:47:57.630631','20','Yoga -- Наталья',2,'[{\"changed\": {\"fields\": [\"date\"]}}]',29,1),(737,'2021-10-18 14:47:57.632472','21','ABL -- Юлия',2,'[{\"changed\": {\"fields\": [\"date\"]}}]',29,1),(738,'2021-10-18 14:47:57.634317','22','Yoga -- Юлия',2,'[{\"changed\": {\"fields\": [\"date\"]}}]',29,1),(739,'2021-10-18 14:47:57.636133','23','Lady class -- Галина',2,'[{\"changed\": {\"fields\": [\"date\"]}}]',29,1),(740,'2021-10-18 14:47:57.637925','24','Бокс -- Игорь',2,'[{\"changed\": {\"fields\": [\"date\"]}}]',29,1),(741,'2021-10-18 14:47:57.639778','25','Круговая тренировка -- Юлия',2,'[{\"changed\": {\"fields\": [\"date\"]}}]',29,1),(742,'2021-10-18 14:47:57.641588','26','Stretch -- Галина',2,'[{\"changed\": {\"fields\": [\"date\"]}}]',29,1),(743,'2021-10-18 14:47:57.643396','27','Functional training -- Анастасия',2,'[{\"changed\": {\"fields\": [\"date\"]}}]',29,1),(744,'2021-10-18 14:47:57.645304','28','Здоровая спина+MFR -- Анастасия',2,'[{\"changed\": {\"fields\": [\"date\"]}}]',29,1),(745,'2021-10-18 14:47:57.647117','29','Aero Yoga -- Наталья',2,'[{\"changed\": {\"fields\": [\"date\"]}}]',29,1),(746,'2021-10-18 14:47:57.648929','30','Tabata -- Денис',2,'[{\"changed\": {\"fields\": [\"date\"]}}]',29,1),(747,'2021-10-18 14:47:57.650741','31','Power class -- Денис',2,'[{\"changed\": {\"fields\": [\"date\"]}}]',29,1),(748,'2021-10-18 14:47:57.652517','32','Zumba -- Юлия Г.',2,'[{\"changed\": {\"fields\": [\"date\"]}}]',29,1),(749,'2021-10-18 14:47:57.654318','33','Хатха Йога (1,5 часа) -- Алексей',2,'[{\"changed\": {\"fields\": [\"date\"]}}]',29,1),(750,'2021-10-18 14:47:57.656116','34','MFR+Stretch -- Денис',2,'[{\"changed\": {\"fields\": [\"date\"]}}]',29,1),(751,'2021-10-18 14:47:57.657903','35','Power class -- Юлия Г.',2,'[{\"changed\": {\"fields\": [\"date\"]}}]',29,1),(752,'2021-10-18 14:47:57.659693','36','Pilates -- Юлия Г.',2,'[{\"changed\": {\"fields\": [\"date\"]}}]',29,1),(753,'2021-10-18 14:47:57.661416','37','Круговая тренировка -- Наталья',2,'[{\"changed\": {\"fields\": [\"date\"]}}]',29,1),(754,'2021-10-18 14:47:57.663189','38','Yoga -- Наталья',2,'[{\"changed\": {\"fields\": [\"date\"]}}]',29,1),(755,'2021-10-18 14:47:57.665001','39','Dance Mix -- Галина',2,'[{\"changed\": {\"fields\": [\"date\"]}}]',29,1),(756,'2021-10-18 14:47:57.666792','40','Бокс -- Игорь',2,'[{\"changed\": {\"fields\": [\"date\"]}}]',29,1),(757,'2021-10-18 14:47:57.668574','41','Stretch -- Галина',2,'[{\"changed\": {\"fields\": [\"date\"]}}]',29,1),(758,'2021-10-18 14:47:57.670382','54','ABL -- Юлия Г.',2,'[{\"changed\": {\"fields\": [\"date\"]}}]',29,1),(759,'2021-10-18 14:47:57.672147','42','Outdoor Yoga -- Юлия',2,'[{\"changed\": {\"fields\": [\"date\"]}}]',29,1),(760,'2021-10-18 14:47:57.673927','43','Mobility -- Анастасия',2,'[{\"changed\": {\"fields\": [\"date\"]}}]',29,1),(761,'2021-10-18 14:47:57.675686','44','Yoga терапия -- Юлия',2,'[{\"changed\": {\"fields\": [\"date\"]}}]',29,1),(762,'2021-10-18 14:47:57.677483','45','Tabata -- Денис',2,'[{\"changed\": {\"fields\": [\"date\"]}}]',29,1),(763,'2021-10-18 14:47:57.679291','46','Хатха Йога (1,5 часа) -- Алексей',2,'[{\"changed\": {\"fields\": [\"date\"]}}]',29,1),(764,'2021-10-18 14:47:57.681096','47','MFR+Stretch -- Денис',2,'[{\"changed\": {\"fields\": [\"date\"]}}]',29,1),(765,'2021-10-18 14:47:57.682874','48','Aero Yoga -- Роман',2,'[{\"changed\": {\"fields\": [\"date\"]}}]',29,1),(766,'2021-10-18 14:47:57.684766','49','ABL -- Юлия Г.',2,'[{\"changed\": {\"fields\": [\"date\"]}}]',29,1),(767,'2021-10-18 14:47:57.686577','50','Круговая тренировка -- Анастасия',2,'[{\"changed\": {\"fields\": [\"date\"]}}]',29,1),(768,'2021-10-18 14:47:57.688368','51','Zumba -- Юлия Г.',2,'[{\"changed\": {\"fields\": [\"date\"]}}]',29,1),(769,'2021-10-18 14:47:57.690185','52','Stretch -- Анастасия',2,'[{\"changed\": {\"fields\": [\"date\"]}}]',29,1),(770,'2021-10-18 14:49:50.946322','49','Zumba -- Юлия Г.',2,'[{\"changed\": {\"fields\": [\"classes\"]}}]',29,1),(771,'2021-10-18 14:51:41.213835','49','ABL -- Юлия Г.',2,'[{\"changed\": {\"fields\": [\"classes\"]}}]',29,1),(772,'2021-10-18 14:51:41.217309','104','ABL -- Юлия Г.',2,'[{\"changed\": {\"fields\": [\"classes\"]}}]',29,1),(773,'2021-10-25 10:20:58.920427','55','Aero Yoga -- Наталья',2,'[{\"changed\": {\"fields\": [\"date\"]}}]',29,1),(774,'2021-10-25 10:20:58.924588','56','Power class -- Юлия',2,'[{\"changed\": {\"fields\": [\"date\"]}}]',29,1),(775,'2021-10-25 10:20:58.926390','57','Yoga -- Юлия',2,'[{\"changed\": {\"fields\": [\"date\"]}}]',29,1),(776,'2021-10-25 10:20:58.928206','58','Power class -- Юлия',2,'[{\"changed\": {\"fields\": [\"date\"]}}]',29,1),(777,'2021-10-25 10:20:58.930025','59','Круговая тренировка -- Юлия',2,'[{\"changed\": {\"fields\": [\"date\"]}}]',29,1),(778,'2021-10-25 10:20:58.931816','60','Танец живота -- Галина',2,'[{\"changed\": {\"fields\": [\"date\"]}}]',29,1),(779,'2021-10-25 10:20:58.933678','61','Бокс -- Игорь',2,'[{\"changed\": {\"fields\": [\"date\"]}}]',29,1),(780,'2021-10-25 10:20:58.935483','62','Yoga -- Юлия',2,'[{\"changed\": {\"fields\": [\"date\"]}}]',29,1),(781,'2021-10-25 10:20:58.937299','63','Stretch -- Галина',2,'[{\"changed\": {\"fields\": [\"date\"]}}]',29,1),(782,'2021-10-25 13:28:06.851899','5','Открытие фитнес клуба на Новосёлов 53Д',2,'[{\"changed\": {\"fields\": [\"title\", \"body\"]}}]',20,1),(783,'2021-10-25 13:54:50.349930','64','Круговая тренировка -- Анастасия',2,'[{\"changed\": {\"fields\": [\"date\"]}}]',29,1),(784,'2021-10-25 13:54:50.352477','65','Stretch -- Анастасия',2,'[{\"changed\": {\"fields\": [\"date\"]}}]',29,1),(785,'2021-10-25 13:54:50.354294','66','Aero Yoga -- Наталья',2,'[{\"changed\": {\"fields\": [\"date\"]}}]',29,1),(786,'2021-10-25 13:54:50.356125','67','Power step -- Денис',2,'[{\"changed\": {\"fields\": [\"date\"]}}]',29,1),(787,'2021-10-25 13:54:50.357919','68','Functional training -- Денис',2,'[{\"changed\": {\"fields\": [\"date\"]}}]',29,1),(788,'2021-10-25 13:54:50.359694','69','Pilates -- Наталья',2,'[{\"changed\": {\"fields\": [\"date\"]}}]',29,1),(789,'2021-10-25 13:54:50.361476','70','Хатха Йога (1,5 часа) -- Алексей',2,'[{\"changed\": {\"fields\": [\"date\"]}}]',29,1),(790,'2021-10-25 13:54:50.363271','71','Abs+Stretch -- Наталья',2,'[{\"changed\": {\"fields\": [\"date\"]}}]',29,1),(791,'2021-10-25 13:54:50.365056','72','Aero Yoga -- Наталья',2,'[{\"changed\": {\"fields\": [\"date\"]}}]',29,1),(792,'2021-10-25 13:54:50.366861','73','Abs+Stretch -- Анастасия',2,'[{\"changed\": {\"fields\": [\"date\"]}}]',29,1),(793,'2021-10-25 13:54:50.368676','74','Yoga -- Наталья',2,'[{\"changed\": {\"fields\": [\"date\"]}}]',29,1),(794,'2021-10-25 13:54:50.370490','75','ABL -- Юлия',2,'[{\"changed\": {\"fields\": [\"date\"]}}]',29,1),(795,'2021-10-25 13:54:50.372260','76','Круговая тренировка -- Юлия',2,'[{\"changed\": {\"fields\": [\"date\"]}}]',29,1),(796,'2021-10-25 13:54:50.374002','77','Lady class -- Галина',2,'[{\"changed\": {\"fields\": [\"date\"]}}]',29,1),(797,'2021-10-25 13:54:50.375787','78','Бокс -- Игорь',2,'[{\"changed\": {\"fields\": [\"date\"]}}]',29,1),(798,'2021-10-25 13:54:50.377667','79','Yoga -- Юлия',2,'[{\"changed\": {\"fields\": [\"date\"]}}]',29,1),(799,'2021-10-25 13:54:50.379481','80','Stretch -- Галина',2,'[{\"changed\": {\"fields\": [\"date\"]}}]',29,1),(800,'2021-10-25 13:54:50.381273','81','Functional training -- Анастасия',2,'[{\"changed\": {\"fields\": [\"date\"]}}]',29,1),(801,'2021-10-25 13:54:50.383063','82','Здоровая спина+MFR -- Анастасия',2,'[{\"changed\": {\"fields\": [\"date\"]}}]',29,1),(802,'2021-10-25 13:54:50.384849','83','Aero Yoga -- Наталья',2,'[{\"changed\": {\"fields\": [\"date\"]}}]',29,1),(803,'2021-10-25 13:54:50.386638','84','Tabata -- Денис',2,'[{\"changed\": {\"fields\": [\"date\"]}}]',29,1),(804,'2021-10-25 13:54:50.388416','85','Power class -- Денис',2,'[{\"changed\": {\"fields\": [\"date\"]}}]',29,1),(805,'2021-10-25 13:54:50.390207','86','Zumba -- Юлия Г.',2,'[{\"changed\": {\"fields\": [\"date\"]}}]',29,1),(806,'2021-10-25 13:54:50.391970','87','Хатха Йога (1,5 часа) -- Алексей',2,'[{\"changed\": {\"fields\": [\"date\"]}}]',29,1),(807,'2021-10-25 13:54:50.393719','88','MFR+Stretch -- Денис',2,'[{\"changed\": {\"fields\": [\"date\"]}}]',29,1),(808,'2021-10-25 13:54:50.395490','89','Power class -- Юлия Г.',2,'[{\"changed\": {\"fields\": [\"date\"]}}]',29,1),(809,'2021-10-25 13:54:50.397267','90','Pilates -- Юлия Г.',2,'[{\"changed\": {\"fields\": [\"date\"]}}]',29,1),(810,'2021-10-25 13:54:50.399076','91','Круговая тренировка -- Наталья',2,'[{\"changed\": {\"fields\": [\"date\"]}}]',29,1),(811,'2021-10-25 13:54:50.400886','92','Yoga -- Наталья',2,'[{\"changed\": {\"fields\": [\"date\"]}}]',29,1),(812,'2021-10-25 13:54:50.402702','93','Dance Mix -- Галина',2,'[{\"changed\": {\"fields\": [\"date\"]}}]',29,1),(813,'2021-10-25 13:54:50.404496','94','Бокс -- Игорь',2,'[{\"changed\": {\"fields\": [\"date\"]}}]',29,1),(814,'2021-10-25 13:54:50.406276','95','Stretch -- Галина',2,'[{\"changed\": {\"fields\": [\"date\"]}}]',29,1),(815,'2021-10-25 13:54:50.408066','96','ABL -- Юлия Г.',2,'[{\"changed\": {\"fields\": [\"date\"]}}]',29,1),(816,'2021-10-25 13:54:50.409863','97','Outdoor Yoga -- Юлия',2,'[{\"changed\": {\"fields\": [\"date\"]}}]',29,1),(817,'2021-10-25 13:54:50.411644','98','Mobility -- Анастасия',2,'[{\"changed\": {\"fields\": [\"date\"]}}]',29,1),(818,'2021-10-25 13:54:50.413436','99','Yoga терапия -- Юлия',2,'[{\"changed\": {\"fields\": [\"date\"]}}]',29,1),(819,'2021-10-25 13:54:50.415221','100','Tabata -- Денис',2,'[{\"changed\": {\"fields\": [\"date\"]}}]',29,1),(820,'2021-10-25 13:54:50.417018','101','Хатха Йога (1,5 часа) -- Алексей',2,'[{\"changed\": {\"fields\": [\"date\"]}}]',29,1),(821,'2021-10-25 13:54:50.418812','102','MFR+Stretch -- Денис',2,'[{\"changed\": {\"fields\": [\"date\"]}}]',29,1),(822,'2021-10-25 13:55:26.258280','103','Aero Yoga -- Роман',2,'[{\"changed\": {\"fields\": [\"date\"]}}]',29,1),(823,'2021-10-25 13:55:26.260549','104','ABL -- Юлия Г.',2,'[{\"changed\": {\"fields\": [\"date\"]}}]',29,1),(824,'2021-10-25 13:55:26.262436','105','Круговая тренировка -- Анастасия',2,'[{\"changed\": {\"fields\": [\"date\"]}}]',29,1),(825,'2021-10-25 13:55:26.264408','106','ABL -- Юлия Г.',2,'[{\"changed\": {\"fields\": [\"date\"]}}]',29,1),(826,'2021-10-25 13:55:26.266225','107','Stretch -- Анастасия',2,'[{\"changed\": {\"fields\": [\"date\"]}}]',29,1),(827,'2021-10-25 13:55:26.268053','108','Stretch -- Наталья',2,'[{\"changed\": {\"fields\": [\"date\"]}}]',29,1),(828,'2021-10-25 14:02:00.961812','102','MFR+Stretch -- Денис',2,'[{\"changed\": {\"fields\": [\"date\"]}}]',29,1),(829,'2021-10-25 14:03:11.683253','102','MFR+Stretch -- Денис',2,'[{\"changed\": {\"fields\": [\"date\"]}}]',29,1),(830,'2021-10-25 14:04:32.926982','51','ABL -- Юлия Г.',2,'[{\"changed\": {\"fields\": [\"classes\"]}}]',29,1),(831,'2021-10-25 14:05:23.267682','47','MFR+Stretch -- Денис',2,'[{\"changed\": {\"fields\": [\"date\"]}}]',29,1),(832,'2021-10-25 14:07:10.921826','12','Aero Yoga -- Наталья',2,'[{\"changed\": {\"fields\": [\"time\"]}}]',29,1),(833,'2021-10-25 14:08:00.537242','13','Power step -- Денис',2,'[{\"changed\": {\"fields\": [\"hall\"]}}]',29,1),(834,'2021-10-25 14:08:31.727259','108','Stretch -- Наталья',2,'[{\"changed\": {\"fields\": [\"publicated\"]}}]',29,1),(835,'2021-10-25 14:08:40.968313','108','Stretch -- Наталья',2,'[{\"changed\": {\"fields\": [\"publicated\"]}}]',29,1),(836,'2021-10-25 14:09:11.549632','109','Stretch -- Наталья',1,'[{\"added\": {}}]',29,1),(837,'2021-10-25 14:10:22.212663','15','Pilates -- Наталья',2,'[{\"changed\": {\"fields\": [\"time\"]}}]',29,1),(838,'2021-10-25 14:11:54.455656','25','Круговая тренировка -- Юлия',2,'[{\"changed\": {\"fields\": [\"time\"]}}]',29,1),(839,'2021-10-25 14:12:03.647518','22','Yoga -- Юлия',2,'[{\"changed\": {\"fields\": [\"time\"]}}]',29,1),(840,'2021-10-25 14:13:14.309583','54','ABL -- Юлия Г.',2,'[{\"changed\": {\"fields\": [\"hall\"]}}]',29,1),(841,'2021-10-25 14:13:59.663547','110','Хатха Йога (1,5 часа) -- Алексей',1,'[{\"added\": {}}]',29,1),(842,'2021-10-26 15:34:11.436364','7','НИ В ЧЕМ СЕБЕ НЕ ОТКАЗЫВАЙ!',2,'[{\"changed\": {\"fields\": [\"body\"]}}]',21,2),(843,'2021-10-26 15:35:32.810466','10','Не забудь добавить Фитнес в свое расписание!',1,'[{\"added\": {}}]',21,2),(844,'2021-10-26 15:37:15.421189','11','Экономь время и деньги вместе с Фитнес  клубом «Эволюция»!',1,'[{\"added\": {}}]',21,2),(845,'2021-10-26 21:37:05.027829','8','УВАЖАЕМЫЕ КЛИЕНТЫ И ГОСТИ НАШЕГО ФИТНЕС КЛУБА!',1,'[{\"added\": {}}]',20,2),(846,'2021-11-02 09:57:35.481312','10','Александр',1,'[{\"added\": {}}]',27,2),(847,'2021-11-02 09:59:17.452363','2','Aero Yoga -- Наталья',2,'[{\"changed\": {\"fields\": [\"date\", \"time\"]}}]',29,2),(848,'2021-11-02 09:59:17.454806','1','Power class -- Наталья',2,'[{\"changed\": {\"fields\": [\"instructor\", \"date\", \"time\"]}}]',29,2),(849,'2021-11-02 09:59:17.456633','4','Yoga -- Наталья',2,'[{\"changed\": {\"fields\": [\"instructor\", \"date\", \"time\"]}}]',29,2),(850,'2021-11-02 09:59:17.458815','3','Танец живота -- Галина',2,'[{\"changed\": {\"fields\": [\"classes\", \"instructor\", \"hall\", \"date\", \"time\"]}}]',29,2),(851,'2021-11-02 09:59:17.460682','7','Круговая тренировка -- Юлия Г.',2,'[{\"changed\": {\"fields\": [\"classes\", \"instructor\", \"hall\", \"date\", \"time\"]}}]',29,2),(852,'2021-11-02 09:59:17.462569','10','Бокс -- Александр',2,'[{\"changed\": {\"fields\": [\"classes\", \"instructor\", \"hall\", \"date\", \"time\"]}}]',29,2),(853,'2021-11-02 09:59:17.464406','11','Stretch -- Галина',2,'[{\"changed\": {\"fields\": [\"instructor\", \"date\", \"time\"]}}]',29,2),(854,'2021-11-02 10:01:59.662507','12','Aero Yoga -- Наталья',2,'[{\"changed\": {\"fields\": [\"date\"]}}]',29,2),(855,'2021-11-02 10:01:59.664964','13','Power step -- Денис',2,'[{\"changed\": {\"fields\": [\"date\"]}}]',29,2),(856,'2021-11-02 10:01:59.666781','18','Aero Yoga -- Наталья',2,'[{\"changed\": {\"fields\": [\"date\"]}}]',29,2),(857,'2021-11-02 10:01:59.668576','19','Abs+Stretch -- Анастасия',2,'[{\"changed\": {\"fields\": [\"date\"]}}]',29,2),(858,'2021-11-02 10:01:59.670426','20','Yoga -- Наталья',2,'[{\"changed\": {\"fields\": [\"date\"]}}]',29,2),(859,'2021-11-02 10:01:59.672132','21','ABL -- Юлия',2,'[{\"changed\": {\"fields\": [\"date\"]}}]',29,2),(860,'2021-11-02 10:05:33.094124','12','Круговая тренировка -- Анастасия',2,'[{\"changed\": {\"fields\": [\"classes\", \"instructor\", \"time\"]}}]',29,2),(861,'2021-11-02 10:05:33.096411','13','Stretch -- Анастасия',2,'[{\"changed\": {\"fields\": [\"classes\", \"instructor\", \"time\"]}}]',29,2),(862,'2021-11-02 10:05:33.098172','18','Aero Yoga -- Наталья',2,'[{\"changed\": {\"fields\": [\"time\"]}}]',29,2),(863,'2021-11-02 10:05:33.099988','19','Pilates -- Наталья',2,'[{\"changed\": {\"fields\": [\"classes\", \"instructor\", \"hall\", \"time\"]}}]',29,2),(864,'2021-11-02 10:05:33.101814','20','Functional training -- Денис',2,'[{\"changed\": {\"fields\": [\"classes\", \"instructor\", \"hall\", \"time\"]}}]',29,2),(865,'2021-11-02 10:05:33.103599','21','Хатха Йога (1,5 часа) -- Алексей',2,'[{\"changed\": {\"fields\": [\"classes\", \"instructor\", \"time\"]}}]',29,2),(866,'2021-11-02 10:09:47.408288','23','Interval training (55 мин.)',1,'[{\"added\": {}}]',31,2),(867,'2021-11-02 10:11:43.487608','24','ABS 30 (30 мин.)',1,'[{\"added\": {}}]',31,2),(868,'2021-11-02 10:15:05.657959','24','Aero Yoga -- Наталья',2,'[{\"changed\": {\"fields\": [\"classes\", \"instructor\", \"hall\", \"date\", \"time\"]}}]',29,2),(869,'2021-11-02 10:15:05.660523','27','Interval training (55 мин.) -- Денис',2,'[{\"changed\": {\"fields\": [\"classes\", \"instructor\", \"hall\", \"date\", \"time\"]}}]',29,2),(870,'2021-11-02 10:15:05.662565','28','ABS 30 (30 мин.) -- Денис',2,'[{\"changed\": {\"fields\": [\"classes\", \"instructor\", \"hall\", \"date\", \"time\"]}}]',29,2),(871,'2021-11-02 10:15:05.664508','29','Power class -- Юлия Г.',2,'[{\"changed\": {\"fields\": [\"classes\", \"instructor\", \"date\", \"time\"]}}]',29,2),(872,'2021-11-02 10:15:05.666386','30','Lady class -- Галина',2,'[{\"changed\": {\"fields\": [\"classes\", \"instructor\", \"date\", \"time\"]}}]',29,2),(873,'2021-11-02 10:15:05.668221','35','Бокс -- Александр',2,'[{\"changed\": {\"fields\": [\"classes\", \"instructor\", \"hall\", \"date\", \"time\"]}}]',29,2),(874,'2021-11-02 10:15:05.670011','36','Stretch -- Галина',2,'[{\"changed\": {\"fields\": [\"classes\", \"instructor\", \"date\", \"time\"]}}]',29,2),(875,'2021-11-02 10:19:37.403204','37','Functional training -- Анастасия',2,'[{\"changed\": {\"fields\": [\"classes\", \"instructor\", \"date\", \"time\"]}}]',29,2),(876,'2021-11-02 10:19:37.405886','40','Здоровая спина+MFR -- Анастасия',2,'[{\"changed\": {\"fields\": [\"classes\", \"instructor\", \"hall\", \"date\", \"time\"]}}]',29,2),(877,'2021-11-02 10:19:37.408229','42','Aero Yoga -- Наталья',2,'[{\"changed\": {\"fields\": [\"classes\", \"instructor\", \"hall\", \"date\", \"time\"]}}]',29,2),(878,'2021-11-02 10:19:37.410515','43','Power class -- Денис',2,'[{\"changed\": {\"fields\": [\"classes\", \"instructor\", \"date\", \"time\"]}}]',29,2),(879,'2021-11-02 10:19:37.412828','44','Zumba -- Юлия Г.',2,'[{\"changed\": {\"fields\": [\"classes\", \"instructor\", \"date\", \"time\"]}}]',29,2),(880,'2021-11-02 10:19:37.415339','45','Хатха Йога (1,5 часа) -- Алексей',2,'[{\"changed\": {\"fields\": [\"classes\", \"instructor\", \"date\", \"time\"]}}]',29,2),(881,'2021-11-02 10:22:17.380497','46','Power class -- Алексей',2,'[{\"changed\": {\"fields\": [\"classes\", \"hall\", \"date\"]}}]',29,2),(882,'2021-11-02 10:22:17.382739','47','Pilates -- Денис',2,'[{\"changed\": {\"fields\": [\"classes\", \"hall\", \"date\"]}}]',29,2),(883,'2021-11-02 10:22:17.384645','48','ABL -- Роман',2,'[{\"changed\": {\"fields\": [\"classes\", \"date\", \"time\"]}}]',29,2),(884,'2021-11-02 10:22:17.386502','49','Dance Mix -- Юлия Г.',2,'[{\"changed\": {\"fields\": [\"classes\", \"date\", \"time\"]}}]',29,2),(885,'2021-11-02 10:22:17.388314','50','Бокс -- Анастасия',2,'[{\"changed\": {\"fields\": [\"classes\", \"hall\", \"date\", \"time\"]}}]',29,2),(886,'2021-11-02 10:22:17.390150','51','Stretch -- Юлия Г.',2,'[{\"changed\": {\"fields\": [\"classes\", \"date\", \"time\"]}}]',29,2),(887,'2021-11-02 10:25:59.755017','4','Yoga -- Наталья',2,'[{\"changed\": {\"fields\": [\"date\"]}}]',29,2),(888,'2021-11-02 10:25:59.757167','3','Танец живота -- Галина',2,'[{\"changed\": {\"fields\": [\"date\"]}}]',29,2),(889,'2021-11-02 10:25:59.758950','7','Круговая тренировка -- Юлия Г.',2,'[{\"changed\": {\"fields\": [\"date\"]}}]',29,2),(890,'2021-11-02 10:25:59.760738','10','Бокс -- Александр',2,'[{\"changed\": {\"fields\": [\"date\"]}}]',29,2),(891,'2021-11-02 10:25:59.762510','11','Stretch -- Галина',2,'[{\"changed\": {\"fields\": [\"date\"]}}]',29,2),(892,'2021-11-02 10:25:59.764290','12','Круговая тренировка -- Анастасия',2,'[{\"changed\": {\"fields\": [\"date\"]}}]',29,2),(893,'2021-11-02 10:25:59.766054','13','Stretch -- Анастасия',2,'[{\"changed\": {\"fields\": [\"date\"]}}]',29,2),(894,'2021-11-02 10:25:59.767827','18','Aero Yoga -- Наталья',2,'[{\"changed\": {\"fields\": [\"date\"]}}]',29,2),(895,'2021-11-02 10:25:59.769643','19','Pilates -- Наталья',2,'[{\"changed\": {\"fields\": [\"date\"]}}]',29,2),(896,'2021-11-02 10:25:59.771579','20','Functional training -- Денис',2,'[{\"changed\": {\"fields\": [\"date\"]}}]',29,2),(897,'2021-11-02 10:25:59.773467','21','Хатха Йога (1,5 часа) -- Алексей',2,'[{\"changed\": {\"fields\": [\"date\"]}}]',29,2),(898,'2021-11-02 10:25:59.775281','24','Aero Yoga -- Наталья',2,'[{\"changed\": {\"fields\": [\"date\"]}}]',29,2),(899,'2021-11-02 10:25:59.776983','27','Interval training (55 мин.) -- Денис',2,'[{\"changed\": {\"fields\": [\"date\"]}}]',29,2),(900,'2021-11-02 10:25:59.778853','28','ABS 30 (30 мин.) -- Денис',2,'[{\"changed\": {\"fields\": [\"date\"]}}]',29,2),(901,'2021-11-02 10:25:59.780675','29','Power class -- Юлия Г.',2,'[{\"changed\": {\"fields\": [\"date\"]}}]',29,2),(902,'2021-11-02 10:25:59.782721','30','Lady class -- Галина',2,'[{\"changed\": {\"fields\": [\"date\"]}}]',29,2),(903,'2021-11-02 10:25:59.784824','35','Бокс -- Александр',2,'[{\"changed\": {\"fields\": [\"date\"]}}]',29,2),(904,'2021-11-02 10:25:59.786665','36','Stretch -- Галина',2,'[{\"changed\": {\"fields\": [\"date\"]}}]',29,2),(905,'2021-11-02 10:25:59.788505','37','Functional training -- Анастасия',2,'[{\"changed\": {\"fields\": [\"date\"]}}]',29,2),(906,'2021-11-02 10:25:59.790360','40','Здоровая спина+MFR -- Анастасия',2,'[{\"changed\": {\"fields\": [\"date\"]}}]',29,2),(907,'2021-11-02 10:25:59.792219','42','Aero Yoga -- Наталья',2,'[{\"changed\": {\"fields\": [\"date\"]}}]',29,2),(908,'2021-11-02 10:25:59.794058','43','Power class -- Денис',2,'[{\"changed\": {\"fields\": [\"date\"]}}]',29,2),(909,'2021-11-02 10:25:59.795898','44','Zumba -- Юлия Г.',2,'[{\"changed\": {\"fields\": [\"date\"]}}]',29,2),(910,'2021-11-02 10:25:59.797733','45','Хатха Йога (1,5 часа) -- Алексей',2,'[{\"changed\": {\"fields\": [\"date\"]}}]',29,2),(911,'2021-11-02 10:25:59.799579','46','Power class -- Алексей',2,'[{\"changed\": {\"fields\": [\"date\"]}}]',29,2),(912,'2021-11-02 10:25:59.801359','47','Pilates -- Денис',2,'[{\"changed\": {\"fields\": [\"date\"]}}]',29,2),(913,'2021-11-02 10:25:59.803216','48','ABL -- Роман',2,'[{\"changed\": {\"fields\": [\"date\"]}}]',29,2),(914,'2021-11-02 10:25:59.805028','49','Dance Mix -- Юлия Г.',2,'[{\"changed\": {\"fields\": [\"date\"]}}]',29,2),(915,'2021-11-02 10:25:59.806849','50','Бокс -- Анастасия',2,'[{\"changed\": {\"fields\": [\"date\"]}}]',29,2),(916,'2021-11-02 10:25:59.808656','51','Stretch -- Юлия Г.',2,'[{\"changed\": {\"fields\": [\"date\"]}}]',29,2),(917,'2021-11-02 10:25:59.810486','52','Stretch -- Анастасия',2,'[{\"changed\": {\"fields\": [\"date\"]}}]',29,2),(918,'2021-11-02 10:25:59.812307','55','Aero Yoga -- Наталья',2,'[{\"changed\": {\"fields\": [\"date\"]}}]',29,2),(919,'2021-11-02 10:25:59.814122','56','Power class -- Юлия',2,'[{\"changed\": {\"fields\": [\"date\"]}}]',29,2),(920,'2021-11-02 10:25:59.815933','57','Yoga -- Юлия',2,'[{\"changed\": {\"fields\": [\"date\"]}}]',29,2),(921,'2021-11-02 10:27:58.036568','52','Mobility -- Анастасия',2,'[{\"changed\": {\"fields\": [\"classes\", \"hall\", \"time\"]}}]',29,2),(922,'2021-11-02 10:27:58.038941','55','Хатха Йога (1,5 часа) -- Алексей',2,'[{\"changed\": {\"fields\": [\"classes\", \"instructor\", \"hall\", \"time\"]}}]',29,2),(923,'2021-11-02 10:27:58.040847','56','Tabata -- Денис',2,'[{\"changed\": {\"fields\": [\"classes\", \"instructor\", \"hall\", \"time\"]}}]',29,2),(924,'2021-11-02 10:27:58.042785','57','Stretch -- Денис',2,'[{\"changed\": {\"fields\": [\"classes\", \"instructor\", \"time\"]}}]',29,2),(925,'2021-11-02 10:30:17.300705','58','Aero Yoga -- Роман',2,'[{\"changed\": {\"fields\": [\"classes\", \"instructor\", \"date\", \"time\"]}}]',29,2),(926,'2021-11-02 10:30:17.303559','5','ABL -- Юлия Г.',2,'[{\"changed\": {\"fields\": [\"classes\", \"instructor\", \"hall\", \"date\", \"time\"]}}]',29,2),(927,'2021-11-02 10:30:17.305545','61','Stretch -- Анастасия',2,'[{\"changed\": {\"fields\": [\"classes\", \"instructor\", \"hall\", \"date\", \"time\"]}}]',29,2),(928,'2021-11-02 10:30:17.307475','6','Zumba -- Юлия Г.',2,'[{\"changed\": {\"fields\": [\"classes\", \"instructor\", \"date\", \"time\"]}}]',29,2),(929,'2021-11-02 10:35:21.028943','14','Aero Yoga -- Наталья',2,'[{\"changed\": {\"fields\": [\"classes\", \"instructor\", \"date\", \"time\"]}}]',29,2),(930,'2021-11-02 10:35:21.031196','15','Power class -- Наталья',2,'[{\"changed\": {\"fields\": [\"classes\", \"date\", \"time\"]}}]',29,2),(931,'2021-11-02 10:35:21.033017','64','Yoga -- Наталья',2,'[{\"changed\": {\"fields\": [\"classes\", \"instructor\", \"hall\", \"date\", \"time\"]}}]',29,2),(932,'2021-11-02 10:35:21.034668','25','Танец живота -- Галина',2,'[{\"changed\": {\"fields\": [\"classes\", \"instructor\", \"hall\", \"date\"]}}]',29,2),(933,'2021-11-02 10:35:21.036363','65','Круговая тренировка -- Юлия Г.',2,'[{\"changed\": {\"fields\": [\"classes\", \"instructor\", \"hall\", \"date\", \"time\"]}}]',29,2),(934,'2021-11-02 10:35:21.038006','23','Бокс -- Александр',2,'[{\"changed\": {\"fields\": [\"classes\", \"instructor\", \"hall\", \"date\", \"time\"]}}]',29,2),(935,'2021-11-02 10:35:21.039704','66','Stretch -- Галина',2,'[{\"changed\": {\"fields\": [\"classes\", \"instructor\", \"hall\", \"date\", \"time\"]}}]',29,2),(936,'2021-11-02 10:38:41.715936','31','Круговая тренировка -- Анастасия',2,'[{\"changed\": {\"fields\": [\"classes\", \"instructor\", \"date\", \"time\"]}}]',29,2),(937,'2021-11-02 10:38:41.718403','67','Stretch -- Анастасия',2,'[{\"changed\": {\"fields\": [\"classes\", \"instructor\", \"date\", \"time\"]}}]',29,2),(938,'2021-11-02 10:38:41.720279','32','Aero Yoga -- Наталья',2,'[{\"changed\": {\"fields\": [\"classes\", \"instructor\", \"hall\", \"date\", \"time\"]}}]',29,2),(939,'2021-11-02 10:38:41.722108','38','Pilates -- Наталья',2,'[{\"changed\": {\"fields\": [\"classes\", \"hall\", \"date\"]}}]',29,2),(940,'2021-11-02 10:38:41.723949','39','Functional training -- Денис',2,'[{\"changed\": {\"fields\": [\"classes\", \"instructor\", \"hall\", \"date\"]}}]',29,2),(941,'2021-11-02 10:38:41.725842','59','Хатха Йога (1,5 часа) -- Алексей',2,'[{\"changed\": {\"fields\": [\"classes\", \"instructor\", \"date\", \"time\"]}}]',29,2),(942,'2021-11-02 10:42:10.801926','60','Aero Yoga -- Наталья',2,'[{\"changed\": {\"fields\": [\"classes\", \"instructor\", \"hall\", \"date\", \"time\"]}}]',29,2),(943,'2021-11-02 10:42:10.804423','72','Interval training (55 мин.) -- Денис',2,'[{\"changed\": {\"fields\": [\"classes\", \"instructor\", \"hall\", \"date\", \"time\"]}}]',29,2),(944,'2021-11-02 10:42:10.806266','68','ABS 30 (30 мин.) -- Денис',2,'[{\"changed\": {\"fields\": [\"classes\", \"date\", \"time\"]}}]',29,2),(945,'2021-11-02 10:42:10.808121','73','Power class -- Юлия Г.',2,'[{\"changed\": {\"fields\": [\"classes\", \"instructor\", \"date\", \"time\"]}}]',29,2),(946,'2021-11-02 10:42:10.809999','69','Lady class -- Галина',2,'[{\"changed\": {\"fields\": [\"classes\", \"instructor\", \"date\"]}}]',29,2),(947,'2021-11-02 10:42:10.811888','76','Бокс -- Александр',2,'[{\"changed\": {\"fields\": [\"classes\", \"instructor\", \"hall\", \"date\"]}}]',29,2),(948,'2021-11-02 10:42:10.813751','74','Stretch -- Галина',2,'[{\"changed\": {\"fields\": [\"classes\", \"instructor\", \"date\", \"time\"]}}]',29,2),(949,'2021-11-02 10:45:34.159079','77','Functional training -- Анастасия',2,'[{\"changed\": {\"fields\": [\"classes\", \"instructor\", \"hall\", \"date\", \"time\"]}}]',29,2),(950,'2021-11-02 10:45:34.161213','75','Здоровая спина+MFR -- Анастасия',2,'[{\"changed\": {\"fields\": [\"classes\", \"instructor\", \"hall\", \"date\", \"time\"]}}]',29,2),(951,'2021-11-02 10:45:34.163007','85','Aero Yoga -- Наталья',2,'[{\"changed\": {\"fields\": [\"classes\", \"instructor\", \"date\", \"time\"]}}]',29,2),(952,'2021-11-02 10:45:34.164799','86','Power class -- Денис',2,'[{\"changed\": {\"fields\": [\"classes\", \"instructor\", \"hall\", \"date\"]}}]',29,2),(953,'2021-11-02 10:45:34.166607','92','Zumba -- Юлия Г.',2,'[{\"changed\": {\"fields\": [\"classes\", \"instructor\", \"hall\", \"date\"]}}]',29,2),(954,'2021-11-02 10:45:34.168468','78','Хатха Йога (1,5 часа) -- Алексей',2,'[{\"changed\": {\"fields\": [\"classes\", \"instructor\", \"hall\", \"date\", \"time\"]}}]',29,2),(955,'2021-11-02 10:48:55.578859','93','Power class -- Алексей',2,'[{\"changed\": {\"fields\": [\"classes\", \"instructor\", \"hall\", \"date\", \"time\"]}}]',29,2),(956,'2021-11-02 10:48:55.582671','81','Pilates -- Денис',2,'[{\"changed\": {\"fields\": [\"classes\", \"instructor\", \"hall\", \"date\", \"time\"]}}]',29,2),(957,'2021-11-02 10:48:55.584580','82','ABL -- Роман',2,'[{\"changed\": {\"fields\": [\"classes\", \"instructor\", \"hall\", \"date\", \"time\"]}}]',29,2),(958,'2021-11-02 10:48:55.586484','83','Dance Mix -- Юлия Г.',2,'[{\"changed\": {\"fields\": [\"classes\", \"instructor\", \"hall\", \"date\", \"time\"]}}]',29,2),(959,'2021-11-02 10:48:55.588390','84','Бокс -- Анастасия',2,'[{\"changed\": {\"fields\": [\"classes\", \"instructor\", \"hall\", \"date\", \"time\"]}}]',29,2),(960,'2021-11-02 10:48:55.590302','89','Stretch -- Юлия Г.',2,'[{\"changed\": {\"fields\": [\"classes\", \"hall\", \"date\", \"time\"]}}]',29,2),(961,'2021-11-02 10:51:25.210500','90','Mobility -- Анастасия',2,'[{\"changed\": {\"fields\": [\"classes\", \"instructor\", \"hall\", \"date\"]}}]',29,2),(962,'2021-11-02 10:51:25.212740','91','Хатха Йога (1,5 часа) -- Алексей',2,'[{\"changed\": {\"fields\": [\"classes\", \"instructor\", \"hall\", \"date\", \"time\"]}}]',29,2),(963,'2021-11-02 10:51:25.214715','94','Tabata -- Денис',2,'[{\"changed\": {\"fields\": [\"classes\", \"instructor\", \"hall\", \"date\", \"time\"]}}]',29,2),(964,'2021-11-02 10:51:25.216529','97','Stretch -- Денис',2,'[{\"changed\": {\"fields\": [\"classes\", \"instructor\", \"hall\", \"date\", \"time\"]}}]',29,2),(965,'2021-11-02 10:53:34.816579','98','Aero Yoga -- Роман',2,'[{\"changed\": {\"fields\": [\"classes\", \"instructor\", \"date\", \"time\"]}}]',29,2),(966,'2021-11-02 10:53:34.818698','99','ABL -- Юлия Г.',2,'[{\"changed\": {\"fields\": [\"classes\", \"instructor\", \"date\"]}}]',29,2),(967,'2021-11-02 10:53:34.820999','100','Stretch -- Анастасия',2,'[{\"changed\": {\"fields\": [\"classes\", \"instructor\", \"hall\", \"date\"]}}]',29,2),(968,'2021-11-02 10:53:34.822779','101','Zumba -- Юлия Г.',2,'[{\"changed\": {\"fields\": [\"classes\", \"instructor\", \"date\"]}}]',29,2),(969,'2021-11-02 10:56:19.181131','102','MFR+Stretch -- Денис',3,'',29,2),(970,'2021-11-02 10:56:19.182200','103','Aero Yoga -- Роман',3,'',29,2),(971,'2021-11-02 10:56:19.182915','104','ABL -- Юлия Г.',3,'',29,2),(972,'2021-11-02 10:56:19.183619','105','Круговая тренировка -- Анастасия',3,'',29,2),(973,'2021-11-02 10:56:19.184315','106','ABL -- Юлия Г.',3,'',29,2),(974,'2021-11-02 10:56:19.184969','107','Stretch -- Анастасия',3,'',29,2),(975,'2021-11-02 10:56:19.185669','108','Stretch -- Наталья',3,'',29,2),(976,'2021-11-02 10:56:19.186357','109','Stretch -- Наталья',3,'',29,2),(977,'2021-11-02 10:56:19.187020','8','Yoga -- Юлия',3,'',29,2),(978,'2021-11-02 10:56:19.187710','9','Stretch -- Галина',3,'',29,2),(979,'2021-11-02 10:56:19.188391','110','Хатха Йога (1,5 часа) -- Алексей',3,'',29,2),(980,'2021-11-02 10:56:19.189093','17','Abs+Stretch -- Наталья',3,'',29,2),(981,'2021-11-02 10:56:19.189801','22','Yoga -- Юлия',3,'',29,2),(982,'2021-11-02 10:56:19.190502','26','Stretch -- Галина',3,'',29,2),(983,'2021-11-02 10:56:19.191157','33','Хатха Йога (1,5 часа) -- Алексей',3,'',29,2),(984,'2021-11-02 10:56:19.191807','34','MFR+Stretch -- Денис',3,'',29,2),(985,'2021-11-02 10:56:19.192485','41','Stretch -- Галина',3,'',29,2),(986,'2021-11-02 10:56:19.193131','54','ABL -- Юлия Г.',3,'',29,2),(987,'2021-11-02 10:56:19.193826','62','Yoga -- Юлия',3,'',29,2),(988,'2021-11-02 10:56:19.194501','63','Stretch -- Галина',3,'',29,2),(989,'2021-11-02 10:56:49.475605','70','Хатха Йога (1,5 часа) -- Алексей',3,'',29,2),(990,'2021-11-02 10:56:49.477320','71','Abs+Stretch -- Наталья',3,'',29,2),(991,'2021-11-02 10:56:49.478324','79','Yoga -- Юлия',3,'',29,2),(992,'2021-11-02 10:56:49.479279','80','Stretch -- Галина',3,'',29,2),(993,'2021-11-02 10:56:49.480244','87','Хатха Йога (1,5 часа) -- Алексей',3,'',29,2),(994,'2021-11-02 10:56:49.481207','88','MFR+Stretch -- Денис',3,'',29,2),(995,'2021-11-02 10:56:49.482159','95','Stretch -- Галина',3,'',29,2),(996,'2021-11-02 10:56:49.483112','96','ABL -- Юлия Г.',3,'',29,2),(997,'2021-11-02 11:01:32.719243','12','Продлеваем лучшее предложение этого сезона до 15 ноября!',1,'[{\"added\": {}}]',21,2),(998,'2021-11-07 16:49:47.219365','9','contacts-worktime-w-title',2,'[{\"changed\": {\"fields\": [\"value\"]}}]',14,2),(999,'2021-11-07 16:50:57.414510','12','contacts-worktime-txt',2,'[{\"changed\": {\"fields\": [\"value\"]}}]',9,2),(1000,'2021-11-07 16:51:27.432969','9','contacts-worktime-w-title',2,'[{\"changed\": {\"fields\": [\"value\"]}}]',14,2),(1001,'2021-11-07 16:56:14.495659','13','contacts-worktime-w-txt',2,'[{\"changed\": {\"fields\": [\"value\"]}}]',9,2),(1002,'2021-11-08 03:02:01.532924','76','Бокс -- Александр',2,'[{\"changed\": {\"fields\": [\"time\"]}}]',29,1),(1003,'2021-11-08 03:04:00.193240','2','Aero Yoga -- Наталья',2,'[{\"changed\": {\"fields\": [\"date\"]}}]',29,1),(1004,'2021-11-08 03:04:00.196242','1','Power class -- Наталья',2,'[{\"changed\": {\"fields\": [\"date\"]}}]',29,1),(1005,'2021-11-08 03:04:00.198398','4','Yoga -- Наталья',2,'[{\"changed\": {\"fields\": [\"date\"]}}]',29,1),(1006,'2021-11-08 03:04:00.200517','3','Танец живота -- Галина',2,'[{\"changed\": {\"fields\": [\"date\"]}}]',29,1),(1007,'2021-11-08 03:04:00.202649','7','Круговая тренировка -- Юлия Г.',2,'[{\"changed\": {\"fields\": [\"date\"]}}]',29,1),(1008,'2021-11-08 03:04:00.204762','10','Бокс -- Александр',2,'[{\"changed\": {\"fields\": [\"date\"]}}]',29,1),(1009,'2021-11-08 03:04:00.206902','11','Stretch -- Галина',2,'[{\"changed\": {\"fields\": [\"date\"]}}]',29,1),(1010,'2021-11-08 03:06:11.855984','12','Круговая тренировка -- Анастасия',2,'[{\"changed\": {\"fields\": [\"date\"]}}]',29,1),(1011,'2021-11-08 03:06:11.858329','13','Stretch -- Анастасия',2,'[{\"changed\": {\"fields\": [\"date\"]}}]',29,1),(1012,'2021-11-08 03:06:11.860207','18','Aero Yoga -- Наталья',2,'[{\"changed\": {\"fields\": [\"date\"]}}]',29,1),(1013,'2021-11-08 03:06:11.862154','19','Pilates -- Наталья',2,'[{\"changed\": {\"fields\": [\"date\"]}}]',29,1),(1014,'2021-11-08 03:06:11.863963','20','Functional training -- Денис',2,'[{\"changed\": {\"fields\": [\"date\"]}}]',29,1),(1015,'2021-11-08 03:06:11.865776','21','Хатха Йога (1,5 часа) -- Алексей',2,'[{\"changed\": {\"fields\": [\"date\"]}}]',29,1),(1016,'2021-11-08 03:06:11.867618','24','Aero Yoga -- Наталья',2,'[{\"changed\": {\"fields\": [\"date\"]}}]',29,1),(1017,'2021-11-08 03:06:11.869435','27','Interval training (55 мин.) -- Денис',2,'[{\"changed\": {\"fields\": [\"date\"]}}]',29,1),(1018,'2021-11-08 03:06:11.871294','28','ABS 30 (30 мин.) -- Денис',2,'[{\"changed\": {\"fields\": [\"date\"]}}]',29,1),(1019,'2021-11-08 03:06:11.873134','29','Power class -- Юлия Г.',2,'[{\"changed\": {\"fields\": [\"date\"]}}]',29,1),(1020,'2021-11-08 03:06:11.875036','30','Lady class -- Галина',2,'[{\"changed\": {\"fields\": [\"date\"]}}]',29,1),(1021,'2021-11-08 03:06:11.876883','35','Бокс -- Александр',2,'[{\"changed\": {\"fields\": [\"date\"]}}]',29,1),(1022,'2021-11-08 03:06:11.878723','36','Stretch -- Галина',2,'[{\"changed\": {\"fields\": [\"date\"]}}]',29,1),(1023,'2021-11-08 03:06:11.880556','37','Functional training -- Анастасия',2,'[{\"changed\": {\"fields\": [\"date\"]}}]',29,1),(1024,'2021-11-08 03:06:11.882422','40','Здоровая спина+MFR -- Анастасия',2,'[{\"changed\": {\"fields\": [\"date\"]}}]',29,1),(1025,'2021-11-08 03:06:11.884362','42','Aero Yoga -- Наталья',2,'[{\"changed\": {\"fields\": [\"date\"]}}]',29,1),(1026,'2021-11-08 03:06:11.886170','43','Power class -- Денис',2,'[{\"changed\": {\"fields\": [\"date\"]}}]',29,1),(1027,'2021-11-08 03:06:11.888035','44','Zumba -- Юлия Г.',2,'[{\"changed\": {\"fields\": [\"date\"]}}]',29,1),(1028,'2021-11-08 03:06:11.889886','45','Хатха Йога (1,5 часа) -- Алексей',2,'[{\"changed\": {\"fields\": [\"date\"]}}]',29,1),(1029,'2021-11-08 03:06:11.891672','46','Power class -- Алексей',2,'[{\"changed\": {\"fields\": [\"date\"]}}]',29,1),(1030,'2021-11-08 03:06:11.893491','47','Pilates -- Денис',2,'[{\"changed\": {\"fields\": [\"date\"]}}]',29,1),(1031,'2021-11-08 03:06:11.895366','48','ABL -- Роман',2,'[{\"changed\": {\"fields\": [\"date\"]}}]',29,1),(1032,'2021-11-08 03:06:11.897267','49','Dance Mix -- Юлия Г.',2,'[{\"changed\": {\"fields\": [\"date\"]}}]',29,1),(1033,'2021-11-08 03:06:11.899126','50','Бокс -- Анастасия',2,'[{\"changed\": {\"fields\": [\"date\"]}}]',29,1),(1034,'2021-11-08 03:06:11.901001','51','Stretch -- Юлия Г.',2,'[{\"changed\": {\"fields\": [\"date\"]}}]',29,1),(1035,'2021-11-08 03:06:11.902859','52','Mobility -- Анастасия',2,'[{\"changed\": {\"fields\": [\"date\"]}}]',29,1),(1036,'2021-11-08 03:06:11.904662','55','Хатха Йога (1,5 часа) -- Алексей',2,'[{\"changed\": {\"fields\": [\"date\"]}}]',29,1),(1037,'2021-11-08 03:06:11.906529','56','Tabata -- Денис',2,'[{\"changed\": {\"fields\": [\"date\"]}}]',29,1),(1038,'2021-11-08 03:06:11.908326','57','Stretch -- Денис',2,'[{\"changed\": {\"fields\": [\"date\"]}}]',29,1),(1039,'2021-11-08 03:06:11.910159','58','Aero Yoga -- Роман',2,'[{\"changed\": {\"fields\": [\"date\"]}}]',29,1),(1040,'2021-11-08 03:06:11.911996','5','ABL -- Юлия Г.',2,'[{\"changed\": {\"fields\": [\"date\"]}}]',29,1),(1041,'2021-11-08 03:06:11.913802','61','Stretch -- Анастасия',2,'[{\"changed\": {\"fields\": [\"date\"]}}]',29,1),(1042,'2021-11-08 03:06:11.915590','6','Zumba -- Юлия Г.',2,'[{\"changed\": {\"fields\": [\"date\"]}}]',29,1),(1043,'2021-11-08 12:29:51.745771','14','Aero Yoga -- Наталья',2,'[{\"changed\": {\"fields\": [\"time\"]}}]',29,2),(1044,'2021-11-08 12:29:51.747995','15','Power class -- Наталья',2,'[{\"changed\": {\"fields\": [\"time\"]}}]',29,2),(1045,'2021-11-08 12:29:51.749810','64','Yoga -- Наталья',2,'[{\"changed\": {\"fields\": [\"time\"]}}]',29,2),(1046,'2021-11-08 12:31:47.286975','31','Круговая тренировка -- Анастасия',2,'[{\"changed\": {\"fields\": [\"time\"]}}]',29,2),(1047,'2021-11-08 12:31:47.289494','67','Stretch -- Анастасия',2,'[{\"changed\": {\"fields\": [\"time\"]}}]',29,2),(1048,'2021-11-08 12:33:13.678580','11','Диана',1,'[{\"added\": {}}]',27,2),(1049,'2021-11-08 12:33:46.475037','60','Aero Yoga -- Наталья',2,'[{\"changed\": {\"fields\": [\"time\"]}}]',29,2),(1050,'2021-11-08 12:33:46.477693','72','Interval training (55 мин.) -- Диана',2,'[{\"changed\": {\"fields\": [\"instructor\", \"time\"]}}]',29,2),(1051,'2021-11-08 12:33:46.479557','68','ABS 30 (30 мин.) -- Денис',2,'[{\"changed\": {\"fields\": [\"time\"]}}]',29,2),(1052,'2021-11-08 12:35:03.383923','68','ABS 30 (30 мин.) -- Диана',2,'[{\"changed\": {\"fields\": [\"instructor\"]}}]',29,2),(1053,'2021-11-08 12:37:55.902403','77','Functional training -- Анастасия',2,'[{\"changed\": {\"fields\": [\"time\"]}}]',29,2),(1054,'2021-11-08 12:37:55.904563','75','Здоровая спина+MFR -- Анастасия',2,'[{\"changed\": {\"fields\": [\"time\"]}}]',29,2),(1055,'2021-11-08 12:39:55.887067','93','Power class -- Юлия Г.',2,'[{\"changed\": {\"fields\": [\"instructor\", \"time\"]}}]',29,2),(1056,'2021-11-08 12:39:55.893371','81','Pilates -- Юлия Г.',2,'[{\"changed\": {\"fields\": [\"instructor\", \"time\"]}}]',29,2),(1057,'2021-11-08 12:39:55.895646','82','ABL -- Юлия Г.',2,'[{\"changed\": {\"fields\": [\"instructor\"]}}]',29,2),(1058,'2021-11-08 12:39:55.897561','83','Dance Mix -- Галина',2,'[{\"changed\": {\"fields\": [\"instructor\"]}}]',29,2),(1059,'2021-11-08 12:39:55.899452','84','Бокс -- Александр',2,'[{\"changed\": {\"fields\": [\"instructor\"]}}]',29,2),(1060,'2021-11-08 12:41:10.373900','97','Stretch -- Денис',2,'[{\"changed\": {\"fields\": [\"hall\"]}}]',29,2),(1061,'2021-11-08 12:42:31.288376','100','Круговая тренировка -- Анастасия',2,'[{\"changed\": {\"fields\": [\"classes\", \"hall\"]}}]',29,2),(1062,'2021-11-08 12:43:07.188764','111','Stretch -- Анастасия',1,'[{\"added\": {}}]',29,2),(1063,'2021-11-08 12:47:05.202243','2','Aero Yoga -- Наталья',3,'',29,2),(1064,'2021-11-08 12:47:05.203625','1','Power class -- Наталья',3,'',29,2),(1065,'2021-11-08 12:47:05.204339','4','Yoga -- Наталья',3,'',29,2),(1066,'2021-11-08 12:47:05.205062','3','Танец живота -- Галина',3,'',29,2),(1067,'2021-11-08 12:47:05.205755','7','Круговая тренировка -- Юлия Г.',3,'',29,2),(1068,'2021-11-08 12:47:05.206460','10','Бокс -- Александр',3,'',29,2),(1069,'2021-11-08 12:47:05.207140','11','Stretch -- Галина',3,'',29,2),(1070,'2021-11-08 12:47:05.207808','12','Круговая тренировка -- Анастасия',3,'',29,2),(1071,'2021-11-08 12:47:05.208475','13','Stretch -- Анастасия',3,'',29,2),(1072,'2021-11-08 12:47:05.209192','18','Aero Yoga -- Наталья',3,'',29,2),(1073,'2021-11-08 12:47:05.209867','19','Pilates -- Наталья',3,'',29,2),(1074,'2021-11-08 12:47:05.210536','20','Functional training -- Денис',3,'',29,2),(1075,'2021-11-08 12:47:05.211259','21','Хатха Йога (1,5 часа) -- Алексей',3,'',29,2),(1076,'2021-11-08 12:47:05.211958','24','Aero Yoga -- Наталья',3,'',29,2),(1077,'2021-11-08 12:47:05.212622','27','Interval training (55 мин.) -- Денис',3,'',29,2),(1078,'2021-11-08 12:47:05.213316','28','ABS 30 (30 мин.) -- Денис',3,'',29,2),(1079,'2021-11-08 12:47:05.213993','29','Power class -- Юлия Г.',3,'',29,2),(1080,'2021-11-08 12:47:05.214755','30','Lady class -- Галина',3,'',29,2),(1081,'2021-11-08 12:47:05.215431','35','Бокс -- Александр',3,'',29,2),(1082,'2021-11-08 12:47:05.216095','36','Stretch -- Галина',3,'',29,2),(1083,'2021-11-08 12:47:05.216791','37','Functional training -- Анастасия',3,'',29,2),(1084,'2021-11-08 12:47:05.217447','40','Здоровая спина+MFR -- Анастасия',3,'',29,2),(1085,'2021-11-08 12:47:05.218146','42','Aero Yoga -- Наталья',3,'',29,2),(1086,'2021-11-08 12:47:05.218840','43','Power class -- Денис',3,'',29,2),(1087,'2021-11-08 12:47:05.219542','44','Zumba -- Юлия Г.',3,'',29,2),(1088,'2021-11-08 12:47:05.220253','45','Хатха Йога (1,5 часа) -- Алексей',3,'',29,2),(1089,'2021-11-08 12:47:05.221025','46','Power class -- Алексей',3,'',29,2),(1090,'2021-11-08 12:47:05.221790','47','Pilates -- Денис',3,'',29,2),(1091,'2021-11-08 12:47:05.222468','48','ABL -- Роман',3,'',29,2),(1092,'2021-11-08 12:47:05.223158','49','Dance Mix -- Юлия Г.',3,'',29,2),(1093,'2021-11-08 12:47:05.223835','50','Бокс -- Анастасия',3,'',29,2),(1094,'2021-11-08 12:47:05.224482','51','Stretch -- Юлия Г.',3,'',29,2),(1095,'2021-11-08 12:47:05.225157','52','Mobility -- Анастасия',3,'',29,2),(1096,'2021-11-08 12:47:05.225883','55','Хатха Йога (1,5 часа) -- Алексей',3,'',29,2),(1097,'2021-11-08 12:47:05.226589','56','Tabata -- Денис',3,'',29,2),(1098,'2021-11-08 12:47:05.227293','57','Stretch -- Денис',3,'',29,2),(1099,'2021-11-08 12:47:05.227962','58','Aero Yoga -- Роман',3,'',29,2),(1100,'2021-11-08 12:47:05.228652','5','ABL -- Юлия Г.',3,'',29,2),(1101,'2021-11-08 12:47:05.229335','61','Stretch -- Анастасия',3,'',29,2),(1102,'2021-11-08 12:47:05.230001','6','Zumba -- Юлия Г.',3,'',29,2),(1103,'2021-11-12 13:45:30.775204','13','Супер выгодно!',1,'[{\"added\": {}}]',21,2),(1104,'2021-11-15 09:42:45.532270','14','Aero Yoga -- Наталья',2,'[{\"changed\": {\"fields\": [\"date\"]}}]',29,1),(1105,'2021-11-15 09:42:45.535855','15','Power class -- Наталья',2,'[{\"changed\": {\"fields\": [\"date\"]}}]',29,1),(1106,'2021-11-15 09:42:45.537915','64','Yoga -- Наталья',2,'[{\"changed\": {\"fields\": [\"date\"]}}]',29,1),(1107,'2021-11-15 09:42:45.539908','25','Танец живота -- Галина',2,'[{\"changed\": {\"fields\": [\"date\"]}}]',29,1),(1108,'2021-11-15 09:42:45.541877','65','Круговая тренировка -- Юлия Г.',2,'[{\"changed\": {\"fields\": [\"date\"]}}]',29,1),(1109,'2021-11-15 09:42:45.549542','23','Бокс -- Александр',2,'[{\"changed\": {\"fields\": [\"date\"]}}]',29,1),(1110,'2021-11-15 09:42:45.551440','66','Stretch -- Галина',2,'[{\"changed\": {\"fields\": [\"date\"]}}]',29,1),(1111,'2021-11-15 09:44:24.482874','31','Круговая тренировка -- Анастасия',2,'[{\"changed\": {\"fields\": [\"date\"]}}]',29,1),(1112,'2021-11-15 09:44:24.485307','67','Stretch -- Анастасия',2,'[{\"changed\": {\"fields\": [\"date\"]}}]',29,1),(1113,'2021-11-15 09:44:24.487036','32','Aero Yoga -- Наталья',2,'[{\"changed\": {\"fields\": [\"date\"]}}]',29,1),(1114,'2021-11-15 09:44:24.488733','38','Pilates -- Наталья',2,'[{\"changed\": {\"fields\": [\"date\"]}}]',29,1),(1115,'2021-11-15 09:44:24.490444','39','Functional training -- Денис',2,'[{\"changed\": {\"fields\": [\"date\"]}}]',29,1),(1116,'2021-11-15 09:44:24.492167','59','Хатха Йога (1,5 часа) -- Алексей',2,'[{\"changed\": {\"fields\": [\"date\"]}}]',29,1),(1117,'2021-11-15 09:44:24.493874','60','Aero Yoga -- Наталья',2,'[{\"changed\": {\"fields\": [\"date\"]}}]',29,1),(1118,'2021-11-15 09:44:24.495681','72','Interval training (55 мин.) -- Диана',2,'[{\"changed\": {\"fields\": [\"date\"]}}]',29,1),(1119,'2021-11-15 09:44:24.497512','68','ABS 30 (30 мин.) -- Диана',2,'[{\"changed\": {\"fields\": [\"date\"]}}]',29,1),(1120,'2021-11-15 09:44:24.499275','73','Power class -- Юлия Г.',2,'[{\"changed\": {\"fields\": [\"date\"]}}]',29,1),(1121,'2021-11-15 09:44:24.500986','69','Lady class -- Галина',2,'[{\"changed\": {\"fields\": [\"date\"]}}]',29,1),(1122,'2021-11-15 09:44:24.503630','76','Бокс -- Александр',2,'[{\"changed\": {\"fields\": [\"date\"]}}]',29,1),(1123,'2021-11-15 09:44:24.505536','74','Stretch -- Галина',2,'[{\"changed\": {\"fields\": [\"date\"]}}]',29,1),(1124,'2021-11-15 09:44:24.507342','77','Functional training -- Анастасия',2,'[{\"changed\": {\"fields\": [\"date\"]}}]',29,1),(1125,'2021-11-15 09:44:24.509108','75','Здоровая спина+MFR -- Анастасия',2,'[{\"changed\": {\"fields\": [\"date\"]}}]',29,1),(1126,'2021-11-15 09:44:24.510802','85','Aero Yoga -- Наталья',2,'[{\"changed\": {\"fields\": [\"date\"]}}]',29,1),(1127,'2021-11-15 09:44:24.512597','86','Power class -- Денис',2,'[{\"changed\": {\"fields\": [\"date\"]}}]',29,1),(1128,'2021-11-15 09:44:24.514316','92','Zumba -- Юлия Г.',2,'[{\"changed\": {\"fields\": [\"date\"]}}]',29,1),(1129,'2021-11-15 09:44:24.516010','78','Хатха Йога (1,5 часа) -- Алексей',2,'[{\"changed\": {\"fields\": [\"date\"]}}]',29,1),(1130,'2021-11-15 09:45:43.918224','93','Power class -- Юлия Г.',2,'[{\"changed\": {\"fields\": [\"date\"]}}]',29,1),(1131,'2021-11-15 09:45:43.921036','81','Pilates -- Юлия Г.',2,'[{\"changed\": {\"fields\": [\"date\"]}}]',29,1),(1132,'2021-11-15 09:45:43.923210','82','ABL -- Юлия Г.',2,'[{\"changed\": {\"fields\": [\"date\"]}}]',29,1),(1133,'2021-11-15 09:45:43.925486','83','Dance Mix -- Галина',2,'[{\"changed\": {\"fields\": [\"date\"]}}]',29,1),(1134,'2021-11-15 09:45:43.927781','84','Бокс -- Александр',2,'[{\"changed\": {\"fields\": [\"date\"]}}]',29,1),(1135,'2021-11-15 09:45:43.929990','89','Stretch -- Юлия Г.',2,'[{\"changed\": {\"fields\": [\"date\"]}}]',29,1),(1136,'2021-11-15 09:45:43.932307','90','Mobility -- Анастасия',2,'[{\"changed\": {\"fields\": [\"date\"]}}]',29,1),(1137,'2021-11-15 09:45:43.934525','91','Хатха Йога (1,5 часа) -- Алексей',2,'[{\"changed\": {\"fields\": [\"date\"]}}]',29,1),(1138,'2021-11-15 09:45:43.936705','94','Tabata -- Денис',2,'[{\"changed\": {\"fields\": [\"date\"]}}]',29,1),(1139,'2021-11-15 09:45:43.938937','97','Stretch -- Денис',2,'[{\"changed\": {\"fields\": [\"date\"]}}]',29,1),(1140,'2021-11-15 09:45:43.941046','98','Aero Yoga -- Роман',2,'[{\"changed\": {\"fields\": [\"date\"]}}]',29,1),(1141,'2021-11-15 09:45:43.943182','99','ABL -- Юлия Г.',2,'[{\"changed\": {\"fields\": [\"date\"]}}]',29,1),(1142,'2021-11-15 09:45:43.945302','100','Круговая тренировка -- Анастасия',2,'[{\"changed\": {\"fields\": [\"date\"]}}]',29,1),(1143,'2021-11-15 09:45:43.947440','101','Zumba -- Юлия Г.',2,'[{\"changed\": {\"fields\": [\"date\"]}}]',29,1),(1144,'2021-11-15 09:45:43.949573','111','Stretch -- Анастасия',2,'[{\"changed\": {\"fields\": [\"date\"]}}]',29,1),(1145,'2021-11-21 19:48:23.849334','14','Aero Yoga -- Наталья',2,'[{\"changed\": {\"fields\": [\"date\"]}}]',29,2),(1146,'2021-11-21 19:48:23.853056','15','Power class -- Денис',2,'[{\"changed\": {\"fields\": [\"instructor\", \"date\"]}}]',29,2),(1147,'2021-11-21 19:48:23.854924','64','Yoga -- Наталья',2,'[{\"changed\": {\"fields\": [\"date\"]}}]',29,2),(1148,'2021-11-21 19:48:23.856910','25','Танец живота -- Галина',2,'[{\"changed\": {\"fields\": [\"date\"]}}]',29,2),(1149,'2021-11-21 19:48:23.858765','65','Круговая тренировка -- Юлия Г.',2,'[{\"changed\": {\"fields\": [\"date\"]}}]',29,2),(1150,'2021-11-21 19:48:23.860553','23','Бокс -- Александр',2,'[{\"changed\": {\"fields\": [\"date\"]}}]',29,2),(1151,'2021-11-21 19:48:23.862386','66','Stretch -- Галина',2,'[{\"changed\": {\"fields\": [\"date\"]}}]',29,2),(1152,'2021-11-21 19:48:57.439480','112','Power class -- Денис',1,'[{\"added\": {}}]',29,2),(1153,'2021-11-21 19:52:02.210732','65','Круговая тренировка -- Денис',2,'[{\"changed\": {\"fields\": [\"instructor\"]}}]',29,2),(1154,'2021-11-21 19:52:25.057847','113','Stretch -- Галина',1,'[{\"added\": {}}]',29,2),(1155,'2021-11-21 19:53:31.931249','31','Круговая тренировка -- Анастасия',3,'',29,2),(1156,'2021-11-21 19:54:01.265731','113','Stretch -- Галина',3,'',29,2),(1157,'2021-11-21 19:59:39.340246','67','Круговая тренировка -- Анастасия',2,'[{\"changed\": {\"fields\": [\"classes\", \"hall\", \"date\", \"time\"]}}]',29,2),(1158,'2021-11-21 19:59:39.342968','32','Stretch -- Анастасия',2,'[{\"changed\": {\"fields\": [\"classes\", \"instructor\", \"hall\", \"date\", \"time\"]}}]',29,2),(1159,'2021-11-21 19:59:39.345146','38','Aero Yoga -- Наталья',2,'[{\"changed\": {\"fields\": [\"classes\", \"hall\", \"date\", \"time\"]}}]',29,2),(1160,'2021-11-21 19:59:39.347290','39','Power step -- Денис',2,'[{\"changed\": {\"fields\": [\"classes\", \"hall\", \"date\", \"time\"]}}]',29,2),(1161,'2021-11-21 19:59:39.349805','59','Pilates -- Наталья',2,'[{\"changed\": {\"fields\": [\"classes\", \"instructor\", \"hall\", \"date\", \"time\"]}}]',29,2),(1162,'2021-11-21 20:00:19.650020','114','Functional training -- Денис',1,'[{\"added\": {}}]',29,2),(1163,'2021-11-21 20:00:28.015054','114','Functional training -- Денис',2,'[]',29,2),(1164,'2021-11-21 20:00:58.695104','115','Хатха Йога (1,5 часа) -- Алексей',1,'[{\"added\": {}}]',29,2),(1165,'2021-11-21 20:02:06.286435','116','Tabata -- Наталья',1,'[{\"added\": {}}]',29,2),(1166,'2021-11-21 20:07:38.316203','117','Хатха Йога (1,5 часа) -- Алексей',1,'[{\"added\": {}}]',29,2),(1167,'2021-11-21 20:08:05.719226','118','Tabata -- Наталья',1,'[{\"added\": {}}]',29,2),(1168,'2021-11-21 20:09:26.430478','116','Tabata -- Наталья',3,'',29,2),(1169,'2021-11-21 20:10:01.878571','115','Хатха Йога (1,5 часа) -- Алексей',3,'',29,2),(1170,'2021-11-21 20:11:41.981812','32','Stretch -- Наталья',2,'[{\"changed\": {\"fields\": [\"instructor\"]}}]',29,2),(1171,'2021-11-21 20:17:40.676282','60','Aero Yoga -- Наталья',2,'[{\"changed\": {\"fields\": [\"date\"]}}]',29,2),(1172,'2021-11-21 20:17:40.678866','68','Interval training (55 мин.) -- Диана',2,'[{\"changed\": {\"fields\": [\"classes\", \"hall\", \"date\", \"time\"]}}]',29,2),(1173,'2021-11-21 20:17:40.681073','72','ABS 30 (30 мин.) -- Диана',2,'[{\"changed\": {\"fields\": [\"classes\", \"hall\", \"date\", \"time\"]}}]',29,2),(1174,'2021-11-21 20:17:40.683251','69','Yoga -- Наталья',2,'[{\"changed\": {\"fields\": [\"classes\", \"instructor\", \"date\", \"time\"]}}]',29,2),(1175,'2021-11-21 20:17:40.685913','73','ABL -- Юлия Г.',2,'[{\"changed\": {\"fields\": [\"classes\", \"date\", \"time\"]}}]',29,2),(1176,'2021-11-21 20:17:40.688095','74','Круговая тренировка -- Юлия Г.',2,'[{\"changed\": {\"fields\": [\"classes\", \"instructor\", \"hall\", \"date\", \"time\"]}}]',29,2),(1177,'2021-11-21 20:17:40.690264','76','Lady class -- Галина',2,'[{\"changed\": {\"fields\": [\"classes\", \"instructor\", \"hall\", \"date\", \"time\"]}}]',29,2),(1178,'2021-11-21 20:17:40.692424','77','Бокс -- Александр',2,'[{\"changed\": {\"fields\": [\"classes\", \"instructor\", \"hall\", \"date\", \"time\"]}}]',29,2),(1179,'2021-11-21 20:17:40.694593','75','Stretch -- Галина',2,'[{\"changed\": {\"fields\": [\"classes\", \"instructor\", \"date\", \"time\"]}}]',29,2),(1180,'2021-11-21 20:22:45.997164','85','Functional training -- Анастасия',2,'[{\"changed\": {\"fields\": [\"classes\", \"instructor\", \"date\", \"time\"]}}]',29,2),(1181,'2021-11-21 20:22:45.999409','86','Здоровая спина+MFR -- Анастасия',2,'[{\"changed\": {\"fields\": [\"classes\", \"instructor\", \"hall\", \"date\", \"time\"]}}]',29,2),(1182,'2021-11-21 20:22:46.001271','78','Aero Yoga -- Наталья',2,'[{\"changed\": {\"fields\": [\"classes\", \"instructor\", \"date\", \"time\"]}}]',29,2),(1183,'2021-11-21 20:22:46.003137','92','Tabata -- Денис',2,'[{\"changed\": {\"fields\": [\"classes\", \"instructor\", \"date\", \"time\"]}}]',29,2),(1184,'2021-11-21 20:22:46.004953','93','Power class -- Денис',2,'[{\"changed\": {\"fields\": [\"instructor\", \"date\", \"time\"]}}]',29,2),(1185,'2021-11-21 20:22:46.006838','81','Zumba -- Юлия Г.',2,'[{\"changed\": {\"fields\": [\"classes\", \"date\", \"time\"]}}]',29,2),(1186,'2021-11-21 20:22:46.009044','82','Хатха Йога (1,5 часа) -- Алексей',2,'[{\"changed\": {\"fields\": [\"classes\", \"instructor\", \"date\", \"time\"]}}]',29,2),(1187,'2021-11-21 20:22:46.010911','83','MFR+Stretch -- Денис',2,'[{\"changed\": {\"fields\": [\"classes\", \"instructor\", \"date\", \"time\"]}}]',29,2),(1188,'2021-11-21 20:27:28.107173','84','Power class -- Галина',2,'[{\"changed\": {\"fields\": [\"classes\", \"instructor\", \"hall\", \"date\", \"time\"]}}]',29,2),(1189,'2021-11-21 20:27:28.109416','89','Pilates -- Юлия Г.',2,'[{\"changed\": {\"fields\": [\"classes\", \"date\", \"time\"]}}]',29,2),(1190,'2021-11-21 20:27:28.111353','90','Круговая тренировка -- Наталья',2,'[{\"changed\": {\"fields\": [\"classes\", \"instructor\", \"date\", \"time\"]}}]',29,2),(1191,'2021-11-21 20:27:28.113283','91','Yoga -- Наталья',2,'[{\"changed\": {\"fields\": [\"classes\", \"instructor\", \"hall\", \"date\", \"time\"]}}]',29,2),(1192,'2021-11-21 20:27:28.115223','94','Dance Mix -- Галина',2,'[{\"changed\": {\"fields\": [\"classes\", \"instructor\", \"hall\", \"date\", \"time\"]}}]',29,2),(1193,'2021-11-21 20:27:28.117420','97','Бокс -- Александр',2,'[{\"changed\": {\"fields\": [\"classes\", \"instructor\", \"hall\", \"date\", \"time\"]}}]',29,2),(1194,'2021-11-21 20:27:28.119542','98','Stretch -- Галина',2,'[{\"changed\": {\"fields\": [\"classes\", \"instructor\", \"hall\", \"date\", \"time\"]}}]',29,2),(1195,'2021-11-21 20:27:28.121427','99','ABL -- Юлия Г.',2,'[{\"changed\": {\"fields\": [\"hall\", \"date\", \"time\"]}}]',29,2),(1196,'2021-11-21 20:29:25.348584','100','Mobility -- Анастасия',2,'[{\"changed\": {\"fields\": [\"classes\", \"date\", \"time\"]}}]',29,2),(1197,'2021-11-21 20:29:25.351092','101','Хатха Йога (1,5 часа) -- Алексей',2,'[{\"changed\": {\"fields\": [\"classes\", \"instructor\", \"date\"]}}]',29,2),(1198,'2021-11-21 20:29:25.353276','111','Tabata -- Денис',2,'[{\"changed\": {\"fields\": [\"classes\", \"instructor\", \"hall\", \"date\"]}}]',29,2),(1199,'2021-11-21 20:30:06.898119','119','MFR+Stretch -- Денис',1,'[{\"added\": {}}]',29,2),(1200,'2021-11-21 20:30:54.824722','120','Aero Yoga -- Роман',1,'[{\"added\": {}}]',29,2),(1201,'2021-11-21 20:30:58.078173','120','Aero Yoga -- Роман',2,'[]',29,2),(1202,'2021-11-21 20:31:22.336817','121','ABL -- Юлия Г.',1,'[{\"added\": {}}]',29,2),(1203,'2021-11-21 20:31:48.986042','122','Круговая тренировка -- Анастасия',1,'[{\"added\": {}}]',29,2),(1204,'2021-11-21 20:32:23.193941','123','Zumba -- Юлия Г.',1,'[{\"added\": {}}]',29,2),(1205,'2021-11-21 20:32:45.298501','124','Stretch -- Анастасия',1,'[{\"added\": {}}]',29,2),(1206,'2021-11-22 17:15:57.101605','9','Дорогие друзья!',1,'[{\"added\": {}}]',20,2),(1207,'2021-11-22 17:19:40.145596','9','Дорогие друзья!',2,'[{\"changed\": {\"fields\": [\"image_preview\", \"image\"]}}]',20,2),(1208,'2021-11-22 17:20:16.014694','12','contacts-worktime-txt',2,'[{\"changed\": {\"fields\": [\"value\"]}}]',9,2),(1209,'2021-11-22 17:21:44.868285','13','contacts-worktime-w-txt',2,'[{\"changed\": {\"fields\": [\"value\"]}}]',9,2),(1210,'2021-11-22 17:22:18.156203','13','contacts-worktime-w-txt',2,'[{\"changed\": {\"fields\": [\"value\"]}}]',9,2),(1211,'2021-11-22 17:22:57.701258','9','contacts-worktime-w-title',2,'[{\"changed\": {\"fields\": [\"value\"]}}]',14,2),(1212,'2021-11-22 17:23:22.416708','9','contacts-worktime-w-title',2,'[{\"changed\": {\"fields\": [\"value\"]}}]',14,2),(1213,'2021-11-24 11:11:09.985161','14','Начинаем тотальную распродажу сегодня!',1,'[{\"added\": {}}]',21,2),(1214,'2021-11-25 12:00:54.138839','6','+ 3 месяца в подарок',2,'[{\"changed\": {\"fields\": [\"publicated\"]}}]',21,2),(1215,'2021-11-25 12:01:21.848907','8','2 абонемента по цене 1',2,'[{\"changed\": {\"fields\": [\"publicated\"]}}]',21,2),(1216,'2021-11-25 12:02:02.126850','9','Студенческий год за 9900',2,'[{\"changed\": {\"fields\": [\"publicated\"]}}]',21,2),(1217,'2021-11-25 12:02:22.671081','11','Экономь время и деньги вместе с Фитнес  клубом «Эволюция»!',2,'[{\"changed\": {\"fields\": [\"publicated\"]}}]',21,2),(1218,'2021-11-25 12:14:35.134094','12','Продлеваем лучшее предложение этого сезона до 15 ноября!',2,'[{\"changed\": {\"fields\": [\"publicated\"]}}]',21,2),(1219,'2021-11-25 12:15:08.209253','8','УВАЖАЕМЫЕ КЛИЕНТЫ И ГОСТИ НАШЕГО ФИТНЕС КЛУБА!',2,'[{\"changed\": {\"fields\": [\"publicated\"]}}]',20,2),(1220,'2021-11-29 03:05:00.133992','14','Aero Yoga -- Наталья',2,'[{\"changed\": {\"fields\": [\"date\"]}}]',29,1),(1221,'2021-11-29 03:05:00.137880','15','Power class -- Денис',2,'[{\"changed\": {\"fields\": [\"date\"]}}]',29,1),(1222,'2021-11-29 03:05:00.139657','64','Yoga -- Наталья',2,'[{\"changed\": {\"fields\": [\"date\"]}}]',29,1),(1223,'2021-11-29 03:05:00.141464','112','Power class -- Денис',2,'[{\"changed\": {\"fields\": [\"date\"]}}]',29,1),(1224,'2021-11-29 03:05:00.143342','25','Танец живота -- Галина',2,'[{\"changed\": {\"fields\": [\"date\"]}}]',29,1),(1225,'2021-11-29 03:05:00.145082','65','Круговая тренировка -- Денис',2,'[{\"changed\": {\"fields\": [\"date\"]}}]',29,1),(1226,'2021-11-29 03:05:00.146931','23','Бокс -- Александр',2,'[{\"changed\": {\"fields\": [\"date\"]}}]',29,1),(1227,'2021-11-29 03:05:00.148629','66','Stretch -- Галина',2,'[{\"changed\": {\"fields\": [\"date\"]}}]',29,1),(1228,'2021-11-29 03:05:00.150286','67','Круговая тренировка -- Анастасия',2,'[{\"changed\": {\"fields\": [\"date\"]}}]',29,1),(1229,'2021-11-29 03:05:00.151940','32','Stretch -- Наталья',2,'[{\"changed\": {\"fields\": [\"date\"]}}]',29,1),(1230,'2021-11-29 03:05:00.153647','38','Aero Yoga -- Наталья',2,'[{\"changed\": {\"fields\": [\"date\"]}}]',29,1),(1231,'2021-11-29 03:05:00.155385','39','Power step -- Денис',2,'[{\"changed\": {\"fields\": [\"date\"]}}]',29,1),(1232,'2021-11-29 03:05:00.157135','59','Pilates -- Наталья',2,'[{\"changed\": {\"fields\": [\"date\"]}}]',29,1),(1233,'2021-11-29 03:05:00.158877','114','Functional training -- Денис',2,'[{\"changed\": {\"fields\": [\"date\"]}}]',29,1),(1234,'2021-11-29 03:05:00.160567','117','Хатха Йога (1,5 часа) -- Алексей',2,'[{\"changed\": {\"fields\": [\"date\"]}}]',29,1),(1235,'2021-11-29 03:05:00.163893','118','Tabata -- Наталья',2,'[{\"changed\": {\"fields\": [\"date\"]}}]',29,1),(1236,'2021-11-29 03:05:00.165700','60','Aero Yoga -- Наталья',2,'[{\"changed\": {\"fields\": [\"date\"]}}]',29,1),(1237,'2021-11-29 03:05:00.167386','68','Interval training (55 мин.) -- Диана',2,'[{\"changed\": {\"fields\": [\"date\"]}}]',29,1),(1238,'2021-11-29 03:05:00.169057','72','ABS 30 (30 мин.) -- Диана',2,'[{\"changed\": {\"fields\": [\"date\"]}}]',29,1),(1239,'2021-11-29 03:05:00.170722','69','Yoga -- Наталья',2,'[{\"changed\": {\"fields\": [\"date\"]}}]',29,1),(1240,'2021-11-29 03:05:00.172377','73','ABL -- Юлия Г.',2,'[{\"changed\": {\"fields\": [\"date\"]}}]',29,1),(1241,'2021-11-29 03:05:00.174063','74','Круговая тренировка -- Юлия Г.',2,'[{\"changed\": {\"fields\": [\"date\"]}}]',29,1),(1242,'2021-11-29 03:05:00.175720','76','Lady class -- Галина',2,'[{\"changed\": {\"fields\": [\"date\"]}}]',29,1),(1243,'2021-11-29 03:05:00.177395','77','Бокс -- Александр',2,'[{\"changed\": {\"fields\": [\"date\"]}}]',29,1),(1244,'2021-11-29 03:05:00.179102','75','Stretch -- Галина',2,'[{\"changed\": {\"fields\": [\"date\"]}}]',29,1),(1245,'2021-11-29 03:05:00.180797','85','Functional training -- Анастасия',2,'[{\"changed\": {\"fields\": [\"date\"]}}]',29,1),(1246,'2021-11-29 03:05:00.182563','86','Здоровая спина+MFR -- Анастасия',2,'[{\"changed\": {\"fields\": [\"date\"]}}]',29,1),(1247,'2021-11-29 03:05:00.184614','78','Aero Yoga -- Наталья',2,'[{\"changed\": {\"fields\": [\"date\"]}}]',29,1),(1248,'2021-11-29 03:05:00.186567','92','Tabata -- Денис',2,'[{\"changed\": {\"fields\": [\"date\"]}}]',29,1),(1249,'2021-11-29 03:05:00.188907','93','Power class -- Денис',2,'[{\"changed\": {\"fields\": [\"date\"]}}]',29,1),(1250,'2021-11-29 03:05:00.191847','81','Zumba -- Юлия Г.',2,'[{\"changed\": {\"fields\": [\"date\"]}}]',29,1),(1251,'2021-11-29 03:05:00.194074','82','Хатха Йога (1,5 часа) -- Алексей',2,'[{\"changed\": {\"fields\": [\"date\"]}}]',29,1),(1252,'2021-11-29 03:05:00.196220','83','MFR+Stretch -- Денис',2,'[{\"changed\": {\"fields\": [\"date\"]}}]',29,1),(1253,'2021-11-29 03:05:00.198309','84','Power class -- Галина',2,'[{\"changed\": {\"fields\": [\"date\"]}}]',29,1),(1254,'2021-11-29 03:05:00.200472','89','Pilates -- Юлия Г.',2,'[{\"changed\": {\"fields\": [\"date\"]}}]',29,1),(1255,'2021-11-29 03:05:00.202505','90','Круговая тренировка -- Наталья',2,'[{\"changed\": {\"fields\": [\"date\"]}}]',29,1),(1256,'2021-11-29 03:05:00.204423','91','Yoga -- Наталья',2,'[{\"changed\": {\"fields\": [\"date\"]}}]',29,1),(1257,'2021-11-29 03:05:00.206443','94','Dance Mix -- Галина',2,'[{\"changed\": {\"fields\": [\"date\"]}}]',29,1),(1258,'2021-11-29 03:05:00.208614','97','Бокс -- Александр',2,'[{\"changed\": {\"fields\": [\"date\"]}}]',29,1),(1259,'2021-11-29 03:05:00.210833','98','Stretch -- Галина',2,'[{\"changed\": {\"fields\": [\"date\"]}}]',29,1),(1260,'2021-11-29 03:05:00.212954','99','ABL -- Юлия Г.',2,'[{\"changed\": {\"fields\": [\"date\"]}}]',29,1),(1261,'2021-11-29 03:05:00.215068','100','Mobility -- Анастасия',2,'[{\"changed\": {\"fields\": [\"date\"]}}]',29,1),(1262,'2021-11-29 03:05:00.217138','101','Хатха Йога (1,5 часа) -- Алексей',2,'[{\"changed\": {\"fields\": [\"date\"]}}]',29,1),(1263,'2021-11-29 03:05:00.219277','111','Tabata -- Денис',2,'[{\"changed\": {\"fields\": [\"date\"]}}]',29,1),(1264,'2021-11-29 03:05:00.221366','119','MFR+Stretch -- Денис',2,'[{\"changed\": {\"fields\": [\"date\"]}}]',29,1),(1265,'2021-11-29 03:05:00.223421','120','Aero Yoga -- Роман',2,'[{\"changed\": {\"fields\": [\"date\"]}}]',29,1),(1266,'2021-11-29 03:05:00.225516','121','ABL -- Юлия Г.',2,'[{\"changed\": {\"fields\": [\"date\"]}}]',29,1),(1267,'2021-11-29 03:05:00.227559','122','Круговая тренировка -- Анастасия',2,'[{\"changed\": {\"fields\": [\"date\"]}}]',29,1),(1268,'2021-11-29 03:05:00.229564','123','Zumba -- Юлия Г.',2,'[{\"changed\": {\"fields\": [\"date\"]}}]',29,1),(1269,'2021-11-29 03:05:00.231593','124','Stretch -- Анастасия',2,'[{\"changed\": {\"fields\": [\"date\"]}}]',29,1),(1270,'2021-12-06 10:22:00.227235','112','Power class -- Денис',2,'[{\"changed\": {\"fields\": [\"date\"]}}]',29,1),(1271,'2021-12-06 10:22:00.233621','66','Stretch -- Галина',2,'[{\"changed\": {\"fields\": [\"date\"]}}]',29,1),(1272,'2021-12-06 10:22:00.235481','65','Круговая тренировка -- Денис',2,'[{\"changed\": {\"fields\": [\"date\"]}}]',29,1),(1273,'2021-12-06 10:22:00.237359','64','Yoga -- Наталья',2,'[{\"changed\": {\"fields\": [\"date\"]}}]',29,1),(1274,'2021-12-06 10:22:00.239219','25','Танец живота -- Галина',2,'[{\"changed\": {\"fields\": [\"date\"]}}]',29,1),(1275,'2021-12-06 10:22:00.241214','23','Бокс -- Александр',2,'[{\"changed\": {\"fields\": [\"date\"]}}]',29,1),(1276,'2021-12-06 10:22:00.243121','15','Power class -- Денис',2,'[{\"changed\": {\"fields\": [\"date\"]}}]',29,1),(1277,'2021-12-06 10:22:00.244997','14','Aero Yoga -- Наталья',2,'[{\"changed\": {\"fields\": [\"date\"]}}]',29,1),(1278,'2021-12-06 10:33:17.467159','118','Tabata -- Наталья',2,'[{\"changed\": {\"fields\": [\"date\"]}}]',29,1),(1279,'2021-12-06 10:33:17.469950','117','Хатха Йога (1,5 часа) -- Алексей',2,'[{\"changed\": {\"fields\": [\"date\"]}}]',29,1),(1280,'2021-12-06 10:33:17.471849','114','Functional training -- Денис',2,'[{\"changed\": {\"fields\": [\"date\"]}}]',29,1),(1281,'2021-12-06 10:33:17.473592','67','Круговая тренировка -- Анастасия',2,'[{\"changed\": {\"fields\": [\"date\"]}}]',29,1),(1282,'2021-12-06 10:33:17.475406','59','Pilates -- Наталья',2,'[{\"changed\": {\"fields\": [\"date\"]}}]',29,1),(1283,'2021-12-06 10:33:17.477186','39','Power step -- Денис',2,'[{\"changed\": {\"fields\": [\"date\"]}}]',29,1),(1284,'2021-12-06 10:33:17.478955','38','Aero Yoga -- Наталья',2,'[{\"changed\": {\"fields\": [\"date\"]}}]',29,1),(1285,'2021-12-06 10:33:17.480688','32','Stretch -- Наталья',2,'[{\"changed\": {\"fields\": [\"date\"]}}]',29,1),(1286,'2021-12-06 10:33:17.482411','77','Бокс -- Александр',2,'[{\"changed\": {\"fields\": [\"date\"]}}]',29,1),(1287,'2021-12-06 10:33:17.484184','76','Lady class -- Галина',2,'[{\"changed\": {\"fields\": [\"date\"]}}]',29,1),(1288,'2021-12-06 10:33:17.485968','75','Stretch -- Галина',2,'[{\"changed\": {\"fields\": [\"date\"]}}]',29,1),(1289,'2021-12-06 10:33:17.487706','74','Круговая тренировка -- Юлия Г.',2,'[{\"changed\": {\"fields\": [\"date\"]}}]',29,1),(1290,'2021-12-06 10:33:17.489421','73','ABL -- Юлия Г.',2,'[{\"changed\": {\"fields\": [\"date\"]}}]',29,1),(1291,'2021-12-06 10:33:17.491147','72','ABS 30 (30 мин.) -- Диана',2,'[{\"changed\": {\"fields\": [\"date\"]}}]',29,1),(1292,'2021-12-06 10:33:17.492959','69','Yoga -- Наталья',2,'[{\"changed\": {\"fields\": [\"date\"]}}]',29,1),(1293,'2021-12-06 10:33:17.494736','68','Interval training (55 мин.) -- Диана',2,'[{\"changed\": {\"fields\": [\"date\"]}}]',29,1),(1294,'2021-12-06 10:33:17.496449','60','Aero Yoga -- Наталья',2,'[{\"changed\": {\"fields\": [\"date\"]}}]',29,1),(1295,'2021-12-06 10:33:17.498191','93','Power class -- Денис',2,'[{\"changed\": {\"fields\": [\"date\"]}}]',29,1),(1296,'2021-12-06 10:33:17.499933','92','Tabata -- Денис',2,'[{\"changed\": {\"fields\": [\"date\"]}}]',29,1),(1297,'2021-12-06 10:33:17.501684','86','Здоровая спина+MFR -- Анастасия',2,'[{\"changed\": {\"fields\": [\"date\"]}}]',29,1),(1298,'2021-12-06 10:33:17.503412','85','Functional training -- Анастасия',2,'[{\"changed\": {\"fields\": [\"date\"]}}]',29,1),(1299,'2021-12-06 10:33:17.505208','83','MFR+Stretch -- Денис',2,'[{\"changed\": {\"fields\": [\"date\"]}}]',29,1),(1300,'2021-12-06 10:33:17.506992','82','Хатха Йога (1,5 часа) -- Алексей',2,'[{\"changed\": {\"fields\": [\"date\"]}}]',29,1),(1301,'2021-12-06 10:33:17.508853','81','Zumba -- Юлия Г.',2,'[{\"changed\": {\"fields\": [\"date\"]}}]',29,1),(1302,'2021-12-06 10:33:17.510696','78','Aero Yoga -- Наталья',2,'[{\"changed\": {\"fields\": [\"date\"]}}]',29,1),(1303,'2021-12-06 10:33:17.512503','99','ABL -- Юлия Г.',2,'[{\"changed\": {\"fields\": [\"date\"]}}]',29,1),(1304,'2021-12-06 10:33:17.514369','98','Stretch -- Галина',2,'[{\"changed\": {\"fields\": [\"date\"]}}]',29,1),(1305,'2021-12-06 10:33:17.516202','97','Бокс -- Александр',2,'[{\"changed\": {\"fields\": [\"date\"]}}]',29,1),(1306,'2021-12-06 10:33:17.518115','94','Dance Mix -- Галина',2,'[{\"changed\": {\"fields\": [\"date\"]}}]',29,1),(1307,'2021-12-06 10:33:17.519866','91','Yoga -- Наталья',2,'[{\"changed\": {\"fields\": [\"date\"]}}]',29,1),(1308,'2021-12-06 10:33:17.521619','90','Круговая тренировка -- Наталья',2,'[{\"changed\": {\"fields\": [\"date\"]}}]',29,1),(1309,'2021-12-06 10:33:17.523404','89','Pilates -- Юлия Г.',2,'[{\"changed\": {\"fields\": [\"date\"]}}]',29,1),(1310,'2021-12-06 10:33:17.525160','84','Power class -- Галина',2,'[{\"changed\": {\"fields\": [\"date\"]}}]',29,1),(1311,'2021-12-06 10:33:17.526927','119','MFR+Stretch -- Денис',2,'[{\"changed\": {\"fields\": [\"date\"]}}]',29,1),(1312,'2021-12-06 10:33:17.528776','111','Tabata -- Денис',2,'[{\"changed\": {\"fields\": [\"date\"]}}]',29,1),(1313,'2021-12-06 10:33:17.530485','101','Хатха Йога (1,5 часа) -- Алексей',2,'[{\"changed\": {\"fields\": [\"date\"]}}]',29,1),(1314,'2021-12-06 10:33:17.532387','100','Mobility -- Анастасия',2,'[{\"changed\": {\"fields\": [\"date\"]}}]',29,1),(1315,'2021-12-06 10:33:17.534190','124','Stretch -- Анастасия',2,'[{\"changed\": {\"fields\": [\"date\"]}}]',29,1),(1316,'2021-12-06 10:33:17.536071','123','Zumba -- Юлия Г.',2,'[{\"changed\": {\"fields\": [\"date\"]}}]',29,1),(1317,'2021-12-06 10:33:17.537885','122','Круговая тренировка -- Анастасия',2,'[{\"changed\": {\"fields\": [\"date\"]}}]',29,1),(1318,'2021-12-06 10:33:17.539681','121','ABL -- Юлия Г.',2,'[{\"changed\": {\"fields\": [\"date\"]}}]',29,1),(1319,'2021-12-06 10:33:17.541500','120','Aero Yoga -- Роман',2,'[{\"changed\": {\"fields\": [\"date\"]}}]',29,1),(1320,'2021-12-06 17:43:57.245778','10','4 декабря Фитнес клуб «Эволюция» и Школа фитнеса «Эволюция» приняли участие в «Городской зарядке»',1,'[{\"added\": {}}]',20,2),(1321,'2021-12-06 17:45:31.635851','10','Мы приняли участие в «Городской зарядке»',2,'[{\"changed\": {\"fields\": [\"title\", \"announcement\"]}}]',20,2),(1322,'2021-12-06 17:47:03.279656','11','Дорогие друзья, мы с приятными новостями!',1,'[{\"added\": {}}]',20,2),(1323,'2021-12-06 17:48:47.368017','15','Новый год уже близко, а значит, самое время подводить итоги!',1,'[{\"added\": {}}]',21,2),(1324,'2021-12-06 18:01:51.294493','84','Power class -- Юлия Г.',2,'[{\"changed\": {\"fields\": [\"instructor\"]}}]',29,2),(1325,'2021-12-06 18:01:51.296981','91','Pilates -- Юлия Г.',2,'[{\"changed\": {\"fields\": [\"classes\", \"instructor\"]}}]',29,2),(1326,'2021-12-06 18:04:03.748732','111','Tabata -- Денис',2,'[{\"changed\": {\"fields\": [\"time\"]}}]',29,2),(1327,'2021-12-06 18:04:03.751058','119','MFR+Stretch -- Денис',2,'[{\"changed\": {\"fields\": [\"time\"]}}]',29,2),(1328,'2021-12-13 09:24:39.861679','14','Aero Yoga -- Наталья',2,'[{\"changed\": {\"fields\": [\"date\"]}}]',29,1),(1329,'2021-12-13 09:24:39.865996','15','Power class -- Денис',2,'[{\"changed\": {\"fields\": [\"date\"]}}]',29,1),(1330,'2021-12-13 09:24:39.867770','64','Yoga -- Наталья',2,'[{\"changed\": {\"fields\": [\"date\"]}}]',29,1),(1331,'2021-12-13 09:24:39.869525','112','Power class -- Денис',2,'[{\"changed\": {\"fields\": [\"date\"]}}]',29,1),(1332,'2021-12-13 09:24:39.871302','25','Танец живота -- Галина',2,'[{\"changed\": {\"fields\": [\"date\"]}}]',29,1),(1333,'2021-12-13 09:24:39.873175','65','Круговая тренировка -- Денис',2,'[{\"changed\": {\"fields\": [\"date\"]}}]',29,1),(1334,'2021-12-13 09:24:39.874971','23','Бокс -- Александр',2,'[{\"changed\": {\"fields\": [\"date\"]}}]',29,1),(1335,'2021-12-13 09:24:39.876827','66','Stretch -- Галина',2,'[{\"changed\": {\"fields\": [\"date\"]}}]',29,1),(1336,'2021-12-13 09:49:28.191144','67','Круговая тренировка -- Анастасия',2,'[{\"changed\": {\"fields\": [\"date\"]}}]',29,1),(1337,'2021-12-13 09:49:28.193577','32','Stretch -- Наталья',2,'[{\"changed\": {\"fields\": [\"date\"]}}]',29,1),(1338,'2021-12-13 09:49:28.195318','38','Aero Yoga -- Наталья',2,'[{\"changed\": {\"fields\": [\"date\"]}}]',29,1),(1339,'2021-12-13 09:49:28.197150','39','Power step -- Денис',2,'[{\"changed\": {\"fields\": [\"date\"]}}]',29,1),(1340,'2021-12-13 09:49:28.199005','59','Pilates -- Наталья',2,'[{\"changed\": {\"fields\": [\"date\"]}}]',29,1),(1341,'2021-12-13 09:49:28.200829','114','Functional training -- Денис',2,'[{\"changed\": {\"fields\": [\"date\"]}}]',29,1),(1342,'2021-12-13 09:49:28.202661','117','Хатха Йога (1,5 часа) -- Алексей',2,'[{\"changed\": {\"fields\": [\"date\"]}}]',29,1),(1343,'2021-12-13 09:49:28.204407','118','Tabata -- Наталья',2,'[{\"changed\": {\"fields\": [\"date\"]}}]',29,1),(1344,'2021-12-13 09:49:28.206192','60','Aero Yoga -- Наталья',2,'[{\"changed\": {\"fields\": [\"date\"]}}]',29,1),(1345,'2021-12-13 09:49:28.207999','68','Interval training (55 мин.) -- Диана',2,'[{\"changed\": {\"fields\": [\"date\"]}}]',29,1),(1346,'2021-12-13 09:49:28.209877','72','ABS 30 (30 мин.) -- Диана',2,'[{\"changed\": {\"fields\": [\"date\"]}}]',29,1),(1347,'2021-12-13 09:49:28.211740','69','Yoga -- Наталья',2,'[{\"changed\": {\"fields\": [\"date\"]}}]',29,1),(1348,'2021-12-13 09:49:28.213563','73','ABL -- Юлия Г.',2,'[{\"changed\": {\"fields\": [\"date\"]}}]',29,1),(1349,'2021-12-13 09:49:28.215503','74','Круговая тренировка -- Юлия Г.',2,'[{\"changed\": {\"fields\": [\"date\"]}}]',29,1),(1350,'2021-12-13 09:49:28.217337','76','Lady class -- Галина',2,'[{\"changed\": {\"fields\": [\"date\"]}}]',29,1),(1351,'2021-12-13 09:49:28.219146','77','Бокс -- Александр',2,'[{\"changed\": {\"fields\": [\"date\"]}}]',29,1),(1352,'2021-12-13 09:49:28.220975','75','Stretch -- Галина',2,'[{\"changed\": {\"fields\": [\"date\"]}}]',29,1),(1353,'2021-12-13 09:49:28.222768','85','Functional training -- Анастасия',2,'[{\"changed\": {\"fields\": [\"date\"]}}]',29,1),(1354,'2021-12-13 09:49:28.224575','86','Здоровая спина+MFR -- Анастасия',2,'[{\"changed\": {\"fields\": [\"date\"]}}]',29,1),(1355,'2021-12-13 09:49:28.226396','78','Aero Yoga -- Наталья',2,'[{\"changed\": {\"fields\": [\"date\"]}}]',29,1),(1356,'2021-12-13 09:49:28.228207','92','Tabata -- Денис',2,'[{\"changed\": {\"fields\": [\"date\"]}}]',29,1),(1357,'2021-12-13 09:49:28.230003','93','Power class -- Денис',2,'[{\"changed\": {\"fields\": [\"date\"]}}]',29,1),(1358,'2021-12-13 09:49:28.231901','81','Zumba -- Юлия Г.',2,'[{\"changed\": {\"fields\": [\"date\"]}}]',29,1),(1359,'2021-12-13 09:49:28.233727','82','Хатха Йога (1,5 часа) -- Алексей',2,'[{\"changed\": {\"fields\": [\"date\"]}}]',29,1),(1360,'2021-12-13 09:49:28.235510','83','MFR+Stretch -- Денис',2,'[{\"changed\": {\"fields\": [\"date\"]}}]',29,1),(1361,'2021-12-13 09:49:28.237253','84','Power class -- Юлия Г.',2,'[{\"changed\": {\"fields\": [\"date\"]}}]',29,1),(1362,'2021-12-13 09:49:28.238993','89','Pilates -- Юлия Г.',2,'[{\"changed\": {\"fields\": [\"date\"]}}]',29,1),(1363,'2021-12-13 09:49:28.240771','90','Круговая тренировка -- Наталья',2,'[{\"changed\": {\"fields\": [\"date\"]}}]',29,1),(1364,'2021-12-13 09:49:28.242564','91','Pilates -- Юлия Г.',2,'[{\"changed\": {\"fields\": [\"date\"]}}]',29,1),(1365,'2021-12-13 09:49:28.244309','94','Dance Mix -- Галина',2,'[{\"changed\": {\"fields\": [\"date\"]}}]',29,1),(1366,'2021-12-13 09:49:28.246152','97','Бокс -- Александр',2,'[{\"changed\": {\"fields\": [\"date\"]}}]',29,1),(1367,'2021-12-13 09:49:28.253471','98','Stretch -- Галина',2,'[{\"changed\": {\"fields\": [\"date\"]}}]',29,1),(1368,'2021-12-13 09:49:28.255318','99','ABL -- Юлия Г.',2,'[{\"changed\": {\"fields\": [\"date\"]}}]',29,1),(1369,'2021-12-13 09:49:28.257104','100','Mobility -- Анастасия',2,'[{\"changed\": {\"fields\": [\"date\"]}}]',29,1),(1370,'2021-12-13 09:49:28.258935','101','Хатха Йога (1,5 часа) -- Алексей',2,'[{\"changed\": {\"fields\": [\"date\"]}}]',29,1),(1371,'2021-12-13 09:49:28.260721','111','Tabata -- Денис',2,'[{\"changed\": {\"fields\": [\"date\"]}}]',29,1),(1372,'2021-12-13 09:49:28.262533','119','MFR+Stretch -- Денис',2,'[{\"changed\": {\"fields\": [\"date\"]}}]',29,1),(1373,'2021-12-13 09:49:28.264285','120','Aero Yoga -- Роман',2,'[{\"changed\": {\"fields\": [\"date\"]}}]',29,1),(1374,'2021-12-13 09:49:28.266092','121','ABL -- Юлия Г.',2,'[{\"changed\": {\"fields\": [\"date\"]}}]',29,1),(1375,'2021-12-13 09:49:28.267856','122','Круговая тренировка -- Анастасия',2,'[{\"changed\": {\"fields\": [\"date\"]}}]',29,1),(1376,'2021-12-13 09:49:28.269674','123','Zumba -- Юлия Г.',2,'[{\"changed\": {\"fields\": [\"date\"]}}]',29,1),(1377,'2021-12-13 09:49:28.271497','124','Stretch -- Анастасия',2,'[{\"changed\": {\"fields\": [\"date\"]}}]',29,1),(1378,'2021-12-16 15:20:56.133731','15','Новый год уже близко, а значит, самое время подводить итоги!',2,'[{\"changed\": {\"fields\": [\"publicated\"]}}]',21,2),(1379,'2021-12-16 15:21:09.113794','14','Начинаем тотальную распродажу сегодня!',2,'[{\"changed\": {\"fields\": [\"publicated\"]}}]',21,2),(1380,'2021-12-16 15:22:20.038896','16','Самый мощный Новогодний подарок!',1,'[{\"added\": {}}]',21,2),(1381,'2021-12-16 15:26:11.024414','25','TRX',1,'[{\"added\": {}}]',31,2),(1382,'2021-12-16 15:27:00.041414','125','TRX -- Денис',1,'[{\"added\": {}}]',29,2),(1383,'2021-12-16 15:27:14.089391','125','TRX -- Денис',2,'[{\"changed\": {\"fields\": [\"date\"]}}]',29,2),(1384,'2021-12-16 15:28:13.812830','125','TRX -- Денис',2,'[{\"changed\": {\"fields\": [\"date\"]}}]',29,2),(1385,'2021-12-20 04:24:42.409404','14','Aero Yoga -- Наталья',2,'[{\"changed\": {\"fields\": [\"date\"]}}]',29,1),(1386,'2021-12-20 04:24:42.413237','15','Power class -- Денис',2,'[{\"changed\": {\"fields\": [\"date\"]}}]',29,1),(1387,'2021-12-20 04:24:42.415061','64','Yoga -- Наталья',2,'[{\"changed\": {\"fields\": [\"date\"]}}]',29,1),(1388,'2021-12-20 04:24:42.416944','112','Power class -- Денис',2,'[{\"changed\": {\"fields\": [\"date\"]}}]',29,1),(1389,'2021-12-20 04:24:42.418778','25','Танец живота -- Галина',2,'[{\"changed\": {\"fields\": [\"date\"]}}]',29,1),(1390,'2021-12-20 04:24:42.420704','65','Круговая тренировка -- Денис',2,'[{\"changed\": {\"fields\": [\"date\"]}}]',29,1),(1391,'2021-12-20 04:24:42.422619','23','Бокс -- Александр',2,'[{\"changed\": {\"fields\": [\"date\"]}}]',29,1),(1392,'2021-12-20 04:24:42.424508','66','Stretch -- Галина',2,'[{\"changed\": {\"fields\": [\"date\"]}}]',29,1),(1393,'2021-12-20 04:24:42.426311','67','Круговая тренировка -- Анастасия',2,'[{\"changed\": {\"fields\": [\"date\"]}}]',29,1),(1394,'2021-12-20 04:24:42.428195','32','Stretch -- Наталья',2,'[{\"changed\": {\"fields\": [\"date\"]}}]',29,1),(1395,'2021-12-20 04:24:42.430084','38','Aero Yoga -- Наталья',2,'[{\"changed\": {\"fields\": [\"date\"]}}]',29,1),(1396,'2021-12-20 04:24:42.432080','39','Power step -- Денис',2,'[{\"changed\": {\"fields\": [\"date\"]}}]',29,1),(1397,'2021-12-20 04:24:42.433932','59','Pilates -- Наталья',2,'[{\"changed\": {\"fields\": [\"date\"]}}]',29,1),(1398,'2021-12-20 04:24:42.435851','114','Functional training -- Денис',2,'[{\"changed\": {\"fields\": [\"date\"]}}]',29,1),(1399,'2021-12-20 04:24:42.437804','117','Хатха Йога (1,5 часа) -- Алексей',2,'[{\"changed\": {\"fields\": [\"date\"]}}]',29,1),(1400,'2021-12-20 04:24:42.439729','118','Tabata -- Наталья',2,'[{\"changed\": {\"fields\": [\"date\"]}}]',29,1),(1401,'2021-12-20 04:24:42.441647','60','Aero Yoga -- Наталья',2,'[{\"changed\": {\"fields\": [\"date\"]}}]',29,1),(1402,'2021-12-20 04:24:42.443533','68','Interval training (55 мин.) -- Диана',2,'[{\"changed\": {\"fields\": [\"date\"]}}]',29,1),(1403,'2021-12-20 04:24:42.445429','72','ABS 30 (30 мин.) -- Диана',2,'[{\"changed\": {\"fields\": [\"date\"]}}]',29,1),(1404,'2021-12-20 04:24:42.447297','69','Yoga -- Наталья',2,'[{\"changed\": {\"fields\": [\"date\"]}}]',29,1),(1405,'2021-12-20 04:24:42.449231','73','ABL -- Юлия Г.',2,'[{\"changed\": {\"fields\": [\"date\"]}}]',29,1),(1406,'2021-12-20 04:24:42.451220','74','Круговая тренировка -- Юлия Г.',2,'[{\"changed\": {\"fields\": [\"date\"]}}]',29,1),(1407,'2021-12-20 04:24:42.453188','76','Lady class -- Галина',2,'[{\"changed\": {\"fields\": [\"date\"]}}]',29,1),(1408,'2021-12-20 04:24:42.455120','77','Бокс -- Александр',2,'[{\"changed\": {\"fields\": [\"date\"]}}]',29,1),(1409,'2021-12-20 04:24:42.457085','75','Stretch -- Галина',2,'[{\"changed\": {\"fields\": [\"date\"]}}]',29,1),(1410,'2021-12-20 04:24:42.458985','85','Functional training -- Анастасия',2,'[{\"changed\": {\"fields\": [\"date\"]}}]',29,1),(1411,'2021-12-20 04:24:42.460906','86','Здоровая спина+MFR -- Анастасия',2,'[{\"changed\": {\"fields\": [\"date\"]}}]',29,1),(1412,'2021-12-20 04:24:42.462766','78','Aero Yoga -- Наталья',2,'[{\"changed\": {\"fields\": [\"date\"]}}]',29,1),(1413,'2021-12-20 04:24:42.464772','92','Tabata -- Денис',2,'[{\"changed\": {\"fields\": [\"date\"]}}]',29,1),(1414,'2021-12-20 04:24:42.466774','93','Power class -- Денис',2,'[{\"changed\": {\"fields\": [\"date\"]}}]',29,1),(1415,'2021-12-20 04:24:42.468714','81','Zumba -- Юлия Г.',2,'[{\"changed\": {\"fields\": [\"date\"]}}]',29,1),(1416,'2021-12-20 04:24:42.470676','82','Хатха Йога (1,5 часа) -- Алексей',2,'[{\"changed\": {\"fields\": [\"date\"]}}]',29,1),(1417,'2021-12-20 04:24:42.472668','83','MFR+Stretch -- Денис',2,'[{\"changed\": {\"fields\": [\"date\"]}}]',29,1),(1418,'2021-12-20 04:24:42.474655','84','Power class -- Юлия Г.',2,'[{\"changed\": {\"fields\": [\"date\"]}}]',29,1),(1419,'2021-12-20 04:24:42.476654','89','Pilates -- Юлия Г.',2,'[{\"changed\": {\"fields\": [\"date\"]}}]',29,1),(1420,'2021-12-20 04:24:42.478621','90','Круговая тренировка -- Наталья',2,'[{\"changed\": {\"fields\": [\"date\"]}}]',29,1),(1421,'2021-12-20 04:24:42.480633','91','Pilates -- Юлия Г.',2,'[{\"changed\": {\"fields\": [\"date\"]}}]',29,1),(1422,'2021-12-20 04:24:42.482613','94','Dance Mix -- Галина',2,'[{\"changed\": {\"fields\": [\"date\"]}}]',29,1),(1423,'2021-12-20 04:24:42.484589','97','Бокс -- Александр',2,'[{\"changed\": {\"fields\": [\"date\"]}}]',29,1),(1424,'2021-12-20 04:24:42.486478','98','Stretch -- Галина',2,'[{\"changed\": {\"fields\": [\"date\"]}}]',29,1),(1425,'2021-12-20 04:24:42.488389','99','ABL -- Юлия Г.',2,'[{\"changed\": {\"fields\": [\"date\"]}}]',29,1),(1426,'2021-12-20 04:24:42.490430','100','Mobility -- Анастасия',2,'[{\"changed\": {\"fields\": [\"date\"]}}]',29,1),(1427,'2021-12-20 04:24:42.492400','101','Хатха Йога (1,5 часа) -- Алексей',2,'[{\"changed\": {\"fields\": [\"date\"]}}]',29,1),(1428,'2021-12-20 04:24:42.494334','111','Tabata -- Денис',2,'[{\"changed\": {\"fields\": [\"date\"]}}]',29,1),(1429,'2021-12-20 04:24:42.496331','119','MFR+Stretch -- Денис',2,'[{\"changed\": {\"fields\": [\"date\"]}}]',29,1),(1430,'2021-12-20 04:24:42.498319','120','Aero Yoga -- Роман',2,'[{\"changed\": {\"fields\": [\"date\"]}}]',29,1),(1431,'2021-12-20 04:24:42.500306','121','ABL -- Юлия Г.',2,'[{\"changed\": {\"fields\": [\"date\"]}}]',29,1),(1432,'2021-12-20 04:24:42.502277','122','Круговая тренировка -- Анастасия',2,'[{\"changed\": {\"fields\": [\"date\"]}}]',29,1),(1433,'2021-12-20 04:24:42.504246','123','Zumba -- Юлия Г.',2,'[{\"changed\": {\"fields\": [\"date\"]}}]',29,1),(1434,'2021-12-20 04:24:42.506243','124','Stretch -- Анастасия',2,'[{\"changed\": {\"fields\": [\"date\"]}}]',29,1),(1435,'2021-12-20 04:24:42.508221','125','TRX -- Денис',2,'[{\"changed\": {\"fields\": [\"date\"]}}]',29,1),(1436,'2021-12-22 22:14:47.958704','12','День открытых дверей Детская Эволюция!',1,'[{\"added\": {}}]',20,2),(1437,'2021-12-22 22:16:31.524403','13','День открытых дверей новая Эволюция',1,'[{\"added\": {}}]',20,2),(1438,'2021-12-22 22:17:22.079755','12','День открытых дверей Детская Эволюция!',2,'[{\"changed\": {\"fields\": [\"body\"]}}]',20,2),(1439,'2021-12-22 22:23:31.931085','12','Юлия П.',1,'[{\"added\": {}}]',27,2),(1440,'2021-12-22 22:23:36.928075','73','ABL -- Юлия П.',2,'[{\"changed\": {\"fields\": [\"instructor\", \"time\"]}}]',29,2),(1441,'2021-12-27 03:04:34.334302','14','Aero Yoga -- Наталья',2,'[{\"changed\": {\"fields\": [\"date\"]}}]',29,1),(1442,'2021-12-27 03:04:34.338333','15','Power class -- Денис',2,'[{\"changed\": {\"fields\": [\"date\"]}}]',29,1),(1443,'2021-12-27 03:04:34.340021','64','Yoga -- Наталья',2,'[{\"changed\": {\"fields\": [\"date\"]}}]',29,1),(1444,'2021-12-27 03:04:34.341747','112','Power class -- Денис',2,'[{\"changed\": {\"fields\": [\"date\"]}}]',29,1),(1445,'2021-12-27 03:04:34.343512','25','Танец живота -- Галина',2,'[{\"changed\": {\"fields\": [\"date\"]}}]',29,1),(1446,'2021-12-27 03:04:34.345246','65','Круговая тренировка -- Денис',2,'[{\"changed\": {\"fields\": [\"date\"]}}]',29,1),(1447,'2021-12-27 03:04:34.346945','23','Бокс -- Александр',2,'[{\"changed\": {\"fields\": [\"date\"]}}]',29,1),(1448,'2021-12-27 03:04:34.348632','66','Stretch -- Галина',2,'[{\"changed\": {\"fields\": [\"date\"]}}]',29,1),(1449,'2021-12-27 03:04:34.350350','67','Круговая тренировка -- Анастасия',2,'[{\"changed\": {\"fields\": [\"date\"]}}]',29,1),(1450,'2021-12-27 03:04:34.352058','32','Stretch -- Наталья',2,'[{\"changed\": {\"fields\": [\"date\"]}}]',29,1),(1451,'2021-12-27 03:04:34.353864','38','Aero Yoga -- Наталья',2,'[{\"changed\": {\"fields\": [\"date\"]}}]',29,1),(1452,'2021-12-27 03:04:34.355544','39','Power step -- Денис',2,'[{\"changed\": {\"fields\": [\"date\"]}}]',29,1),(1453,'2021-12-27 03:04:34.357274','59','Pilates -- Наталья',2,'[{\"changed\": {\"fields\": [\"date\"]}}]',29,1),(1454,'2021-12-27 03:04:34.358973','114','Functional training -- Денис',2,'[{\"changed\": {\"fields\": [\"date\"]}}]',29,1),(1455,'2021-12-27 03:04:34.360676','117','Хатха Йога (1,5 часа) -- Алексей',2,'[{\"changed\": {\"fields\": [\"date\"]}}]',29,1),(1456,'2021-12-27 03:04:34.362549','118','Tabata -- Наталья',2,'[{\"changed\": {\"fields\": [\"date\"]}}]',29,1),(1457,'2021-12-27 03:04:34.364272','60','Aero Yoga -- Наталья',2,'[{\"changed\": {\"fields\": [\"date\"]}}]',29,1),(1458,'2021-12-27 03:04:34.366032','68','Interval training (55 мин.) -- Диана',2,'[{\"changed\": {\"fields\": [\"date\"]}}]',29,1),(1459,'2021-12-27 03:04:34.367782','72','ABS 30 (30 мин.) -- Диана',2,'[{\"changed\": {\"fields\": [\"date\"]}}]',29,1),(1460,'2021-12-27 03:04:34.369481','69','Yoga -- Наталья',2,'[{\"changed\": {\"fields\": [\"date\"]}}]',29,1),(1461,'2021-12-27 03:04:34.371304','73','ABL -- Юлия П.',2,'[{\"changed\": {\"fields\": [\"date\"]}}]',29,1),(1462,'2021-12-27 03:04:34.373120','125','TRX -- Денис',2,'[{\"changed\": {\"fields\": [\"date\"]}}]',29,1),(1463,'2021-12-27 03:04:34.374964','74','Круговая тренировка -- Юлия Г.',2,'[{\"changed\": {\"fields\": [\"date\"]}}]',29,1),(1464,'2021-12-27 03:04:34.376865','76','Lady class -- Галина',2,'[{\"changed\": {\"fields\": [\"date\"]}}]',29,1),(1465,'2021-12-27 03:04:34.378634','77','Бокс -- Александр',2,'[{\"changed\": {\"fields\": [\"date\"]}}]',29,1),(1466,'2021-12-27 03:04:34.380538','75','Stretch -- Галина',2,'[{\"changed\": {\"fields\": [\"date\"]}}]',29,1),(1467,'2021-12-27 03:04:34.382343','85','Functional training -- Анастасия',2,'[{\"changed\": {\"fields\": [\"date\"]}}]',29,1),(1468,'2021-12-27 03:04:34.384123','86','Здоровая спина+MFR -- Анастасия',2,'[{\"changed\": {\"fields\": [\"date\"]}}]',29,1),(1469,'2021-12-27 03:04:34.385874','78','Aero Yoga -- Наталья',2,'[{\"changed\": {\"fields\": [\"date\"]}}]',29,1),(1470,'2021-12-27 03:04:34.387677','92','Tabata -- Денис',2,'[{\"changed\": {\"fields\": [\"date\"]}}]',29,1),(1471,'2021-12-27 03:04:34.389507','93','Power class -- Денис',2,'[{\"changed\": {\"fields\": [\"date\"]}}]',29,1),(1472,'2021-12-27 03:04:34.391419','81','Zumba -- Юлия Г.',2,'[{\"changed\": {\"fields\": [\"date\"]}}]',29,1),(1473,'2021-12-27 03:04:34.393196','82','Хатха Йога (1,5 часа) -- Алексей',2,'[{\"changed\": {\"fields\": [\"date\"]}}]',29,1),(1474,'2021-12-27 03:04:34.395062','83','MFR+Stretch -- Денис',2,'[{\"changed\": {\"fields\": [\"date\"]}}]',29,1),(1475,'2021-12-27 03:04:34.396890','84','Power class -- Юлия Г.',2,'[{\"changed\": {\"fields\": [\"date\"]}}]',29,1),(1476,'2021-12-27 03:04:34.398665','89','Pilates -- Юлия Г.',2,'[{\"changed\": {\"fields\": [\"date\"]}}]',29,1),(1477,'2021-12-27 03:04:34.400463','90','Круговая тренировка -- Наталья',2,'[{\"changed\": {\"fields\": [\"date\"]}}]',29,1),(1478,'2021-12-27 03:04:34.402293','91','Pilates -- Юлия Г.',2,'[{\"changed\": {\"fields\": [\"date\"]}}]',29,1),(1479,'2021-12-27 03:04:34.404188','94','Dance Mix -- Галина',2,'[{\"changed\": {\"fields\": [\"date\"]}}]',29,1),(1480,'2021-12-27 03:04:34.406033','97','Бокс -- Александр',2,'[{\"changed\": {\"fields\": [\"date\"]}}]',29,1),(1481,'2021-12-27 03:04:34.407932','98','Stretch -- Галина',2,'[{\"changed\": {\"fields\": [\"date\"]}}]',29,1),(1482,'2021-12-27 03:04:34.409866','99','ABL -- Юлия Г.',2,'[{\"changed\": {\"fields\": [\"date\"]}}]',29,1),(1483,'2021-12-27 03:04:34.411648','100','Mobility -- Анастасия',2,'[{\"changed\": {\"fields\": [\"date\"]}}]',29,1),(1484,'2021-12-27 03:04:34.413469','101','Хатха Йога (1,5 часа) -- Алексей',2,'[{\"changed\": {\"fields\": [\"date\"]}}]',29,1),(1485,'2021-12-27 03:04:34.415351','111','Tabata -- Денис',2,'[{\"changed\": {\"fields\": [\"date\"]}}]',29,1),(1486,'2021-12-27 03:04:34.417337','119','MFR+Stretch -- Денис',2,'[{\"changed\": {\"fields\": [\"date\"]}}]',29,1),(1487,'2021-12-27 03:04:34.419218','120','Aero Yoga -- Роман',2,'[{\"changed\": {\"fields\": [\"date\"]}}]',29,1),(1488,'2021-12-27 03:04:34.421064','121','ABL -- Юлия Г.',2,'[{\"changed\": {\"fields\": [\"date\"]}}]',29,1),(1489,'2021-12-27 03:04:34.422911','122','Круговая тренировка -- Анастасия',2,'[{\"changed\": {\"fields\": [\"date\"]}}]',29,1),(1490,'2021-12-27 03:04:34.424729','123','Zumba -- Юлия Г.',2,'[{\"changed\": {\"fields\": [\"date\"]}}]',29,1),(1491,'2021-12-27 03:04:34.426715','124','Stretch -- Анастасия',2,'[{\"changed\": {\"fields\": [\"date\"]}}]',29,1),(1492,'2022-01-03 20:38:19.259527','14','Aero Yoga -- Наталья',2,'[{\"changed\": {\"fields\": [\"date\"]}}]',29,1),(1493,'2022-01-03 20:38:19.264311','15','Power class -- Денис',2,'[{\"changed\": {\"fields\": [\"date\"]}}]',29,1),(1494,'2022-01-03 20:38:19.266187','64','Yoga -- Наталья',2,'[{\"changed\": {\"fields\": [\"date\"]}}]',29,1),(1495,'2022-01-03 20:38:19.268108','112','Power class -- Денис',2,'[{\"changed\": {\"fields\": [\"date\"]}}]',29,1),(1496,'2022-01-03 20:38:19.270019','25','Танец живота -- Галина',2,'[{\"changed\": {\"fields\": [\"date\"]}}]',29,1),(1497,'2022-01-03 20:38:19.271913','65','Круговая тренировка -- Денис',2,'[{\"changed\": {\"fields\": [\"date\"]}}]',29,1),(1498,'2022-01-03 20:38:19.273742','23','Бокс -- Александр',2,'[{\"changed\": {\"fields\": [\"date\"]}}]',29,1),(1499,'2022-01-03 20:38:19.275652','66','Stretch -- Галина',2,'[{\"changed\": {\"fields\": [\"date\"]}}]',29,1),(1500,'2022-01-03 20:40:36.647588','67','Круговая тренировка -- Анастасия',2,'[{\"changed\": {\"fields\": [\"date\"]}}]',29,1),(1501,'2022-01-03 20:40:36.654846','32','Stretch -- Наталья',2,'[{\"changed\": {\"fields\": [\"date\"]}}]',29,1),(1502,'2022-01-03 20:40:36.656954','38','Aero Yoga -- Наталья',2,'[{\"changed\": {\"fields\": [\"date\"]}}]',29,1),(1503,'2022-01-03 20:40:36.659040','39','Power step -- Денис',2,'[{\"changed\": {\"fields\": [\"date\"]}}]',29,1),(1504,'2022-01-03 20:40:36.661124','59','Pilates -- Наталья',2,'[{\"changed\": {\"fields\": [\"date\"]}}]',29,1),(1505,'2022-01-03 20:40:36.663224','114','Functional training -- Денис',2,'[{\"changed\": {\"fields\": [\"date\"]}}]',29,1),(1506,'2022-01-03 20:40:36.665304','117','Хатха Йога (1,5 часа) -- Алексей',2,'[{\"changed\": {\"fields\": [\"date\"]}}]',29,1),(1507,'2022-01-03 20:40:36.667387','118','Tabata -- Наталья',2,'[{\"changed\": {\"fields\": [\"date\"]}}]',29,1),(1508,'2022-01-03 20:40:36.669476','60','Aero Yoga -- Наталья',2,'[{\"changed\": {\"fields\": [\"date\"]}}]',29,1),(1509,'2022-01-03 20:40:36.671588','68','Interval training (55 мин.) -- Диана',2,'[{\"changed\": {\"fields\": [\"date\"]}}]',29,1),(1510,'2022-01-03 20:40:36.673677','72','ABS 30 (30 мин.) -- Диана',2,'[{\"changed\": {\"fields\": [\"date\"]}}]',29,1),(1511,'2022-01-03 20:40:36.675756','69','Yoga -- Наталья',2,'[{\"changed\": {\"fields\": [\"date\"]}}]',29,1),(1512,'2022-01-03 20:40:36.677834','73','ABL -- Юлия П.',2,'[{\"changed\": {\"fields\": [\"date\"]}}]',29,1),(1513,'2022-01-03 20:40:36.679922','125','TRX -- Денис',2,'[{\"changed\": {\"fields\": [\"date\"]}}]',29,1),(1514,'2022-01-03 20:40:36.681997','74','Круговая тренировка -- Юлия Г.',2,'[{\"changed\": {\"fields\": [\"date\"]}}]',29,1),(1515,'2022-01-03 20:40:36.684079','76','Lady class -- Галина',2,'[{\"changed\": {\"fields\": [\"date\"]}}]',29,1),(1516,'2022-01-03 20:40:36.686168','77','Бокс -- Александр',2,'[{\"changed\": {\"fields\": [\"date\"]}}]',29,1),(1517,'2022-01-03 20:40:36.688234','75','Stretch -- Галина',2,'[{\"changed\": {\"fields\": [\"date\"]}}]',29,1),(1518,'2022-01-03 20:40:36.690303','85','Functional training -- Анастасия',2,'[{\"changed\": {\"fields\": [\"date\"]}}]',29,1),(1519,'2022-01-03 20:40:36.692375','86','Здоровая спина+MFR -- Анастасия',2,'[{\"changed\": {\"fields\": [\"date\"]}}]',29,1),(1520,'2022-01-03 20:40:36.694451','78','Aero Yoga -- Наталья',2,'[{\"changed\": {\"fields\": [\"date\"]}}]',29,1),(1521,'2022-01-03 20:40:36.696515','92','Tabata -- Денис',2,'[{\"changed\": {\"fields\": [\"date\"]}}]',29,1),(1522,'2022-01-03 20:40:36.698579','93','Power class -- Денис',2,'[{\"changed\": {\"fields\": [\"date\"]}}]',29,1),(1523,'2022-01-03 20:40:36.700628','81','Zumba -- Юлия Г.',2,'[{\"changed\": {\"fields\": [\"date\"]}}]',29,1),(1524,'2022-01-03 20:40:36.702695','82','Хатха Йога (1,5 часа) -- Алексей',2,'[{\"changed\": {\"fields\": [\"date\"]}}]',29,1),(1525,'2022-01-03 20:40:36.704759','83','MFR+Stretch -- Денис',2,'[{\"changed\": {\"fields\": [\"date\"]}}]',29,1),(1526,'2022-01-03 20:40:36.706814','84','Power class -- Юлия Г.',2,'[{\"changed\": {\"fields\": [\"date\"]}}]',29,1),(1527,'2022-01-03 20:40:36.708883','89','Pilates -- Юлия Г.',2,'[{\"changed\": {\"fields\": [\"date\"]}}]',29,1),(1528,'2022-01-03 20:40:36.710954','90','Круговая тренировка -- Наталья',2,'[{\"changed\": {\"fields\": [\"date\"]}}]',29,1),(1529,'2022-01-03 20:40:36.713047','91','Pilates -- Юлия Г.',2,'[{\"changed\": {\"fields\": [\"date\"]}}]',29,1),(1530,'2022-01-03 20:40:36.715143','94','Dance Mix -- Галина',2,'[{\"changed\": {\"fields\": [\"date\"]}}]',29,1),(1531,'2022-01-03 20:40:36.717226','97','Бокс -- Александр',2,'[{\"changed\": {\"fields\": [\"date\"]}}]',29,1),(1532,'2022-01-03 20:40:36.719298','98','Stretch -- Галина',2,'[{\"changed\": {\"fields\": [\"date\"]}}]',29,1),(1533,'2022-01-03 20:40:36.721365','99','ABL -- Юлия Г.',2,'[{\"changed\": {\"fields\": [\"date\"]}}]',29,1),(1534,'2022-01-03 20:40:36.723451','100','Mobility -- Анастасия',2,'[{\"changed\": {\"fields\": [\"date\"]}}]',29,1),(1535,'2022-01-03 20:40:36.725514','101','Хатха Йога (1,5 часа) -- Алексей',2,'[{\"changed\": {\"fields\": [\"date\"]}}]',29,1),(1536,'2022-01-03 20:40:36.727593','111','Tabata -- Денис',2,'[{\"changed\": {\"fields\": [\"date\"]}}]',29,1),(1537,'2022-01-03 20:40:36.729666','119','MFR+Stretch -- Денис',2,'[{\"changed\": {\"fields\": [\"date\"]}}]',29,1),(1538,'2022-01-03 20:40:36.731726','120','Aero Yoga -- Роман',2,'[{\"changed\": {\"fields\": [\"date\"]}}]',29,1),(1539,'2022-01-03 20:40:36.733781','121','ABL -- Юлия Г.',2,'[{\"changed\": {\"fields\": [\"date\"]}}]',29,1),(1540,'2022-01-03 20:40:36.735894','122','Круговая тренировка -- Анастасия',2,'[{\"changed\": {\"fields\": [\"date\"]}}]',29,1),(1541,'2022-01-03 20:40:36.737969','123','Zumba -- Юлия Г.',2,'[{\"changed\": {\"fields\": [\"date\"]}}]',29,1),(1542,'2022-01-03 20:40:36.740037','124','Stretch -- Анастасия',2,'[{\"changed\": {\"fields\": [\"date\"]}}]',29,1),(1543,'2022-01-10 03:28:37.198762','14','Aero Yoga -- Наталья',2,'[{\"changed\": {\"fields\": [\"date\"]}}]',29,1),(1544,'2022-01-10 03:28:37.204053','15','Power class -- Денис',2,'[{\"changed\": {\"fields\": [\"date\"]}}]',29,1),(1545,'2022-01-10 03:28:37.205824','64','Yoga -- Наталья',2,'[{\"changed\": {\"fields\": [\"date\"]}}]',29,1),(1546,'2022-01-10 03:28:37.207600','112','Power class -- Денис',2,'[{\"changed\": {\"fields\": [\"date\"]}}]',29,1),(1547,'2022-01-10 03:28:37.209417','25','Танец живота -- Галина',2,'[{\"changed\": {\"fields\": [\"date\"]}}]',29,1),(1548,'2022-01-10 03:28:37.211301','65','Круговая тренировка -- Денис',2,'[{\"changed\": {\"fields\": [\"date\"]}}]',29,1),(1549,'2022-01-10 03:28:37.213078','23','Бокс -- Александр',2,'[{\"changed\": {\"fields\": [\"date\"]}}]',29,1),(1550,'2022-01-10 03:28:37.214845','66','Stretch -- Галина',2,'[{\"changed\": {\"fields\": [\"date\"]}}]',29,1),(1551,'2022-01-10 03:28:37.216662','67','Круговая тренировка -- Анастасия',2,'[{\"changed\": {\"fields\": [\"date\"]}}]',29,1),(1552,'2022-01-10 03:28:37.218469','32','Stretch -- Наталья',2,'[{\"changed\": {\"fields\": [\"date\"]}}]',29,1),(1553,'2022-01-10 03:28:37.220375','38','Aero Yoga -- Наталья',2,'[{\"changed\": {\"fields\": [\"date\"]}}]',29,1),(1554,'2022-01-10 03:28:37.222247','39','Power step -- Денис',2,'[{\"changed\": {\"fields\": [\"date\"]}}]',29,1),(1555,'2022-01-10 03:28:37.224067','59','Pilates -- Наталья',2,'[{\"changed\": {\"fields\": [\"date\"]}}]',29,1),(1556,'2022-01-10 03:28:37.225854','114','Functional training -- Денис',2,'[{\"changed\": {\"fields\": [\"date\"]}}]',29,1),(1557,'2022-01-10 03:28:37.227671','117','Хатха Йога (1,5 часа) -- Алексей',2,'[{\"changed\": {\"fields\": [\"date\"]}}]',29,1),(1558,'2022-01-10 03:28:37.229509','118','Tabata -- Наталья',2,'[{\"changed\": {\"fields\": [\"date\"]}}]',29,1),(1559,'2022-01-10 03:28:37.231405','60','Aero Yoga -- Наталья',2,'[{\"changed\": {\"fields\": [\"date\"]}}]',29,1),(1560,'2022-01-10 03:28:37.233247','68','Interval training (55 мин.) -- Диана',2,'[{\"changed\": {\"fields\": [\"date\"]}}]',29,1),(1561,'2022-01-10 03:28:37.235078','72','ABS 30 (30 мин.) -- Диана',2,'[{\"changed\": {\"fields\": [\"date\"]}}]',29,1),(1562,'2022-01-10 03:28:37.236966','69','Yoga -- Наталья',2,'[{\"changed\": {\"fields\": [\"date\"]}}]',29,1),(1563,'2022-01-10 03:28:37.238822','73','ABL -- Юлия П.',2,'[{\"changed\": {\"fields\": [\"date\"]}}]',29,1),(1564,'2022-01-10 03:28:37.240647','125','TRX -- Денис',2,'[{\"changed\": {\"fields\": [\"date\"]}}]',29,1),(1565,'2022-01-10 03:28:37.242543','74','Круговая тренировка -- Юлия Г.',2,'[{\"changed\": {\"fields\": [\"date\"]}}]',29,1),(1566,'2022-01-10 03:28:37.245383','76','Lady class -- Галина',2,'[{\"changed\": {\"fields\": [\"date\"]}}]',29,1),(1567,'2022-01-10 03:28:37.247689','77','Бокс -- Александр',2,'[{\"changed\": {\"fields\": [\"date\"]}}]',29,1),(1568,'2022-01-10 03:28:37.249703','75','Stretch -- Галина',2,'[{\"changed\": {\"fields\": [\"date\"]}}]',29,1),(1569,'2022-01-10 03:28:37.251546','85','Functional training -- Анастасия',2,'[{\"changed\": {\"fields\": [\"date\"]}}]',29,1),(1570,'2022-01-10 03:28:37.253450','86','Здоровая спина+MFR -- Анастасия',2,'[{\"changed\": {\"fields\": [\"date\"]}}]',29,1),(1571,'2022-01-10 03:28:37.255329','78','Aero Yoga -- Наталья',2,'[{\"changed\": {\"fields\": [\"date\"]}}]',29,1),(1572,'2022-01-10 03:28:37.257145','92','Tabata -- Денис',2,'[{\"changed\": {\"fields\": [\"date\"]}}]',29,1),(1573,'2022-01-10 03:28:37.259070','93','Power class -- Денис',2,'[{\"changed\": {\"fields\": [\"date\"]}}]',29,1),(1574,'2022-01-10 03:28:37.260966','81','Zumba -- Юлия Г.',2,'[{\"changed\": {\"fields\": [\"date\"]}}]',29,1),(1575,'2022-01-10 03:28:37.262914','82','Хатха Йога (1,5 часа) -- Алексей',2,'[{\"changed\": {\"fields\": [\"date\"]}}]',29,1),(1576,'2022-01-10 03:28:37.264827','83','MFR+Stretch -- Денис',2,'[{\"changed\": {\"fields\": [\"date\"]}}]',29,1),(1577,'2022-01-10 03:28:37.266682','84','Power class -- Юлия Г.',2,'[{\"changed\": {\"fields\": [\"date\"]}}]',29,1),(1578,'2022-01-10 03:28:37.268943','89','Pilates -- Юлия Г.',2,'[{\"changed\": {\"fields\": [\"date\"]}}]',29,1),(1579,'2022-01-10 03:28:37.270910','90','Круговая тренировка -- Наталья',2,'[{\"changed\": {\"fields\": [\"date\"]}}]',29,1),(1580,'2022-01-10 03:28:37.272831','91','Pilates -- Юлия Г.',2,'[{\"changed\": {\"fields\": [\"date\"]}}]',29,1),(1581,'2022-01-10 03:28:37.274807','94','Dance Mix -- Галина',2,'[{\"changed\": {\"fields\": [\"date\"]}}]',29,1),(1582,'2022-01-10 03:28:37.276773','97','Бокс -- Александр',2,'[{\"changed\": {\"fields\": [\"date\"]}}]',29,1),(1583,'2022-01-10 03:28:37.278746','98','Stretch -- Галина',2,'[{\"changed\": {\"fields\": [\"date\"]}}]',29,1),(1584,'2022-01-10 03:28:37.280683','99','ABL -- Юлия Г.',2,'[{\"changed\": {\"fields\": [\"date\"]}}]',29,1),(1585,'2022-01-10 03:28:37.282593','100','Mobility -- Анастасия',2,'[{\"changed\": {\"fields\": [\"date\"]}}]',29,1),(1586,'2022-01-10 03:28:37.284501','101','Хатха Йога (1,5 часа) -- Алексей',2,'[{\"changed\": {\"fields\": [\"date\"]}}]',29,1),(1587,'2022-01-10 03:28:37.286449','111','Tabata -- Денис',2,'[{\"changed\": {\"fields\": [\"date\"]}}]',29,1),(1588,'2022-01-10 03:28:37.288433','119','MFR+Stretch -- Денис',2,'[{\"changed\": {\"fields\": [\"date\"]}}]',29,1),(1589,'2022-01-10 03:28:37.290412','120','Aero Yoga -- Роман',2,'[{\"changed\": {\"fields\": [\"date\"]}}]',29,1),(1590,'2022-01-10 03:28:37.292419','121','ABL -- Юлия Г.',2,'[{\"changed\": {\"fields\": [\"date\"]}}]',29,1),(1591,'2022-01-10 03:28:37.294402','122','Круговая тренировка -- Анастасия',2,'[{\"changed\": {\"fields\": [\"date\"]}}]',29,1),(1592,'2022-01-10 03:28:37.296316','123','Zumba -- Юлия Г.',2,'[{\"changed\": {\"fields\": [\"date\"]}}]',29,1),(1593,'2022-01-10 03:28:37.298211','124','Stretch -- Анастасия',2,'[{\"changed\": {\"fields\": [\"date\"]}}]',29,1),(1594,'2022-01-13 18:26:12.791252','15','Power class -- Юлия П.',2,'[{\"changed\": {\"fields\": [\"instructor\"]}}]',29,2),(1595,'2022-01-13 18:26:12.794403','84','Power class -- Наталья',2,'[{\"changed\": {\"fields\": [\"instructor\"]}}]',29,2),(1596,'2022-01-13 18:29:02.506715','64','Yoga -- Юлия П.',2,'[{\"changed\": {\"fields\": [\"instructor\"]}}]',29,2),(1597,'2022-01-13 18:29:02.508872','32','Stretch -- Анастасия',2,'[{\"changed\": {\"fields\": [\"instructor\"]}}]',29,2),(1598,'2022-01-13 18:29:02.510729','72','Abs+Stretch -- Диана',2,'[{\"changed\": {\"fields\": [\"classes\"]}}]',29,2),(1599,'2022-01-13 18:29:02.512577','89','Yoga -- Наталья',2,'[{\"changed\": {\"fields\": [\"classes\", \"instructor\"]}}]',29,2),(1600,'2022-01-13 18:30:07.556983','124','Stretch -- Наталья',2,'[{\"changed\": {\"fields\": [\"instructor\"]}}]',29,2),(1601,'2022-01-13 18:33:07.464152','126','Круговая тренировка -- Юлия П.',1,'[{\"added\": {}}]',29,2),(1602,'2022-01-13 18:34:17.986684','90','Круговая тренировка -- Юлия Г.',2,'[{\"changed\": {\"fields\": [\"instructor\"]}}]',29,2),(1603,'2022-01-13 18:34:46.229917','127','TRX -- Денис',1,'[{\"added\": {}}]',29,2),(1604,'2022-01-13 18:37:50.766549','65','Круговая тренировка -- Юлия П.',2,'[{\"changed\": {\"fields\": [\"instructor\"]}}]',29,2),(1605,'2022-01-13 18:37:50.769631','74','Yoga -- Юлия П.',2,'[{\"changed\": {\"fields\": [\"classes\", \"instructor\", \"hall\"]}}]',29,2),(1606,'2022-01-13 18:39:12.041987','128','Yoga -- Юлия П.',1,'[{\"added\": {}}]',29,2),(1607,'2022-01-13 18:39:30.925494','128','Yoga -- Юлия П.',2,'[]',29,2),(1608,'2022-01-13 18:42:17.868089','16','Самый мощный Новогодний подарок!',2,'[{\"changed\": {\"fields\": [\"publicated\"]}}]',21,2),(1609,'2022-01-13 18:43:10.261438','17','Начни 2022 год правильно вместе с фитнес клубом Эволюция!',1,'[{\"added\": {}}]',21,2),(1610,'2022-01-17 02:01:30.792430','128','Yoga -- Юлия П.',2,'[{\"changed\": {\"fields\": [\"date\"]}}]',29,1),(1611,'2022-01-17 02:01:30.796438','112','Power class -- Денис',2,'[{\"changed\": {\"fields\": [\"date\"]}}]',29,1),(1612,'2022-01-17 02:01:30.798479','66','Stretch -- Галина',2,'[{\"changed\": {\"fields\": [\"date\"]}}]',29,1),(1613,'2022-01-17 02:01:30.800611','65','Круговая тренировка -- Юлия П.',2,'[{\"changed\": {\"fields\": [\"date\"]}}]',29,1),(1614,'2022-01-17 02:01:30.802491','64','Yoga -- Юлия П.',2,'[{\"changed\": {\"fields\": [\"date\"]}}]',29,1),(1615,'2022-01-17 02:01:30.804364','25','Танец живота -- Галина',2,'[{\"changed\": {\"fields\": [\"date\"]}}]',29,1),(1616,'2022-01-17 02:01:30.806256','23','Бокс -- Александр',2,'[{\"changed\": {\"fields\": [\"date\"]}}]',29,1),(1617,'2022-01-17 02:01:30.808169','15','Power class -- Юлия П.',2,'[{\"changed\": {\"fields\": [\"date\"]}}]',29,1),(1618,'2022-01-17 02:01:30.810068','14','Aero Yoga -- Наталья',2,'[{\"changed\": {\"fields\": [\"date\"]}}]',29,1),(1619,'2022-01-17 02:01:30.811986','118','Tabata -- Наталья',2,'[{\"changed\": {\"fields\": [\"date\"]}}]',29,1),(1620,'2022-01-17 02:01:30.813932','117','Хатха Йога (1,5 часа) -- Алексей',2,'[{\"changed\": {\"fields\": [\"date\"]}}]',29,1),(1621,'2022-01-17 02:01:30.815915','114','Functional training -- Денис',2,'[{\"changed\": {\"fields\": [\"date\"]}}]',29,1),(1622,'2022-01-17 02:01:30.817905','67','Круговая тренировка -- Анастасия',2,'[{\"changed\": {\"fields\": [\"date\"]}}]',29,1),(1623,'2022-01-17 02:01:30.819892','59','Pilates -- Наталья',2,'[{\"changed\": {\"fields\": [\"date\"]}}]',29,1),(1624,'2022-01-17 02:01:30.821833','39','Power step -- Денис',2,'[{\"changed\": {\"fields\": [\"date\"]}}]',29,1),(1625,'2022-01-17 02:01:30.823723','38','Aero Yoga -- Наталья',2,'[{\"changed\": {\"fields\": [\"date\"]}}]',29,1),(1626,'2022-01-17 02:01:30.825595','32','Stretch -- Анастасия',2,'[{\"changed\": {\"fields\": [\"date\"]}}]',29,1),(1627,'2022-01-17 02:01:30.827496','126','Круговая тренировка -- Юлия П.',2,'[{\"changed\": {\"fields\": [\"date\"]}}]',29,1),(1628,'2022-01-17 02:01:30.829507','125','TRX -- Денис',2,'[{\"changed\": {\"fields\": [\"date\"]}}]',29,1),(1629,'2022-01-17 02:01:30.831425','77','Бокс -- Александр',2,'[{\"changed\": {\"fields\": [\"date\"]}}]',29,1),(1630,'2022-01-17 02:01:30.833313','76','Lady class -- Галина',2,'[{\"changed\": {\"fields\": [\"date\"]}}]',29,1),(1631,'2022-01-17 02:01:30.835205','75','Stretch -- Галина',2,'[{\"changed\": {\"fields\": [\"date\"]}}]',29,1),(1632,'2022-01-17 02:01:30.837085','74','Yoga -- Юлия П.',2,'[{\"changed\": {\"fields\": [\"date\"]}}]',29,1),(1633,'2022-01-17 02:01:30.842409','73','ABL -- Юлия П.',2,'[{\"changed\": {\"fields\": [\"date\"]}}]',29,1),(1634,'2022-01-17 02:01:30.845115','72','Abs+Stretch -- Диана',2,'[{\"changed\": {\"fields\": [\"date\"]}}]',29,1),(1635,'2022-01-17 02:01:30.848820','69','Yoga -- Наталья',2,'[{\"changed\": {\"fields\": [\"date\"]}}]',29,1),(1636,'2022-01-17 02:01:30.850758','68','Interval training (55 мин.) -- Диана',2,'[{\"changed\": {\"fields\": [\"date\"]}}]',29,1),(1637,'2022-01-17 02:01:30.852766','60','Aero Yoga -- Наталья',2,'[{\"changed\": {\"fields\": [\"date\"]}}]',29,1),(1638,'2022-01-17 02:01:30.854692','93','Power class -- Денис',2,'[{\"changed\": {\"fields\": [\"date\"]}}]',29,1),(1639,'2022-01-17 02:01:30.856561','92','Tabata -- Денис',2,'[{\"changed\": {\"fields\": [\"date\"]}}]',29,1),(1640,'2022-01-17 02:01:30.858489','86','Здоровая спина+MFR -- Анастасия',2,'[{\"changed\": {\"fields\": [\"date\"]}}]',29,1),(1641,'2022-01-17 02:01:30.860441','85','Functional training -- Анастасия',2,'[{\"changed\": {\"fields\": [\"date\"]}}]',29,1),(1642,'2022-01-17 02:01:30.862297','83','MFR+Stretch -- Денис',2,'[{\"changed\": {\"fields\": [\"date\"]}}]',29,1),(1643,'2022-01-17 02:01:30.864148','82','Хатха Йога (1,5 часа) -- Алексей',2,'[{\"changed\": {\"fields\": [\"date\"]}}]',29,1),(1644,'2022-01-17 02:01:30.865996','81','Zumba -- Юлия Г.',2,'[{\"changed\": {\"fields\": [\"date\"]}}]',29,1),(1645,'2022-01-17 02:01:30.867804','78','Aero Yoga -- Наталья',2,'[{\"changed\": {\"fields\": [\"date\"]}}]',29,1),(1646,'2022-01-17 02:01:30.869533','127','TRX -- Денис',2,'[{\"changed\": {\"fields\": [\"date\"]}}]',29,1),(1647,'2022-01-17 02:01:30.871247','99','ABL -- Юлия Г.',2,'[{\"changed\": {\"fields\": [\"date\"]}}]',29,1),(1648,'2022-01-17 02:01:30.872948','98','Stretch -- Галина',2,'[{\"changed\": {\"fields\": [\"date\"]}}]',29,1),(1649,'2022-01-17 02:01:30.874677','97','Бокс -- Александр',2,'[{\"changed\": {\"fields\": [\"date\"]}}]',29,1),(1650,'2022-01-17 02:01:30.876419','94','Dance Mix -- Галина',2,'[{\"changed\": {\"fields\": [\"date\"]}}]',29,1),(1651,'2022-01-17 02:01:30.878148','91','Pilates -- Юлия Г.',2,'[{\"changed\": {\"fields\": [\"date\"]}}]',29,1),(1652,'2022-01-17 02:01:30.879851','90','Круговая тренировка -- Юлия Г.',2,'[{\"changed\": {\"fields\": [\"date\"]}}]',29,1),(1653,'2022-01-17 02:01:30.881579','89','Yoga -- Наталья',2,'[{\"changed\": {\"fields\": [\"date\"]}}]',29,1),(1654,'2022-01-17 02:01:30.883312','84','Power class -- Наталья',2,'[{\"changed\": {\"fields\": [\"date\"]}}]',29,1),(1655,'2022-01-17 02:01:30.885057','119','MFR+Stretch -- Денис',2,'[{\"changed\": {\"fields\": [\"date\"]}}]',29,1),(1656,'2022-01-17 02:01:30.886766','111','Tabata -- Денис',2,'[{\"changed\": {\"fields\": [\"date\"]}}]',29,1),(1657,'2022-01-17 02:01:30.888466','101','Хатха Йога (1,5 часа) -- Алексей',2,'[{\"changed\": {\"fields\": [\"date\"]}}]',29,1),(1658,'2022-01-17 02:01:30.890193','100','Mobility -- Анастасия',2,'[{\"changed\": {\"fields\": [\"date\"]}}]',29,1),(1659,'2022-01-17 02:01:30.891893','124','Stretch -- Наталья',2,'[{\"changed\": {\"fields\": [\"date\"]}}]',29,1),(1660,'2022-01-17 02:01:30.893611','123','Zumba -- Юлия Г.',2,'[{\"changed\": {\"fields\": [\"date\"]}}]',29,1),(1661,'2022-01-17 02:01:30.895325','122','Круговая тренировка -- Анастасия',2,'[{\"changed\": {\"fields\": [\"date\"]}}]',29,1),(1662,'2022-01-17 02:01:30.897020','121','ABL -- Юлия Г.',2,'[{\"changed\": {\"fields\": [\"date\"]}}]',29,1),(1663,'2022-01-17 02:01:30.898719','120','Aero Yoga -- Роман',2,'[{\"changed\": {\"fields\": [\"date\"]}}]',29,1),(1664,'2022-01-24 02:52:45.389704','128','Yoga -- Юлия П.',2,'[{\"changed\": {\"fields\": [\"date\"]}}]',29,1),(1665,'2022-01-24 02:52:45.392862','112','Power class -- Денис',2,'[{\"changed\": {\"fields\": [\"date\"]}}]',29,1),(1666,'2022-01-24 02:52:45.394990','66','Stretch -- Галина',2,'[{\"changed\": {\"fields\": [\"date\"]}}]',29,1),(1667,'2022-01-24 02:52:45.397096','65','Круговая тренировка -- Юлия П.',2,'[{\"changed\": {\"fields\": [\"date\"]}}]',29,1),(1668,'2022-01-24 02:52:45.399203','64','Yoga -- Юлия П.',2,'[{\"changed\": {\"fields\": [\"date\"]}}]',29,1),(1669,'2022-01-24 02:52:45.401274','25','Танец живота -- Галина',2,'[{\"changed\": {\"fields\": [\"date\"]}}]',29,1),(1670,'2022-01-24 02:52:45.403394','23','Бокс -- Александр',2,'[{\"changed\": {\"fields\": [\"date\"]}}]',29,1),(1671,'2022-01-24 02:52:45.414867','15','Power class -- Юлия П.',2,'[{\"changed\": {\"fields\": [\"date\"]}}]',29,1),(1672,'2022-01-24 02:52:45.417397','14','Aero Yoga -- Наталья',2,'[{\"changed\": {\"fields\": [\"date\"]}}]',29,1),(1673,'2022-01-24 02:52:45.419724','118','Tabata -- Наталья',2,'[{\"changed\": {\"fields\": [\"date\"]}}]',29,1),(1674,'2022-01-24 02:52:45.421951','117','Хатха Йога (1,5 часа) -- Алексей',2,'[{\"changed\": {\"fields\": [\"date\"]}}]',29,1),(1675,'2022-01-24 02:52:45.424223','114','Functional training -- Денис',2,'[{\"changed\": {\"fields\": [\"date\"]}}]',29,1),(1676,'2022-01-24 02:52:45.426524','67','Круговая тренировка -- Анастасия',2,'[{\"changed\": {\"fields\": [\"date\"]}}]',29,1),(1677,'2022-01-24 02:52:45.428947','59','Pilates -- Наталья',2,'[{\"changed\": {\"fields\": [\"date\"]}}]',29,1),(1678,'2022-01-24 02:52:45.431235','39','Power step -- Денис',2,'[{\"changed\": {\"fields\": [\"date\"]}}]',29,1),(1679,'2022-01-24 02:52:45.433538','38','Aero Yoga -- Наталья',2,'[{\"changed\": {\"fields\": [\"date\"]}}]',29,1),(1680,'2022-01-24 02:52:45.436021','32','Stretch -- Анастасия',2,'[{\"changed\": {\"fields\": [\"date\"]}}]',29,1),(1681,'2022-01-24 02:52:45.438296','126','Круговая тренировка -- Юлия П.',2,'[{\"changed\": {\"fields\": [\"date\"]}}]',29,1),(1682,'2022-01-24 02:52:45.440539','125','TRX -- Денис',2,'[{\"changed\": {\"fields\": [\"date\"]}}]',29,1),(1683,'2022-01-24 02:52:45.442826','77','Бокс -- Александр',2,'[{\"changed\": {\"fields\": [\"date\"]}}]',29,1),(1684,'2022-01-24 02:52:45.445095','76','Lady class -- Галина',2,'[{\"changed\": {\"fields\": [\"date\"]}}]',29,1),(1685,'2022-01-24 02:52:45.447382','75','Stretch -- Галина',2,'[{\"changed\": {\"fields\": [\"date\"]}}]',29,1),(1686,'2022-01-24 02:52:45.449690','74','Yoga -- Юлия П.',2,'[{\"changed\": {\"fields\": [\"date\"]}}]',29,1),(1687,'2022-01-24 02:52:45.451933','73','ABL -- Юлия П.',2,'[{\"changed\": {\"fields\": [\"date\"]}}]',29,1),(1688,'2022-01-24 02:52:45.454269','72','Abs+Stretch -- Диана',2,'[{\"changed\": {\"fields\": [\"date\"]}}]',29,1),(1689,'2022-01-24 02:52:45.456568','69','Yoga -- Наталья',2,'[{\"changed\": {\"fields\": [\"date\"]}}]',29,1),(1690,'2022-01-24 02:52:45.458890','68','Interval training (55 мин.) -- Диана',2,'[{\"changed\": {\"fields\": [\"date\"]}}]',29,1),(1691,'2022-01-24 02:52:45.461158','60','Aero Yoga -- Наталья',2,'[{\"changed\": {\"fields\": [\"date\"]}}]',29,1),(1692,'2022-01-24 02:52:45.463490','93','Power class -- Денис',2,'[{\"changed\": {\"fields\": [\"date\"]}}]',29,1),(1693,'2022-01-24 02:52:45.465744','92','Tabata -- Денис',2,'[{\"changed\": {\"fields\": [\"date\"]}}]',29,1),(1694,'2022-01-24 02:52:45.468024','86','Здоровая спина+MFR -- Анастасия',2,'[{\"changed\": {\"fields\": [\"date\"]}}]',29,1),(1695,'2022-01-24 02:52:45.470435','85','Functional training -- Анастасия',2,'[{\"changed\": {\"fields\": [\"date\"]}}]',29,1),(1696,'2022-01-24 02:52:45.472716','83','MFR+Stretch -- Денис',2,'[{\"changed\": {\"fields\": [\"date\"]}}]',29,1),(1697,'2022-01-24 02:52:45.475128','82','Хатха Йога (1,5 часа) -- Алексей',2,'[{\"changed\": {\"fields\": [\"date\"]}}]',29,1),(1698,'2022-01-24 02:52:45.477504','81','Zumba -- Юлия Г.',2,'[{\"changed\": {\"fields\": [\"date\"]}}]',29,1),(1699,'2022-01-24 02:52:45.480531','78','Aero Yoga -- Наталья',2,'[{\"changed\": {\"fields\": [\"date\"]}}]',29,1),(1700,'2022-01-24 02:52:45.482697','127','TRX -- Денис',2,'[{\"changed\": {\"fields\": [\"date\"]}}]',29,1),(1701,'2022-01-24 02:52:45.484900','99','ABL -- Юлия Г.',2,'[{\"changed\": {\"fields\": [\"date\"]}}]',29,1),(1702,'2022-01-24 02:52:45.487198','98','Stretch -- Галина',2,'[{\"changed\": {\"fields\": [\"date\"]}}]',29,1),(1703,'2022-01-24 02:52:45.489475','97','Бокс -- Александр',2,'[{\"changed\": {\"fields\": [\"date\"]}}]',29,1),(1704,'2022-01-24 02:52:45.491689','94','Dance Mix -- Галина',2,'[{\"changed\": {\"fields\": [\"date\"]}}]',29,1),(1705,'2022-01-24 02:52:45.493820','91','Pilates -- Юлия Г.',2,'[{\"changed\": {\"fields\": [\"date\"]}}]',29,1),(1706,'2022-01-24 02:52:45.495965','90','Круговая тренировка -- Юлия Г.',2,'[{\"changed\": {\"fields\": [\"date\"]}}]',29,1),(1707,'2022-01-24 02:52:45.498107','89','Yoga -- Наталья',2,'[{\"changed\": {\"fields\": [\"date\"]}}]',29,1),(1708,'2022-01-24 02:52:45.500259','84','Power class -- Наталья',2,'[{\"changed\": {\"fields\": [\"date\"]}}]',29,1),(1709,'2022-01-24 02:52:45.508229','119','MFR+Stretch -- Денис',2,'[{\"changed\": {\"fields\": [\"date\"]}}]',29,1),(1710,'2022-01-24 02:52:45.510370','111','Tabata -- Денис',2,'[{\"changed\": {\"fields\": [\"date\"]}}]',29,1),(1711,'2022-01-24 02:52:45.512482','101','Хатха Йога (1,5 часа) -- Алексей',2,'[{\"changed\": {\"fields\": [\"date\"]}}]',29,1),(1712,'2022-01-24 02:52:45.514697','100','Mobility -- Анастасия',2,'[{\"changed\": {\"fields\": [\"date\"]}}]',29,1),(1713,'2022-01-24 02:52:45.516839','124','Stretch -- Наталья',2,'[{\"changed\": {\"fields\": [\"date\"]}}]',29,1),(1714,'2022-01-24 02:52:45.519326','123','Zumba -- Юлия Г.',2,'[{\"changed\": {\"fields\": [\"date\"]}}]',29,1),(1715,'2022-01-24 02:52:45.521445','122','Круговая тренировка -- Анастасия',2,'[{\"changed\": {\"fields\": [\"date\"]}}]',29,1),(1716,'2022-01-24 02:52:45.523553','121','ABL -- Юлия Г.',2,'[{\"changed\": {\"fields\": [\"date\"]}}]',29,1),(1717,'2022-01-24 02:52:45.525716','120','Aero Yoga -- Роман',2,'[{\"changed\": {\"fields\": [\"date\"]}}]',29,1),(1718,'2022-01-24 22:53:44.531479','18','Идеальный абонемент чтобы достичь идеальной формы!',1,'[{\"added\": {}}]',21,2),(1719,'2022-01-24 22:55:36.906769','26','Power Yoga',1,'[{\"added\": {}}]',31,2),(1720,'2022-01-24 22:56:15.513354','129','Power Yoga -- Наталья',1,'[{\"added\": {}}]',29,2),(1721,'2022-01-31 03:04:50.823955','129','Power Yoga -- Наталья',2,'[{\"changed\": {\"fields\": [\"date\"]}}]',29,1),(1722,'2022-01-31 03:04:50.828225','128','Yoga -- Юлия П.',2,'[{\"changed\": {\"fields\": [\"date\"]}}]',29,1),(1723,'2022-01-31 03:04:50.830141','112','Power class -- Денис',2,'[{\"changed\": {\"fields\": [\"date\"]}}]',29,1),(1724,'2022-01-31 03:04:50.831934','66','Stretch -- Галина',2,'[{\"changed\": {\"fields\": [\"date\"]}}]',29,1),(1725,'2022-01-31 03:04:50.833711','65','Круговая тренировка -- Юлия П.',2,'[{\"changed\": {\"fields\": [\"date\"]}}]',29,1),(1726,'2022-01-31 03:04:50.835573','64','Yoga -- Юлия П.',2,'[{\"changed\": {\"fields\": [\"date\"]}}]',29,1),(1727,'2022-01-31 03:04:50.837424','25','Танец живота -- Галина',2,'[{\"changed\": {\"fields\": [\"date\"]}}]',29,1),(1728,'2022-01-31 03:04:50.839298','23','Бокс -- Александр',2,'[{\"changed\": {\"fields\": [\"date\"]}}]',29,1),(1729,'2022-01-31 03:04:50.841179','15','Power class -- Юлия П.',2,'[{\"changed\": {\"fields\": [\"date\"]}}]',29,1),(1730,'2022-01-31 03:04:50.843072','14','Aero Yoga -- Наталья',2,'[{\"changed\": {\"fields\": [\"date\"]}}]',29,1),(1731,'2022-01-31 03:04:50.844922','118','Tabata -- Наталья',2,'[{\"changed\": {\"fields\": [\"date\"]}}]',29,1),(1732,'2022-01-31 03:04:50.846702','117','Хатха Йога (1,5 часа) -- Алексей',2,'[{\"changed\": {\"fields\": [\"date\"]}}]',29,1),(1733,'2022-01-31 03:04:50.848443','114','Functional training -- Денис',2,'[{\"changed\": {\"fields\": [\"date\"]}}]',29,1),(1734,'2022-01-31 03:04:50.850210','67','Круговая тренировка -- Анастасия',2,'[{\"changed\": {\"fields\": [\"date\"]}}]',29,1),(1735,'2022-01-31 03:04:50.851990','59','Pilates -- Наталья',2,'[{\"changed\": {\"fields\": [\"date\"]}}]',29,1),(1736,'2022-01-31 03:04:50.853805','39','Power step -- Денис',2,'[{\"changed\": {\"fields\": [\"date\"]}}]',29,1),(1737,'2022-01-31 03:04:50.855684','38','Aero Yoga -- Наталья',2,'[{\"changed\": {\"fields\": [\"date\"]}}]',29,1),(1738,'2022-01-31 03:04:50.857583','32','Stretch -- Анастасия',2,'[{\"changed\": {\"fields\": [\"date\"]}}]',29,1),(1739,'2022-01-31 03:04:50.859445','126','Круговая тренировка -- Юлия П.',2,'[{\"changed\": {\"fields\": [\"date\"]}}]',29,1),(1740,'2022-01-31 03:04:50.861408','125','TRX -- Денис',2,'[{\"changed\": {\"fields\": [\"date\"]}}]',29,1),(1741,'2022-01-31 03:04:50.863235','77','Бокс -- Александр',2,'[{\"changed\": {\"fields\": [\"date\"]}}]',29,1),(1742,'2022-01-31 03:04:50.865225','76','Lady class -- Галина',2,'[{\"changed\": {\"fields\": [\"date\"]}}]',29,1),(1743,'2022-01-31 03:04:50.867123','75','Stretch -- Галина',2,'[{\"changed\": {\"fields\": [\"date\"]}}]',29,1),(1744,'2022-01-31 03:04:50.869034','74','Yoga -- Юлия П.',2,'[{\"changed\": {\"fields\": [\"date\"]}}]',29,1),(1745,'2022-01-31 03:04:50.870917','73','ABL -- Юлия П.',2,'[{\"changed\": {\"fields\": [\"date\"]}}]',29,1),(1746,'2022-01-31 03:04:50.872833','72','Abs+Stretch -- Диана',2,'[{\"changed\": {\"fields\": [\"date\"]}}]',29,1),(1747,'2022-01-31 03:04:50.874737','69','Yoga -- Наталья',2,'[{\"changed\": {\"fields\": [\"date\"]}}]',29,1),(1748,'2022-01-31 03:04:50.876653','68','Interval training (55 мин.) -- Диана',2,'[{\"changed\": {\"fields\": [\"date\"]}}]',29,1),(1749,'2022-01-31 03:04:50.878586','60','Aero Yoga -- Наталья',2,'[{\"changed\": {\"fields\": [\"date\"]}}]',29,1),(1750,'2022-01-31 03:04:50.880505','93','Power class -- Денис',2,'[{\"changed\": {\"fields\": [\"date\"]}}]',29,1),(1751,'2022-01-31 03:04:50.882450','92','Tabata -- Денис',2,'[{\"changed\": {\"fields\": [\"date\"]}}]',29,1),(1752,'2022-01-31 03:04:50.884458','86','Здоровая спина+MFR -- Анастасия',2,'[{\"changed\": {\"fields\": [\"date\"]}}]',29,1),(1753,'2022-01-31 03:04:50.886435','85','Functional training -- Анастасия',2,'[{\"changed\": {\"fields\": [\"date\"]}}]',29,1),(1754,'2022-01-31 03:04:50.888337','83','MFR+Stretch -- Денис',2,'[{\"changed\": {\"fields\": [\"date\"]}}]',29,1),(1755,'2022-01-31 03:04:50.890222','82','Хатха Йога (1,5 часа) -- Алексей',2,'[{\"changed\": {\"fields\": [\"date\"]}}]',29,1),(1756,'2022-01-31 03:04:50.896360','81','Zumba -- Юлия Г.',2,'[{\"changed\": {\"fields\": [\"date\"]}}]',29,1),(1757,'2022-01-31 03:04:50.898134','78','Aero Yoga -- Наталья',2,'[{\"changed\": {\"fields\": [\"date\"]}}]',29,1),(1758,'2022-01-31 03:04:50.899913','127','TRX -- Денис',2,'[{\"changed\": {\"fields\": [\"date\"]}}]',29,1),(1759,'2022-01-31 03:04:50.901810','99','ABL -- Юлия Г.',2,'[{\"changed\": {\"fields\": [\"date\"]}}]',29,1),(1760,'2022-01-31 03:04:50.903654','98','Stretch -- Галина',2,'[{\"changed\": {\"fields\": [\"date\"]}}]',29,1),(1761,'2022-01-31 03:04:50.905427','97','Бокс -- Александр',2,'[{\"changed\": {\"fields\": [\"date\"]}}]',29,1),(1762,'2022-01-31 03:04:50.907240','94','Dance Mix -- Галина',2,'[{\"changed\": {\"fields\": [\"date\"]}}]',29,1),(1763,'2022-01-31 03:04:50.909087','91','Pilates -- Юлия Г.',2,'[{\"changed\": {\"fields\": [\"date\"]}}]',29,1),(1764,'2022-01-31 03:04:50.910943','90','Круговая тренировка -- Юлия Г.',2,'[{\"changed\": {\"fields\": [\"date\"]}}]',29,1),(1765,'2022-01-31 03:04:50.912745','89','Yoga -- Наталья',2,'[{\"changed\": {\"fields\": [\"date\"]}}]',29,1),(1766,'2022-01-31 03:04:50.914599','84','Power class -- Наталья',2,'[{\"changed\": {\"fields\": [\"date\"]}}]',29,1),(1767,'2022-01-31 03:04:50.916385','119','MFR+Stretch -- Денис',2,'[{\"changed\": {\"fields\": [\"date\"]}}]',29,1),(1768,'2022-01-31 03:04:50.918189','111','Tabata -- Денис',2,'[{\"changed\": {\"fields\": [\"date\"]}}]',29,1),(1769,'2022-01-31 03:04:50.920027','101','Хатха Йога (1,5 часа) -- Алексей',2,'[{\"changed\": {\"fields\": [\"date\"]}}]',29,1),(1770,'2022-01-31 03:04:50.921830','100','Mobility -- Анастасия',2,'[{\"changed\": {\"fields\": [\"date\"]}}]',29,1),(1771,'2022-01-31 03:04:50.924763','124','Stretch -- Наталья',2,'[{\"changed\": {\"fields\": [\"date\"]}}]',29,1),(1772,'2022-01-31 03:04:50.926625','123','Zumba -- Юлия Г.',2,'[{\"changed\": {\"fields\": [\"date\"]}}]',29,1),(1773,'2022-01-31 03:04:50.928363','122','Круговая тренировка -- Анастасия',2,'[{\"changed\": {\"fields\": [\"date\"]}}]',29,1),(1774,'2022-01-31 03:04:50.930192','121','ABL -- Юлия Г.',2,'[{\"changed\": {\"fields\": [\"date\"]}}]',29,1),(1775,'2022-01-31 03:04:50.932040','120','Aero Yoga -- Роман',2,'[{\"changed\": {\"fields\": [\"date\"]}}]',29,1),(1776,'2022-02-07 03:05:21.631895','129','Power Yoga -- Наталья',2,'[{\"changed\": {\"fields\": [\"date\"]}}]',29,1),(1777,'2022-02-07 03:05:21.634533','128','Yoga -- Юлия П.',2,'[{\"changed\": {\"fields\": [\"date\"]}}]',29,1),(1778,'2022-02-07 03:05:21.636339','112','Power class -- Денис',2,'[{\"changed\": {\"fields\": [\"date\"]}}]',29,1),(1779,'2022-02-07 03:05:21.638209','66','Stretch -- Галина',2,'[{\"changed\": {\"fields\": [\"date\"]}}]',29,1),(1780,'2022-02-07 03:05:21.639919','65','Круговая тренировка -- Юлия П.',2,'[{\"changed\": {\"fields\": [\"date\"]}}]',29,1),(1781,'2022-02-07 03:05:21.641711','64','Yoga -- Юлия П.',2,'[{\"changed\": {\"fields\": [\"date\"]}}]',29,1),(1782,'2022-02-07 03:05:21.643498','25','Танец живота -- Галина',2,'[{\"changed\": {\"fields\": [\"date\"]}}]',29,1),(1783,'2022-02-07 03:05:21.645265','23','Бокс -- Александр',2,'[{\"changed\": {\"fields\": [\"date\"]}}]',29,1),(1784,'2022-02-07 03:05:21.647167','15','Power class -- Юлия П.',2,'[{\"changed\": {\"fields\": [\"date\"]}}]',29,1),(1785,'2022-02-07 03:05:21.648919','14','Aero Yoga -- Наталья',2,'[{\"changed\": {\"fields\": [\"date\"]}}]',29,1),(1786,'2022-02-07 03:05:21.650716','118','Tabata -- Наталья',2,'[{\"changed\": {\"fields\": [\"date\"]}}]',29,1),(1787,'2022-02-07 03:05:21.652494','117','Хатха Йога (1,5 часа) -- Алексей',2,'[{\"changed\": {\"fields\": [\"date\"]}}]',29,1),(1788,'2022-02-07 03:05:21.654298','114','Functional training -- Денис',2,'[{\"changed\": {\"fields\": [\"date\"]}}]',29,1),(1789,'2022-02-07 03:05:21.656156','67','Круговая тренировка -- Анастасия',2,'[{\"changed\": {\"fields\": [\"date\"]}}]',29,1),(1790,'2022-02-07 03:05:21.657962','59','Pilates -- Наталья',2,'[{\"changed\": {\"fields\": [\"date\"]}}]',29,1),(1791,'2022-02-07 03:05:21.659795','39','Power step -- Денис',2,'[{\"changed\": {\"fields\": [\"date\"]}}]',29,1),(1792,'2022-02-07 03:05:21.661627','38','Aero Yoga -- Наталья',2,'[{\"changed\": {\"fields\": [\"date\"]}}]',29,1),(1793,'2022-02-07 03:05:21.663418','32','Stretch -- Анастасия',2,'[{\"changed\": {\"fields\": [\"date\"]}}]',29,1),(1794,'2022-02-07 03:05:21.665240','126','Круговая тренировка -- Юлия П.',2,'[{\"changed\": {\"fields\": [\"date\"]}}]',29,1),(1795,'2022-02-07 03:05:21.667036','125','TRX -- Денис',2,'[{\"changed\": {\"fields\": [\"date\"]}}]',29,1),(1796,'2022-02-07 03:05:21.668868','77','Бокс -- Александр',2,'[{\"changed\": {\"fields\": [\"date\"]}}]',29,1),(1797,'2022-02-07 03:05:21.670657','76','Lady class -- Галина',2,'[{\"changed\": {\"fields\": [\"date\"]}}]',29,1),(1798,'2022-02-07 03:05:21.672453','75','Stretch -- Галина',2,'[{\"changed\": {\"fields\": [\"date\"]}}]',29,1),(1799,'2022-02-07 03:05:21.674268','74','Yoga -- Юлия П.',2,'[{\"changed\": {\"fields\": [\"date\"]}}]',29,1),(1800,'2022-02-07 03:05:21.676094','73','ABL -- Юлия П.',2,'[{\"changed\": {\"fields\": [\"date\"]}}]',29,1),(1801,'2022-02-07 03:05:21.677933','72','Abs+Stretch -- Диана',2,'[{\"changed\": {\"fields\": [\"date\"]}}]',29,1),(1802,'2022-02-07 03:05:21.679747','69','Yoga -- Наталья',2,'[{\"changed\": {\"fields\": [\"date\"]}}]',29,1),(1803,'2022-02-07 03:05:21.681566','68','Interval training (55 мин.) -- Диана',2,'[{\"changed\": {\"fields\": [\"date\"]}}]',29,1),(1804,'2022-02-07 03:05:21.683406','60','Aero Yoga -- Наталья',2,'[{\"changed\": {\"fields\": [\"date\"]}}]',29,1),(1805,'2022-02-07 03:05:21.685188','93','Power class -- Денис',2,'[{\"changed\": {\"fields\": [\"date\"]}}]',29,1),(1806,'2022-02-07 03:05:21.689439','92','Tabata -- Денис',2,'[{\"changed\": {\"fields\": [\"date\"]}}]',29,1),(1807,'2022-02-07 03:05:21.691270','86','Здоровая спина+MFR -- Анастасия',2,'[{\"changed\": {\"fields\": [\"date\"]}}]',29,1),(1808,'2022-02-07 03:05:21.693123','85','Functional training -- Анастасия',2,'[{\"changed\": {\"fields\": [\"date\"]}}]',29,1),(1809,'2022-02-07 03:05:21.694965','83','MFR+Stretch -- Денис',2,'[{\"changed\": {\"fields\": [\"date\"]}}]',29,1),(1810,'2022-02-07 03:05:21.696802','82','Хатха Йога (1,5 часа) -- Алексей',2,'[{\"changed\": {\"fields\": [\"date\"]}}]',29,1),(1811,'2022-02-07 03:05:21.698627','81','Zumba -- Юлия Г.',2,'[{\"changed\": {\"fields\": [\"date\"]}}]',29,1),(1812,'2022-02-07 03:05:21.700495','78','Aero Yoga -- Наталья',2,'[{\"changed\": {\"fields\": [\"date\"]}}]',29,1),(1813,'2022-02-07 03:05:21.702300','127','TRX -- Денис',2,'[{\"changed\": {\"fields\": [\"date\"]}}]',29,1),(1814,'2022-02-07 03:05:21.704174','99','ABL -- Юлия Г.',2,'[{\"changed\": {\"fields\": [\"date\"]}}]',29,1),(1815,'2022-02-07 03:05:21.706086','98','Stretch -- Галина',2,'[{\"changed\": {\"fields\": [\"date\"]}}]',29,1),(1816,'2022-02-07 03:05:21.708071','97','Бокс -- Александр',2,'[{\"changed\": {\"fields\": [\"date\"]}}]',29,1),(1817,'2022-02-07 03:05:21.709979','94','Dance Mix -- Галина',2,'[{\"changed\": {\"fields\": [\"date\"]}}]',29,1),(1818,'2022-02-07 03:05:21.711850','91','Pilates -- Юлия Г.',2,'[{\"changed\": {\"fields\": [\"date\"]}}]',29,1),(1819,'2022-02-07 03:05:21.713724','90','Круговая тренировка -- Юлия Г.',2,'[{\"changed\": {\"fields\": [\"date\"]}}]',29,1),(1820,'2022-02-07 03:05:21.715589','89','Yoga -- Наталья',2,'[{\"changed\": {\"fields\": [\"date\"]}}]',29,1),(1821,'2022-02-07 03:05:21.717453','84','Power class -- Наталья',2,'[{\"changed\": {\"fields\": [\"date\"]}}]',29,1),(1822,'2022-02-07 03:05:21.719263','119','MFR+Stretch -- Денис',2,'[{\"changed\": {\"fields\": [\"date\"]}}]',29,1),(1823,'2022-02-07 03:05:21.721090','111','Tabata -- Денис',2,'[{\"changed\": {\"fields\": [\"date\"]}}]',29,1),(1824,'2022-02-07 03:05:21.722928','101','Хатха Йога (1,5 часа) -- Алексей',2,'[{\"changed\": {\"fields\": [\"date\"]}}]',29,1),(1825,'2022-02-07 03:05:21.724794','100','Mobility -- Анастасия',2,'[{\"changed\": {\"fields\": [\"date\"]}}]',29,1),(1826,'2022-02-07 03:05:21.726707','124','Stretch -- Наталья',2,'[{\"changed\": {\"fields\": [\"date\"]}}]',29,1),(1827,'2022-02-07 03:05:21.728538','123','Zumba -- Юлия Г.',2,'[{\"changed\": {\"fields\": [\"date\"]}}]',29,1),(1828,'2022-02-07 03:05:21.730377','122','Круговая тренировка -- Анастасия',2,'[{\"changed\": {\"fields\": [\"date\"]}}]',29,1),(1829,'2022-02-07 03:05:21.732215','121','ABL -- Юлия Г.',2,'[{\"changed\": {\"fields\": [\"date\"]}}]',29,1),(1830,'2022-02-07 03:05:21.734103','120','Aero Yoga -- Роман',2,'[{\"changed\": {\"fields\": [\"date\"]}}]',29,1),(1831,'2022-02-14 07:44:52.826407','129','Power Yoga -- Наталья',2,'[{\"changed\": {\"fields\": [\"date\"]}}]',29,1),(1832,'2022-02-14 07:44:52.830807','128','Yoga -- Юлия П.',2,'[{\"changed\": {\"fields\": [\"date\"]}}]',29,1),(1833,'2022-02-14 07:44:52.832638','112','Power class -- Денис',2,'[{\"changed\": {\"fields\": [\"date\"]}}]',29,1),(1834,'2022-02-14 07:44:52.834519','66','Stretch -- Галина',2,'[{\"changed\": {\"fields\": [\"date\"]}}]',29,1),(1835,'2022-02-14 07:44:52.836381','65','Круговая тренировка -- Юлия П.',2,'[{\"changed\": {\"fields\": [\"date\"]}}]',29,1),(1836,'2022-02-14 07:44:52.838396','64','Yoga -- Юлия П.',2,'[{\"changed\": {\"fields\": [\"date\"]}}]',29,1),(1837,'2022-02-14 07:44:52.840416','25','Танец живота -- Галина',2,'[{\"changed\": {\"fields\": [\"date\"]}}]',29,1),(1838,'2022-02-14 07:44:52.842343','23','Бокс -- Александр',2,'[{\"changed\": {\"fields\": [\"date\"]}}]',29,1),(1839,'2022-02-14 07:44:52.844382','15','Power class -- Юлия П.',2,'[{\"changed\": {\"fields\": [\"date\"]}}]',29,1),(1840,'2022-02-14 07:44:52.846495','14','Aero Yoga -- Наталья',2,'[{\"changed\": {\"fields\": [\"date\"]}}]',29,1),(1841,'2022-02-14 07:47:16.170456','118','Tabata -- Наталья',2,'[{\"changed\": {\"fields\": [\"date\"]}}]',29,1),(1842,'2022-02-14 07:47:16.172638','117','Хатха Йога (1,5 часа) -- Алексей',2,'[{\"changed\": {\"fields\": [\"date\"]}}]',29,1),(1843,'2022-02-14 07:47:16.174503','114','Functional training -- Денис',2,'[{\"changed\": {\"fields\": [\"date\"]}}]',29,1),(1844,'2022-02-14 07:47:16.176346','67','Круговая тренировка -- Анастасия',2,'[{\"changed\": {\"fields\": [\"date\"]}}]',29,1),(1845,'2022-02-14 07:47:16.178274','59','Pilates -- Наталья',2,'[{\"changed\": {\"fields\": [\"date\"]}}]',29,1),(1846,'2022-02-14 07:47:16.180076','39','Power step -- Денис',2,'[{\"changed\": {\"fields\": [\"date\"]}}]',29,1),(1847,'2022-02-14 07:47:16.181886','38','Aero Yoga -- Наталья',2,'[{\"changed\": {\"fields\": [\"date\"]}}]',29,1),(1848,'2022-02-14 07:47:16.183731','32','Stretch -- Анастасия',2,'[{\"changed\": {\"fields\": [\"date\"]}}]',29,1),(1849,'2022-02-14 07:47:16.185585','126','Круговая тренировка -- Юлия П.',2,'[{\"changed\": {\"fields\": [\"date\"]}}]',29,1),(1850,'2022-02-14 07:47:16.187473','125','TRX -- Денис',2,'[{\"changed\": {\"fields\": [\"date\"]}}]',29,1),(1851,'2022-02-14 07:47:16.189398','77','Бокс -- Александр',2,'[{\"changed\": {\"fields\": [\"date\"]}}]',29,1),(1852,'2022-02-14 07:47:16.191316','76','Lady class -- Галина',2,'[{\"changed\": {\"fields\": [\"date\"]}}]',29,1),(1853,'2022-02-14 07:47:16.193101','75','Stretch -- Галина',2,'[{\"changed\": {\"fields\": [\"date\"]}}]',29,1),(1854,'2022-02-14 07:47:16.194972','74','Yoga -- Юлия П.',2,'[{\"changed\": {\"fields\": [\"date\"]}}]',29,1),(1855,'2022-02-14 07:47:16.196785','73','ABL -- Юлия П.',2,'[{\"changed\": {\"fields\": [\"date\"]}}]',29,1),(1856,'2022-02-14 07:47:16.198757','72','Abs+Stretch -- Диана',2,'[{\"changed\": {\"fields\": [\"date\"]}}]',29,1),(1857,'2022-02-14 07:47:16.200589','69','Yoga -- Наталья',2,'[{\"changed\": {\"fields\": [\"date\"]}}]',29,1),(1858,'2022-02-14 07:47:16.202394','68','Interval training (55 мин.) -- Диана',2,'[{\"changed\": {\"fields\": [\"date\"]}}]',29,1),(1859,'2022-02-14 07:47:16.204196','60','Aero Yoga -- Наталья',2,'[{\"changed\": {\"fields\": [\"date\"]}}]',29,1),(1860,'2022-02-14 07:47:16.205992','93','Power class -- Денис',2,'[{\"changed\": {\"fields\": [\"date\"]}}]',29,1),(1861,'2022-02-14 07:47:16.207829','92','Tabata -- Денис',2,'[{\"changed\": {\"fields\": [\"date\"]}}]',29,1),(1862,'2022-02-14 07:47:16.209739','86','Здоровая спина+MFR -- Анастасия',2,'[{\"changed\": {\"fields\": [\"date\"]}}]',29,1),(1863,'2022-02-14 07:47:16.211622','85','Functional training -- Анастасия',2,'[{\"changed\": {\"fields\": [\"date\"]}}]',29,1),(1864,'2022-02-14 07:47:16.213523','83','MFR+Stretch -- Денис',2,'[{\"changed\": {\"fields\": [\"date\"]}}]',29,1),(1865,'2022-02-14 07:47:16.215364','82','Хатха Йога (1,5 часа) -- Алексей',2,'[{\"changed\": {\"fields\": [\"date\"]}}]',29,1),(1866,'2022-02-14 07:47:16.217209','81','Zumba -- Юлия Г.',2,'[{\"changed\": {\"fields\": [\"date\"]}}]',29,1),(1867,'2022-02-14 07:47:16.219031','78','Aero Yoga -- Наталья',2,'[{\"changed\": {\"fields\": [\"date\"]}}]',29,1),(1868,'2022-02-14 07:47:16.220853','127','TRX -- Денис',2,'[{\"changed\": {\"fields\": [\"date\"]}}]',29,1),(1869,'2022-02-14 07:47:16.222683','99','ABL -- Юлия Г.',2,'[{\"changed\": {\"fields\": [\"date\"]}}]',29,1),(1870,'2022-02-14 07:47:16.224493','98','Stretch -- Галина',2,'[{\"changed\": {\"fields\": [\"date\"]}}]',29,1),(1871,'2022-02-14 07:47:16.226310','97','Бокс -- Александр',2,'[{\"changed\": {\"fields\": [\"date\"]}}]',29,1),(1872,'2022-02-14 07:47:16.228086','94','Dance Mix -- Галина',2,'[{\"changed\": {\"fields\": [\"date\"]}}]',29,1),(1873,'2022-02-14 07:47:16.229890','91','Pilates -- Юлия Г.',2,'[{\"changed\": {\"fields\": [\"date\"]}}]',29,1),(1874,'2022-02-14 07:47:16.231743','90','Круговая тренировка -- Юлия Г.',2,'[{\"changed\": {\"fields\": [\"date\"]}}]',29,1),(1875,'2022-02-14 07:47:16.233715','89','Yoga -- Наталья',2,'[{\"changed\": {\"fields\": [\"date\"]}}]',29,1),(1876,'2022-02-14 07:47:16.235545','84','Power class -- Наталья',2,'[{\"changed\": {\"fields\": [\"date\"]}}]',29,1),(1877,'2022-02-14 07:47:16.237356','119','MFR+Stretch -- Денис',2,'[{\"changed\": {\"fields\": [\"date\"]}}]',29,1),(1878,'2022-02-14 07:47:16.239194','111','Tabata -- Денис',2,'[{\"changed\": {\"fields\": [\"date\"]}}]',29,1),(1879,'2022-02-14 07:47:16.241056','101','Хатха Йога (1,5 часа) -- Алексей',2,'[{\"changed\": {\"fields\": [\"date\"]}}]',29,1),(1880,'2022-02-14 07:47:16.242814','100','Mobility -- Анастасия',2,'[{\"changed\": {\"fields\": [\"date\"]}}]',29,1),(1881,'2022-02-14 07:47:16.244610','124','Stretch -- Наталья',2,'[{\"changed\": {\"fields\": [\"date\"]}}]',29,1),(1882,'2022-02-14 07:47:16.246406','123','Zumba -- Юлия Г.',2,'[{\"changed\": {\"fields\": [\"date\"]}}]',29,1),(1883,'2022-02-14 07:47:16.248173','122','Круговая тренировка -- Анастасия',2,'[{\"changed\": {\"fields\": [\"date\"]}}]',29,1),(1884,'2022-02-14 07:47:16.249967','121','ABL -- Юлия Г.',2,'[{\"changed\": {\"fields\": [\"date\"]}}]',29,1),(1885,'2022-02-14 07:47:16.251773','120','Aero Yoga -- Роман',2,'[{\"changed\": {\"fields\": [\"date\"]}}]',29,1),(1886,'2022-02-21 03:48:21.232587','129','Power Yoga -- Наталья',2,'[{\"changed\": {\"fields\": [\"date\"]}}]',29,1),(1887,'2022-02-21 03:48:21.235617','128','Yoga -- Юлия П.',2,'[{\"changed\": {\"fields\": [\"date\"]}}]',29,1),(1888,'2022-02-21 03:48:21.237716','112','Power class -- Денис',2,'[{\"changed\": {\"fields\": [\"date\"]}}]',29,1),(1889,'2022-02-21 03:48:21.239799','66','Stretch -- Галина',2,'[{\"changed\": {\"fields\": [\"date\"]}}]',29,1),(1890,'2022-02-21 03:48:21.241974','65','Круговая тренировка -- Юлия П.',2,'[{\"changed\": {\"fields\": [\"date\"]}}]',29,1),(1891,'2022-02-21 03:48:21.244096','64','Yoga -- Юлия П.',2,'[{\"changed\": {\"fields\": [\"date\"]}}]',29,1),(1892,'2022-02-21 03:48:21.246217','25','Танец живота -- Галина',2,'[{\"changed\": {\"fields\": [\"date\"]}}]',29,1),(1893,'2022-02-21 03:48:21.248326','23','Бокс -- Александр',2,'[{\"changed\": {\"fields\": [\"date\"]}}]',29,1),(1894,'2022-02-21 03:48:21.250474','15','Power class -- Юлия П.',2,'[{\"changed\": {\"fields\": [\"date\"]}}]',29,1),(1895,'2022-02-21 03:48:21.252555','14','Aero Yoga -- Наталья',2,'[{\"changed\": {\"fields\": [\"date\"]}}]',29,1),(1896,'2022-02-21 03:48:21.254621','118','Tabata -- Наталья',2,'[{\"changed\": {\"fields\": [\"date\"]}}]',29,1),(1897,'2022-02-21 03:48:21.259633','117','Хатха Йога (1,5 часа) -- Алексей',2,'[{\"changed\": {\"fields\": [\"date\"]}}]',29,1),(1898,'2022-02-21 03:48:21.262778','114','Functional training -- Денис',2,'[{\"changed\": {\"fields\": [\"date\"]}}]',29,1),(1899,'2022-02-21 03:48:21.265066','67','Круговая тренировка -- Анастасия',2,'[{\"changed\": {\"fields\": [\"date\"]}}]',29,1),(1900,'2022-02-21 03:48:21.267372','59','Pilates -- Наталья',2,'[{\"changed\": {\"fields\": [\"date\"]}}]',29,1),(1901,'2022-02-21 03:48:21.269566','39','Power step -- Денис',2,'[{\"changed\": {\"fields\": [\"date\"]}}]',29,1),(1902,'2022-02-21 03:48:21.271792','38','Aero Yoga -- Наталья',2,'[{\"changed\": {\"fields\": [\"date\"]}}]',29,1),(1903,'2022-02-21 03:48:21.274098','32','Stretch -- Анастасия',2,'[{\"changed\": {\"fields\": [\"date\"]}}]',29,1),(1904,'2022-02-21 03:48:21.276364','126','Круговая тренировка -- Юлия П.',2,'[{\"changed\": {\"fields\": [\"date\"]}}]',29,1),(1905,'2022-02-21 03:48:21.278840','125','TRX -- Денис',2,'[{\"changed\": {\"fields\": [\"date\"]}}]',29,1),(1906,'2022-02-21 03:48:21.283002','77','Бокс -- Александр',2,'[{\"changed\": {\"fields\": [\"date\"]}}]',29,1),(1907,'2022-02-21 03:48:21.285248','76','Lady class -- Галина',2,'[{\"changed\": {\"fields\": [\"date\"]}}]',29,1),(1908,'2022-02-21 03:48:21.287439','75','Stretch -- Галина',2,'[{\"changed\": {\"fields\": [\"date\"]}}]',29,1),(1909,'2022-02-21 03:48:21.289645','74','Yoga -- Юлия П.',2,'[{\"changed\": {\"fields\": [\"date\"]}}]',29,1),(1910,'2022-02-21 03:48:21.291796','73','ABL -- Юлия П.',2,'[{\"changed\": {\"fields\": [\"date\"]}}]',29,1),(1911,'2022-02-21 03:48:21.294040','72','Abs+Stretch -- Диана',2,'[{\"changed\": {\"fields\": [\"date\"]}}]',29,1),(1912,'2022-02-21 03:48:21.296258','69','Yoga -- Наталья',2,'[{\"changed\": {\"fields\": [\"date\"]}}]',29,1),(1913,'2022-02-21 03:48:21.298474','68','Interval training (55 мин.) -- Диана',2,'[{\"changed\": {\"fields\": [\"date\"]}}]',29,1),(1914,'2022-02-21 03:48:21.300680','60','Aero Yoga -- Наталья',2,'[{\"changed\": {\"fields\": [\"date\"]}}]',29,1),(1915,'2022-02-21 03:48:21.302849','93','Power class -- Денис',2,'[{\"changed\": {\"fields\": [\"date\"]}}]',29,1),(1916,'2022-02-21 03:48:21.305024','92','Tabata -- Денис',2,'[{\"changed\": {\"fields\": [\"date\"]}}]',29,1),(1917,'2022-02-21 03:48:21.307288','86','Здоровая спина+MFR -- Анастасия',2,'[{\"changed\": {\"fields\": [\"date\"]}}]',29,1),(1918,'2022-02-21 03:48:21.309516','85','Functional training -- Анастасия',2,'[{\"changed\": {\"fields\": [\"date\"]}}]',29,1),(1919,'2022-02-21 03:48:21.311731','83','MFR+Stretch -- Денис',2,'[{\"changed\": {\"fields\": [\"date\"]}}]',29,1),(1920,'2022-02-21 03:48:21.313967','82','Хатха Йога (1,5 часа) -- Алексей',2,'[{\"changed\": {\"fields\": [\"date\"]}}]',29,1),(1921,'2022-02-21 03:48:21.316135','81','Zumba -- Юлия Г.',2,'[{\"changed\": {\"fields\": [\"date\"]}}]',29,1),(1922,'2022-02-21 03:48:21.318329','78','Aero Yoga -- Наталья',2,'[{\"changed\": {\"fields\": [\"date\"]}}]',29,1),(1923,'2022-02-21 03:48:21.320507','127','TRX -- Денис',2,'[{\"changed\": {\"fields\": [\"date\"]}}]',29,1),(1924,'2022-02-21 03:48:21.322718','99','ABL -- Юлия Г.',2,'[{\"changed\": {\"fields\": [\"date\"]}}]',29,1),(1925,'2022-02-21 03:48:21.324957','98','Stretch -- Галина',2,'[{\"changed\": {\"fields\": [\"date\"]}}]',29,1),(1926,'2022-02-21 03:48:21.327172','97','Бокс -- Александр',2,'[{\"changed\": {\"fields\": [\"date\"]}}]',29,1),(1927,'2022-02-21 03:48:21.329382','94','Dance Mix -- Галина',2,'[{\"changed\": {\"fields\": [\"date\"]}}]',29,1),(1928,'2022-02-21 03:48:21.331616','91','Pilates -- Юлия Г.',2,'[{\"changed\": {\"fields\": [\"date\"]}}]',29,1),(1929,'2022-02-21 03:48:21.333818','90','Круговая тренировка -- Юлия Г.',2,'[{\"changed\": {\"fields\": [\"date\"]}}]',29,1),(1930,'2022-02-21 03:48:21.336028','89','Yoga -- Наталья',2,'[{\"changed\": {\"fields\": [\"date\"]}}]',29,1),(1931,'2022-02-21 03:48:21.338281','84','Power class -- Наталья',2,'[{\"changed\": {\"fields\": [\"date\"]}}]',29,1),(1932,'2022-02-21 03:48:21.340500','119','MFR+Stretch -- Денис',2,'[{\"changed\": {\"fields\": [\"date\"]}}]',29,1),(1933,'2022-02-21 03:48:21.342693','111','Tabata -- Денис',2,'[{\"changed\": {\"fields\": [\"date\"]}}]',29,1),(1934,'2022-02-21 03:48:21.344968','101','Хатха Йога (1,5 часа) -- Алексей',2,'[{\"changed\": {\"fields\": [\"date\"]}}]',29,1),(1935,'2022-02-21 03:48:21.347135','100','Mobility -- Анастасия',2,'[{\"changed\": {\"fields\": [\"date\"]}}]',29,1),(1936,'2022-02-21 03:48:21.349353','124','Stretch -- Наталья',2,'[{\"changed\": {\"fields\": [\"date\"]}}]',29,1),(1937,'2022-02-21 03:48:21.351573','123','Zumba -- Юлия Г.',2,'[{\"changed\": {\"fields\": [\"date\"]}}]',29,1),(1938,'2022-02-21 03:48:21.353832','122','Круговая тренировка -- Анастасия',2,'[{\"changed\": {\"fields\": [\"date\"]}}]',29,1),(1939,'2022-02-21 03:48:21.356099','121','ABL -- Юлия Г.',2,'[{\"changed\": {\"fields\": [\"date\"]}}]',29,1),(1940,'2022-02-21 03:48:21.358349','120','Aero Yoga -- Роман',2,'[{\"changed\": {\"fields\": [\"date\"]}}]',29,1),(1941,'2022-02-22 17:42:25.460264','19','Крутые подарки к абонементам',1,'[{\"added\": {}}]',21,2),(1942,'2022-02-28 07:12:17.033941','129','Power Yoga -- Наталья',2,'[{\"changed\": {\"fields\": [\"date\"]}}]',29,1),(1943,'2022-02-28 07:12:17.036943','128','Yoga -- Юлия П.',2,'[{\"changed\": {\"fields\": [\"date\"]}}]',29,1),(1944,'2022-02-28 07:12:17.038795','112','Power class -- Денис',2,'[{\"changed\": {\"fields\": [\"date\"]}}]',29,1),(1945,'2022-02-28 07:12:17.040585','66','Stretch -- Галина',2,'[{\"changed\": {\"fields\": [\"date\"]}}]',29,1),(1946,'2022-02-28 07:12:17.042333','65','Круговая тренировка -- Юлия П.',2,'[{\"changed\": {\"fields\": [\"date\"]}}]',29,1),(1947,'2022-02-28 07:12:17.044206','64','Yoga -- Юлия П.',2,'[{\"changed\": {\"fields\": [\"date\"]}}]',29,1),(1948,'2022-02-28 07:12:17.046007','25','Танец живота -- Галина',2,'[{\"changed\": {\"fields\": [\"date\"]}}]',29,1),(1949,'2022-02-28 07:12:17.047804','23','Бокс -- Александр',2,'[{\"changed\": {\"fields\": [\"date\"]}}]',29,1),(1950,'2022-02-28 07:12:17.049592','15','Power class -- Юлия П.',2,'[{\"changed\": {\"fields\": [\"date\"]}}]',29,1),(1951,'2022-02-28 07:12:17.051377','14','Aero Yoga -- Наталья',2,'[{\"changed\": {\"fields\": [\"date\"]}}]',29,1),(1952,'2022-02-28 07:12:17.053163','118','Tabata -- Наталья',2,'[{\"changed\": {\"fields\": [\"date\"]}}]',29,1),(1953,'2022-02-28 07:12:17.054940','117','Хатха Йога (1,5 часа) -- Алексей',2,'[{\"changed\": {\"fields\": [\"date\"]}}]',29,1),(1954,'2022-02-28 07:12:17.056765','114','Functional training -- Денис',2,'[{\"changed\": {\"fields\": [\"date\"]}}]',29,1),(1955,'2022-02-28 07:12:17.058623','67','Круговая тренировка -- Анастасия',2,'[{\"changed\": {\"fields\": [\"date\"]}}]',29,1),(1956,'2022-02-28 07:12:17.060440','59','Pilates -- Наталья',2,'[{\"changed\": {\"fields\": [\"date\"]}}]',29,1),(1957,'2022-02-28 07:12:17.062219','39','Power step -- Денис',2,'[{\"changed\": {\"fields\": [\"date\"]}}]',29,1),(1958,'2022-02-28 07:12:17.064037','38','Aero Yoga -- Наталья',2,'[{\"changed\": {\"fields\": [\"date\"]}}]',29,1),(1959,'2022-02-28 07:12:17.065808','32','Stretch -- Анастасия',2,'[{\"changed\": {\"fields\": [\"date\"]}}]',29,1),(1960,'2022-02-28 07:12:17.067647','126','Круговая тренировка -- Юлия П.',2,'[{\"changed\": {\"fields\": [\"date\"]}}]',29,1),(1961,'2022-02-28 07:12:17.069430','125','TRX -- Денис',2,'[{\"changed\": {\"fields\": [\"date\"]}}]',29,1),(1962,'2022-02-28 07:12:17.071272','77','Бокс -- Александр',2,'[{\"changed\": {\"fields\": [\"date\"]}}]',29,1),(1963,'2022-02-28 07:12:17.073117','76','Lady class -- Галина',2,'[{\"changed\": {\"fields\": [\"date\"]}}]',29,1),(1964,'2022-02-28 07:12:17.074945','75','Stretch -- Галина',2,'[{\"changed\": {\"fields\": [\"date\"]}}]',29,1),(1965,'2022-02-28 07:12:17.076747','74','Yoga -- Юлия П.',2,'[{\"changed\": {\"fields\": [\"date\"]}}]',29,1),(1966,'2022-02-28 07:12:17.078621','73','ABL -- Юлия П.',2,'[{\"changed\": {\"fields\": [\"date\"]}}]',29,1),(1967,'2022-02-28 07:12:17.080372','72','Abs+Stretch -- Диана',2,'[{\"changed\": {\"fields\": [\"date\"]}}]',29,1),(1968,'2022-02-28 07:12:17.082219','69','Yoga -- Наталья',2,'[{\"changed\": {\"fields\": [\"date\"]}}]',29,1),(1969,'2022-02-28 07:12:17.084048','68','Interval training (55 мин.) -- Диана',2,'[{\"changed\": {\"fields\": [\"date\"]}}]',29,1),(1970,'2022-02-28 07:12:17.085893','60','Aero Yoga -- Наталья',2,'[{\"changed\": {\"fields\": [\"date\"]}}]',29,1),(1971,'2022-02-28 07:16:37.966337','93','Power class -- Денис',2,'[{\"changed\": {\"fields\": [\"date\"]}}]',29,1),(1972,'2022-02-28 07:16:37.968729','92','Tabata -- Денис',2,'[{\"changed\": {\"fields\": [\"date\"]}}]',29,1),(1973,'2022-02-28 07:16:37.970647','86','Здоровая спина+MFR -- Анастасия',2,'[{\"changed\": {\"fields\": [\"date\"]}}]',29,1),(1974,'2022-02-28 07:16:37.972561','85','Functional training -- Анастасия',2,'[{\"changed\": {\"fields\": [\"date\"]}}]',29,1),(1975,'2022-02-28 07:16:37.974418','83','MFR+Stretch -- Денис',2,'[{\"changed\": {\"fields\": [\"date\"]}}]',29,1),(1976,'2022-02-28 07:16:37.976266','82','Хатха Йога (1,5 часа) -- Алексей',2,'[{\"changed\": {\"fields\": [\"date\"]}}]',29,1),(1977,'2022-02-28 07:16:37.978125','81','Zumba -- Юлия Г.',2,'[{\"changed\": {\"fields\": [\"date\"]}}]',29,1),(1978,'2022-02-28 07:16:37.979944','78','Aero Yoga -- Наталья',2,'[{\"changed\": {\"fields\": [\"date\"]}}]',29,1),(1979,'2022-02-28 07:16:37.981686','127','TRX -- Денис',2,'[{\"changed\": {\"fields\": [\"date\"]}}]',29,1),(1980,'2022-02-28 07:16:37.983491','99','ABL -- Юлия Г.',2,'[{\"changed\": {\"fields\": [\"date\"]}}]',29,1),(1981,'2022-02-28 07:16:37.985289','98','Stretch -- Галина',2,'[{\"changed\": {\"fields\": [\"date\"]}}]',29,1),(1982,'2022-02-28 07:16:37.987113','97','Бокс -- Александр',2,'[{\"changed\": {\"fields\": [\"date\"]}}]',29,1),(1983,'2022-02-28 07:16:37.988925','94','Dance Mix -- Галина',2,'[{\"changed\": {\"fields\": [\"date\"]}}]',29,1),(1984,'2022-02-28 07:16:37.990701','91','Pilates -- Юлия Г.',2,'[{\"changed\": {\"fields\": [\"date\"]}}]',29,1),(1985,'2022-02-28 07:16:37.992593','90','Круговая тренировка -- Юлия Г.',2,'[{\"changed\": {\"fields\": [\"date\"]}}]',29,1),(1986,'2022-02-28 07:16:37.994449','89','Yoga -- Наталья',2,'[{\"changed\": {\"fields\": [\"date\"]}}]',29,1),(1987,'2022-02-28 07:16:37.996226','84','Power class -- Наталья',2,'[{\"changed\": {\"fields\": [\"date\"]}}]',29,1),(1988,'2022-02-28 07:16:37.998025','119','MFR+Stretch -- Денис',2,'[{\"changed\": {\"fields\": [\"date\"]}}]',29,1),(1989,'2022-02-28 07:16:37.999805','111','Tabata -- Денис',2,'[{\"changed\": {\"fields\": [\"date\"]}}]',29,1),(1990,'2022-02-28 07:16:38.001588','101','Хатха Йога (1,5 часа) -- Алексей',2,'[{\"changed\": {\"fields\": [\"date\"]}}]',29,1),(1991,'2022-02-28 07:16:38.003335','100','Mobility -- Анастасия',2,'[{\"changed\": {\"fields\": [\"date\"]}}]',29,1),(1992,'2022-02-28 07:16:38.005077','124','Stretch -- Наталья',2,'[{\"changed\": {\"fields\": [\"date\"]}}]',29,1),(1993,'2022-02-28 07:16:38.006874','123','Zumba -- Юлия Г.',2,'[{\"changed\": {\"fields\": [\"date\"]}}]',29,1),(1994,'2022-02-28 07:16:38.008670','122','Круговая тренировка -- Анастасия',2,'[{\"changed\": {\"fields\": [\"date\"]}}]',29,1),(1995,'2022-02-28 07:16:38.010404','121','ABL -- Юлия Г.',2,'[{\"changed\": {\"fields\": [\"date\"]}}]',29,1),(1996,'2022-02-28 07:16:38.012186','120','Aero Yoga -- Роман',2,'[{\"changed\": {\"fields\": [\"date\"]}}]',29,1),(1997,'2022-03-04 12:58:23.863022','20','Дорогие друзья!',1,'[{\"added\": {}}]',21,2),(1998,'2022-03-04 12:58:56.867227','20','Дорогие друзья!',2,'[{\"changed\": {\"fields\": [\"body\"]}}]',21,2),(1999,'2022-03-07 22:35:05.783283','129','Power Yoga -- Наталья',2,'[{\"changed\": {\"fields\": [\"date\"]}}]',29,1),(2000,'2022-03-07 22:35:05.786019','128','Yoga -- Юлия П.',2,'[{\"changed\": {\"fields\": [\"date\"]}}]',29,1),(2001,'2022-03-07 22:35:05.787864','112','Power class -- Денис',2,'[{\"changed\": {\"fields\": [\"date\"]}}]',29,1),(2002,'2022-03-07 22:35:05.789610','66','Stretch -- Галина',2,'[{\"changed\": {\"fields\": [\"date\"]}}]',29,1),(2003,'2022-03-07 22:35:05.791397','65','Круговая тренировка -- Юлия П.',2,'[{\"changed\": {\"fields\": [\"date\"]}}]',29,1),(2004,'2022-03-07 22:35:05.793310','64','Yoga -- Юлия П.',2,'[{\"changed\": {\"fields\": [\"date\"]}}]',29,1),(2005,'2022-03-07 22:35:05.795185','25','Танец живота -- Галина',2,'[{\"changed\": {\"fields\": [\"date\"]}}]',29,1),(2006,'2022-03-07 22:35:05.797028','23','Бокс -- Александр',2,'[{\"changed\": {\"fields\": [\"date\"]}}]',29,1),(2007,'2022-03-07 22:35:05.798847','15','Power class -- Юлия П.',2,'[{\"changed\": {\"fields\": [\"date\"]}}]',29,1),(2008,'2022-03-07 22:35:05.800602','14','Aero Yoga -- Наталья',2,'[{\"changed\": {\"fields\": [\"date\"]}}]',29,1),(2009,'2022-03-07 22:35:05.802459','118','Tabata -- Наталья',2,'[{\"changed\": {\"fields\": [\"date\"]}}]',29,1),(2010,'2022-03-07 22:35:05.804321','117','Хатха Йога (1,5 часа) -- Алексей',2,'[{\"changed\": {\"fields\": [\"date\"]}}]',29,1),(2011,'2022-03-07 22:35:05.806207','114','Functional training -- Денис',2,'[{\"changed\": {\"fields\": [\"date\"]}}]',29,1),(2012,'2022-03-07 22:35:05.808077','67','Круговая тренировка -- Анастасия',2,'[{\"changed\": {\"fields\": [\"date\"]}}]',29,1),(2013,'2022-03-07 22:35:05.810038','59','Pilates -- Наталья',2,'[{\"changed\": {\"fields\": [\"date\"]}}]',29,1),(2014,'2022-03-07 22:35:05.811884','39','Power step -- Денис',2,'[{\"changed\": {\"fields\": [\"date\"]}}]',29,1),(2015,'2022-03-07 22:35:05.813674','38','Aero Yoga -- Наталья',2,'[{\"changed\": {\"fields\": [\"date\"]}}]',29,1),(2016,'2022-03-07 22:35:05.815568','32','Stretch -- Анастасия',2,'[{\"changed\": {\"fields\": [\"date\"]}}]',29,1),(2017,'2022-03-07 22:35:05.817496','126','Круговая тренировка -- Юлия П.',2,'[{\"changed\": {\"fields\": [\"date\"]}}]',29,1),(2018,'2022-03-07 22:35:05.819384','125','TRX -- Денис',2,'[{\"changed\": {\"fields\": [\"date\"]}}]',29,1),(2019,'2022-03-07 22:35:05.821238','77','Бокс -- Александр',2,'[{\"changed\": {\"fields\": [\"date\"]}}]',29,1),(2020,'2022-03-07 22:35:05.823061','76','Lady class -- Галина',2,'[{\"changed\": {\"fields\": [\"date\"]}}]',29,1),(2021,'2022-03-07 22:35:05.824881','75','Stretch -- Галина',2,'[{\"changed\": {\"fields\": [\"date\"]}}]',29,1),(2022,'2022-03-07 22:35:05.826703','74','Yoga -- Юлия П.',2,'[{\"changed\": {\"fields\": [\"date\"]}}]',29,1),(2023,'2022-03-07 22:35:05.828579','73','ABL -- Юлия П.',2,'[{\"changed\": {\"fields\": [\"date\"]}}]',29,1),(2024,'2022-03-07 22:35:05.830550','72','Abs+Stretch -- Диана',2,'[{\"changed\": {\"fields\": [\"date\"]}}]',29,1),(2025,'2022-03-07 22:35:05.832451','69','Yoga -- Наталья',2,'[{\"changed\": {\"fields\": [\"date\"]}}]',29,1),(2026,'2022-03-07 22:35:05.834353','68','Interval training (55 мин.) -- Диана',2,'[{\"changed\": {\"fields\": [\"date\"]}}]',29,1),(2027,'2022-03-07 22:35:05.836231','60','Aero Yoga -- Наталья',2,'[{\"changed\": {\"fields\": [\"date\"]}}]',29,1),(2028,'2022-03-07 22:35:05.838140','93','Power class -- Денис',2,'[{\"changed\": {\"fields\": [\"date\"]}}]',29,1),(2029,'2022-03-07 22:35:05.840095','92','Tabata -- Денис',2,'[{\"changed\": {\"fields\": [\"date\"]}}]',29,1),(2030,'2022-03-07 22:35:05.842103','86','Здоровая спина+MFR -- Анастасия',2,'[{\"changed\": {\"fields\": [\"date\"]}}]',29,1),(2031,'2022-03-07 22:35:05.844104','85','Functional training -- Анастасия',2,'[{\"changed\": {\"fields\": [\"date\"]}}]',29,1),(2032,'2022-03-07 22:35:05.846273','83','MFR+Stretch -- Денис',2,'[{\"changed\": {\"fields\": [\"date\"]}}]',29,1),(2033,'2022-03-07 22:35:05.848190','82','Хатха Йога (1,5 часа) -- Алексей',2,'[{\"changed\": {\"fields\": [\"date\"]}}]',29,1),(2034,'2022-03-07 22:35:05.850134','81','Zumba -- Юлия Г.',2,'[{\"changed\": {\"fields\": [\"date\"]}}]',29,1),(2035,'2022-03-07 22:35:05.852068','78','Aero Yoga -- Наталья',2,'[{\"changed\": {\"fields\": [\"date\"]}}]',29,1),(2036,'2022-03-07 22:35:05.854026','127','TRX -- Денис',2,'[{\"changed\": {\"fields\": [\"date\"]}}]',29,1),(2037,'2022-03-07 22:35:05.855929','99','ABL -- Юлия Г.',2,'[{\"changed\": {\"fields\": [\"date\"]}}]',29,1),(2038,'2022-03-07 22:35:05.857784','98','Stretch -- Галина',2,'[{\"changed\": {\"fields\": [\"date\"]}}]',29,1),(2039,'2022-03-07 22:35:05.859603','97','Бокс -- Александр',2,'[{\"changed\": {\"fields\": [\"date\"]}}]',29,1),(2040,'2022-03-07 22:35:05.861466','94','Dance Mix -- Галина',2,'[{\"changed\": {\"fields\": [\"date\"]}}]',29,1),(2041,'2022-03-07 22:35:05.863328','91','Pilates -- Юлия Г.',2,'[{\"changed\": {\"fields\": [\"date\"]}}]',29,1),(2042,'2022-03-07 22:35:05.865204','90','Круговая тренировка -- Юлия Г.',2,'[{\"changed\": {\"fields\": [\"date\"]}}]',29,1),(2043,'2022-03-07 22:35:05.868680','89','Yoga -- Наталья',2,'[{\"changed\": {\"fields\": [\"date\"]}}]',29,1),(2044,'2022-03-07 22:35:05.870592','84','Power class -- Наталья',2,'[{\"changed\": {\"fields\": [\"date\"]}}]',29,1),(2045,'2022-03-07 22:35:05.872494','119','MFR+Stretch -- Денис',2,'[{\"changed\": {\"fields\": [\"date\"]}}]',29,1),(2046,'2022-03-07 22:35:05.874419','111','Tabata -- Денис',2,'[{\"changed\": {\"fields\": [\"date\"]}}]',29,1),(2047,'2022-03-07 22:35:05.876372','101','Хатха Йога (1,5 часа) -- Алексей',2,'[{\"changed\": {\"fields\": [\"date\"]}}]',29,1),(2048,'2022-03-07 22:35:05.878294','100','Mobility -- Анастасия',2,'[{\"changed\": {\"fields\": [\"date\"]}}]',29,1),(2049,'2022-03-07 22:35:05.880187','124','Stretch -- Наталья',2,'[{\"changed\": {\"fields\": [\"date\"]}}]',29,1),(2050,'2022-03-07 22:35:05.882068','123','Zumba -- Юлия Г.',2,'[{\"changed\": {\"fields\": [\"date\"]}}]',29,1),(2051,'2022-03-07 22:35:05.883955','122','Круговая тренировка -- Анастасия',2,'[{\"changed\": {\"fields\": [\"date\"]}}]',29,1),(2052,'2022-03-07 22:35:05.885844','121','ABL -- Юлия Г.',2,'[{\"changed\": {\"fields\": [\"date\"]}}]',29,1),(2053,'2022-03-07 22:35:05.887771','120','Aero Yoga -- Роман',2,'[{\"changed\": {\"fields\": [\"date\"]}}]',29,1),(2054,'2022-03-14 04:09:36.809533','129','Power Yoga -- Наталья',2,'[{\"changed\": {\"fields\": [\"date\"]}}]',29,1),(2055,'2022-03-14 04:09:36.814362','128','Yoga -- Юлия П.',2,'[{\"changed\": {\"fields\": [\"date\"]}}]',29,1),(2056,'2022-03-14 04:09:36.816162','112','Power class -- Денис',2,'[{\"changed\": {\"fields\": [\"date\"]}}]',29,1),(2057,'2022-03-14 04:09:36.817995','66','Stretch -- Галина',2,'[{\"changed\": {\"fields\": [\"date\"]}}]',29,1),(2058,'2022-03-14 04:09:36.819861','65','Круговая тренировка -- Юлия П.',2,'[{\"changed\": {\"fields\": [\"date\"]}}]',29,1),(2059,'2022-03-14 04:09:36.821669','64','Yoga -- Юлия П.',2,'[{\"changed\": {\"fields\": [\"date\"]}}]',29,1),(2060,'2022-03-14 04:09:36.823564','25','Танец живота -- Галина',2,'[{\"changed\": {\"fields\": [\"date\"]}}]',29,1),(2061,'2022-03-14 04:09:36.825388','23','Бокс -- Александр',2,'[{\"changed\": {\"fields\": [\"date\"]}}]',29,1),(2062,'2022-03-14 04:09:36.827128','15','Power class -- Юлия П.',2,'[{\"changed\": {\"fields\": [\"date\"]}}]',29,1),(2063,'2022-03-14 04:09:36.828998','14','Aero Yoga -- Наталья',2,'[{\"changed\": {\"fields\": [\"date\"]}}]',29,1),(2064,'2022-03-14 04:09:36.830847','118','Tabata -- Наталья',2,'[{\"changed\": {\"fields\": [\"date\"]}}]',29,1),(2065,'2022-03-14 04:09:36.832740','117','Хатха Йога (1,5 часа) -- Алексей',2,'[{\"changed\": {\"fields\": [\"date\"]}}]',29,1),(2066,'2022-03-14 04:09:36.834635','114','Functional training -- Денис',2,'[{\"changed\": {\"fields\": [\"date\"]}}]',29,1),(2067,'2022-03-14 04:09:36.836510','67','Круговая тренировка -- Анастасия',2,'[{\"changed\": {\"fields\": [\"date\"]}}]',29,1),(2068,'2022-03-14 04:09:36.838393','59','Pilates -- Наталья',2,'[{\"changed\": {\"fields\": [\"date\"]}}]',29,1),(2069,'2022-03-14 04:09:36.840244','39','Power step -- Денис',2,'[{\"changed\": {\"fields\": [\"date\"]}}]',29,1),(2070,'2022-03-14 04:09:36.842146','38','Aero Yoga -- Наталья',2,'[{\"changed\": {\"fields\": [\"date\"]}}]',29,1),(2071,'2022-03-14 04:09:36.844002','32','Stretch -- Анастасия',2,'[{\"changed\": {\"fields\": [\"date\"]}}]',29,1),(2072,'2022-03-14 04:09:36.845866','126','Круговая тренировка -- Юлия П.',2,'[{\"changed\": {\"fields\": [\"date\"]}}]',29,1),(2073,'2022-03-14 04:09:36.847708','125','TRX -- Денис',2,'[{\"changed\": {\"fields\": [\"date\"]}}]',29,1),(2074,'2022-03-14 04:09:36.849567','77','Бокс -- Александр',2,'[{\"changed\": {\"fields\": [\"date\"]}}]',29,1),(2075,'2022-03-14 04:09:36.851427','76','Lady class -- Галина',2,'[{\"changed\": {\"fields\": [\"date\"]}}]',29,1),(2076,'2022-03-14 04:09:36.853257','75','Stretch -- Галина',2,'[{\"changed\": {\"fields\": [\"date\"]}}]',29,1),(2077,'2022-03-14 04:09:36.855103','74','Yoga -- Юлия П.',2,'[{\"changed\": {\"fields\": [\"date\"]}}]',29,1),(2078,'2022-03-14 04:09:36.856962','73','ABL -- Юлия П.',2,'[{\"changed\": {\"fields\": [\"date\"]}}]',29,1),(2079,'2022-03-14 04:09:36.858862','72','Abs+Stretch -- Диана',2,'[{\"changed\": {\"fields\": [\"date\"]}}]',29,1),(2080,'2022-03-14 04:09:36.860731','69','Yoga -- Наталья',2,'[{\"changed\": {\"fields\": [\"date\"]}}]',29,1),(2081,'2022-03-14 04:09:36.862649','68','Interval training (55 мин.) -- Диана',2,'[{\"changed\": {\"fields\": [\"date\"]}}]',29,1),(2082,'2022-03-14 04:09:36.864740','60','Aero Yoga -- Наталья',2,'[{\"changed\": {\"fields\": [\"date\"]}}]',29,1),(2083,'2022-03-14 04:09:36.866703','93','Power class -- Денис',2,'[{\"changed\": {\"fields\": [\"date\"]}}]',29,1),(2084,'2022-03-14 04:09:36.868645','92','Tabata -- Денис',2,'[{\"changed\": {\"fields\": [\"date\"]}}]',29,1),(2085,'2022-03-14 04:09:36.870589','86','Здоровая спина+MFR -- Анастасия',2,'[{\"changed\": {\"fields\": [\"date\"]}}]',29,1),(2086,'2022-03-14 04:09:36.872490','85','Functional training -- Анастасия',2,'[{\"changed\": {\"fields\": [\"date\"]}}]',29,1),(2087,'2022-03-14 04:09:36.874422','83','MFR+Stretch -- Денис',2,'[{\"changed\": {\"fields\": [\"date\"]}}]',29,1),(2088,'2022-03-14 04:09:36.876415','82','Хатха Йога (1,5 часа) -- Алексей',2,'[{\"changed\": {\"fields\": [\"date\"]}}]',29,1),(2089,'2022-03-14 04:09:36.878256','81','Zumba -- Юлия Г.',2,'[{\"changed\": {\"fields\": [\"date\"]}}]',29,1),(2090,'2022-03-14 04:09:36.880112','78','Aero Yoga -- Наталья',2,'[{\"changed\": {\"fields\": [\"date\"]}}]',29,1),(2091,'2022-03-14 04:09:36.882020','127','TRX -- Денис',2,'[{\"changed\": {\"fields\": [\"date\"]}}]',29,1),(2092,'2022-03-14 04:09:36.883936','99','ABL -- Юлия Г.',2,'[{\"changed\": {\"fields\": [\"date\"]}}]',29,1),(2093,'2022-03-14 04:09:36.885851','98','Stretch -- Галина',2,'[{\"changed\": {\"fields\": [\"date\"]}}]',29,1),(2094,'2022-03-14 04:09:36.887772','97','Бокс -- Александр',2,'[{\"changed\": {\"fields\": [\"date\"]}}]',29,1),(2095,'2022-03-14 04:09:36.889672','94','Dance Mix -- Галина',2,'[{\"changed\": {\"fields\": [\"date\"]}}]',29,1),(2096,'2022-03-14 04:09:36.891592','91','Pilates -- Юлия Г.',2,'[{\"changed\": {\"fields\": [\"date\"]}}]',29,1),(2097,'2022-03-14 04:09:36.893511','90','Круговая тренировка -- Юлия Г.',2,'[{\"changed\": {\"fields\": [\"date\"]}}]',29,1),(2098,'2022-03-14 04:09:36.895442','89','Yoga -- Наталья',2,'[{\"changed\": {\"fields\": [\"date\"]}}]',29,1),(2099,'2022-03-14 04:09:36.897469','84','Power class -- Наталья',2,'[{\"changed\": {\"fields\": [\"date\"]}}]',29,1),(2100,'2022-03-14 04:09:36.899451','119','MFR+Stretch -- Денис',2,'[{\"changed\": {\"fields\": [\"date\"]}}]',29,1),(2101,'2022-03-14 04:09:36.901454','111','Tabata -- Денис',2,'[{\"changed\": {\"fields\": [\"date\"]}}]',29,1),(2102,'2022-03-14 04:09:36.903585','101','Хатха Йога (1,5 часа) -- Алексей',2,'[{\"changed\": {\"fields\": [\"date\"]}}]',29,1),(2103,'2022-03-14 04:09:36.905694','100','Mobility -- Анастасия',2,'[{\"changed\": {\"fields\": [\"date\"]}}]',29,1),(2104,'2022-03-14 04:09:36.907822','124','Stretch -- Наталья',2,'[{\"changed\": {\"fields\": [\"date\"]}}]',29,1),(2105,'2022-03-14 04:09:36.910761','123','Zumba -- Юлия Г.',2,'[{\"changed\": {\"fields\": [\"date\"]}}]',29,1),(2106,'2022-03-14 04:09:36.912917','122','Круговая тренировка -- Анастасия',2,'[{\"changed\": {\"fields\": [\"date\"]}}]',29,1),(2107,'2022-03-14 04:09:36.914857','121','ABL -- Юлия Г.',2,'[{\"changed\": {\"fields\": [\"date\"]}}]',29,1),(2108,'2022-03-14 04:09:36.916817','120','Aero Yoga -- Роман',2,'[{\"changed\": {\"fields\": [\"date\"]}}]',29,1),(2109,'2022-03-21 05:54:49.522856','129','Power Yoga -- Наталья',2,'[{\"changed\": {\"fields\": [\"date\"]}}]',29,1),(2110,'2022-03-21 05:54:49.527816','128','Yoga -- Юлия П.',2,'[{\"changed\": {\"fields\": [\"date\"]}}]',29,1),(2111,'2022-03-21 05:54:49.529715','112','Power class -- Денис',2,'[{\"changed\": {\"fields\": [\"date\"]}}]',29,1),(2112,'2022-03-21 05:54:49.531590','66','Stretch -- Галина',2,'[{\"changed\": {\"fields\": [\"date\"]}}]',29,1),(2113,'2022-03-21 05:54:49.533411','65','Круговая тренировка -- Юлия П.',2,'[{\"changed\": {\"fields\": [\"date\"]}}]',29,1),(2114,'2022-03-21 05:54:49.535258','64','Yoga -- Юлия П.',2,'[{\"changed\": {\"fields\": [\"date\"]}}]',29,1),(2115,'2022-03-21 05:54:49.537091','25','Танец живота -- Галина',2,'[{\"changed\": {\"fields\": [\"date\"]}}]',29,1),(2116,'2022-03-21 05:54:49.539028','23','Бокс -- Александр',2,'[{\"changed\": {\"fields\": [\"date\"]}}]',29,1),(2117,'2022-03-21 05:54:49.540752','15','Power class -- Юлия П.',2,'[{\"changed\": {\"fields\": [\"date\"]}}]',29,1),(2118,'2022-03-21 05:54:49.542591','14','Aero Yoga -- Наталья',2,'[{\"changed\": {\"fields\": [\"date\"]}}]',29,1),(2119,'2022-03-21 05:54:49.544434','118','Tabata -- Наталья',2,'[{\"changed\": {\"fields\": [\"date\"]}}]',29,1),(2120,'2022-03-21 05:54:49.546177','117','Хатха Йога (1,5 часа) -- Алексей',2,'[{\"changed\": {\"fields\": [\"date\"]}}]',29,1),(2121,'2022-03-21 05:54:49.548192','114','Functional training -- Денис',2,'[{\"changed\": {\"fields\": [\"date\"]}}]',29,1),(2122,'2022-03-21 05:54:49.550052','67','Круговая тренировка -- Анастасия',2,'[{\"changed\": {\"fields\": [\"date\"]}}]',29,1),(2123,'2022-03-21 05:54:49.551897','59','Pilates -- Наталья',2,'[{\"changed\": {\"fields\": [\"date\"]}}]',29,1),(2124,'2022-03-21 05:54:49.553784','39','Power step -- Денис',2,'[{\"changed\": {\"fields\": [\"date\"]}}]',29,1),(2125,'2022-03-21 05:54:49.555607','38','Aero Yoga -- Наталья',2,'[{\"changed\": {\"fields\": [\"date\"]}}]',29,1),(2126,'2022-03-21 05:54:49.557464','32','Stretch -- Анастасия',2,'[{\"changed\": {\"fields\": [\"date\"]}}]',29,1),(2127,'2022-03-21 05:54:49.559335','126','Круговая тренировка -- Юлия П.',2,'[{\"changed\": {\"fields\": [\"date\"]}}]',29,1),(2128,'2022-03-21 05:54:49.561186','125','TRX -- Денис',2,'[{\"changed\": {\"fields\": [\"date\"]}}]',29,1),(2129,'2022-03-21 05:54:49.562975','77','Бокс -- Александр',2,'[{\"changed\": {\"fields\": [\"date\"]}}]',29,1),(2130,'2022-03-21 05:54:49.564834','76','Lady class -- Галина',2,'[{\"changed\": {\"fields\": [\"date\"]}}]',29,1),(2131,'2022-03-21 05:54:49.566776','75','Stretch -- Галина',2,'[{\"changed\": {\"fields\": [\"date\"]}}]',29,1),(2132,'2022-03-21 05:54:49.568705','74','Yoga -- Юлия П.',2,'[{\"changed\": {\"fields\": [\"date\"]}}]',29,1),(2133,'2022-03-21 05:54:49.570588','73','ABL -- Юлия П.',2,'[{\"changed\": {\"fields\": [\"date\"]}}]',29,1),(2134,'2022-03-21 05:54:49.572474','72','Abs+Stretch -- Диана',2,'[{\"changed\": {\"fields\": [\"date\"]}}]',29,1),(2135,'2022-03-21 05:54:49.574473','69','Yoga -- Наталья',2,'[{\"changed\": {\"fields\": [\"date\"]}}]',29,1),(2136,'2022-03-21 05:54:49.576407','68','Interval training (55 мин.) -- Диана',2,'[{\"changed\": {\"fields\": [\"date\"]}}]',29,1),(2137,'2022-03-21 05:54:49.578307','60','Aero Yoga -- Наталья',2,'[{\"changed\": {\"fields\": [\"date\"]}}]',29,1),(2138,'2022-03-21 05:54:49.580287','93','Power class -- Денис',2,'[{\"changed\": {\"fields\": [\"date\"]}}]',29,1),(2139,'2022-03-21 05:54:49.582301','92','Tabata -- Денис',2,'[{\"changed\": {\"fields\": [\"date\"]}}]',29,1),(2140,'2022-03-21 05:54:49.584225','86','Здоровая спина+MFR -- Анастасия',2,'[{\"changed\": {\"fields\": [\"date\"]}}]',29,1),(2141,'2022-03-21 05:54:49.586187','85','Functional training -- Анастасия',2,'[{\"changed\": {\"fields\": [\"date\"]}}]',29,1),(2142,'2022-03-21 05:54:49.588152','83','MFR+Stretch -- Денис',2,'[{\"changed\": {\"fields\": [\"date\"]}}]',29,1),(2143,'2022-03-21 05:54:49.590136','82','Хатха Йога (1,5 часа) -- Алексей',2,'[{\"changed\": {\"fields\": [\"date\"]}}]',29,1),(2144,'2022-03-21 05:54:49.592147','81','Zumba -- Юлия Г.',2,'[{\"changed\": {\"fields\": [\"date\"]}}]',29,1),(2145,'2022-03-21 05:54:49.594106','78','Aero Yoga -- Наталья',2,'[{\"changed\": {\"fields\": [\"date\"]}}]',29,1),(2146,'2022-03-21 05:54:49.596055','127','TRX -- Денис',2,'[{\"changed\": {\"fields\": [\"date\"]}}]',29,1),(2147,'2022-03-21 05:54:49.598058','99','ABL -- Юлия Г.',2,'[{\"changed\": {\"fields\": [\"date\"]}}]',29,1),(2148,'2022-03-21 05:54:49.600063','98','Stretch -- Галина',2,'[{\"changed\": {\"fields\": [\"date\"]}}]',29,1),(2149,'2022-03-21 05:54:49.602055','97','Бокс -- Александр',2,'[{\"changed\": {\"fields\": [\"date\"]}}]',29,1),(2150,'2022-03-21 05:54:49.604077','94','Dance Mix -- Галина',2,'[{\"changed\": {\"fields\": [\"date\"]}}]',29,1),(2151,'2022-03-21 05:54:49.606026','91','Pilates -- Юлия Г.',2,'[{\"changed\": {\"fields\": [\"date\"]}}]',29,1),(2152,'2022-03-21 05:54:49.607958','90','Круговая тренировка -- Юлия Г.',2,'[{\"changed\": {\"fields\": [\"date\"]}}]',29,1),(2153,'2022-03-21 05:54:49.610158','89','Yoga -- Наталья',2,'[{\"changed\": {\"fields\": [\"date\"]}}]',29,1),(2154,'2022-03-21 05:54:49.612156','84','Power class -- Наталья',2,'[{\"changed\": {\"fields\": [\"date\"]}}]',29,1),(2155,'2022-03-21 05:54:49.614148','119','MFR+Stretch -- Денис',2,'[{\"changed\": {\"fields\": [\"date\"]}}]',29,1),(2156,'2022-03-21 05:54:49.616116','111','Tabata -- Денис',2,'[{\"changed\": {\"fields\": [\"date\"]}}]',29,1),(2157,'2022-03-21 05:54:49.618174','101','Хатха Йога (1,5 часа) -- Алексей',2,'[{\"changed\": {\"fields\": [\"date\"]}}]',29,1),(2158,'2022-03-21 05:54:49.620507','100','Mobility -- Анастасия',2,'[{\"changed\": {\"fields\": [\"date\"]}}]',29,1),(2159,'2022-03-21 05:54:49.622631','124','Stretch -- Наталья',2,'[{\"changed\": {\"fields\": [\"date\"]}}]',29,1),(2160,'2022-03-21 05:54:49.624684','123','Zumba -- Юлия Г.',2,'[{\"changed\": {\"fields\": [\"date\"]}}]',29,1),(2161,'2022-03-21 05:54:49.626748','122','Круговая тренировка -- Анастасия',2,'[{\"changed\": {\"fields\": [\"date\"]}}]',29,1),(2162,'2022-03-21 05:54:49.628746','121','ABL -- Юлия Г.',2,'[{\"changed\": {\"fields\": [\"date\"]}}]',29,1),(2163,'2022-03-21 05:54:49.630716','120','Aero Yoga -- Роман',2,'[{\"changed\": {\"fields\": [\"date\"]}}]',29,1),(2164,'2022-03-22 10:12:27.445939','1','Instagram',2,'[{\"changed\": {\"fields\": [\"publicated\"]}}]',18,1),(2165,'2022-03-28 08:23:41.299199','129','Power Yoga -- Наталья',2,'[{\"changed\": {\"fields\": [\"date\"]}}]',29,1),(2166,'2022-03-28 08:23:41.303345','128','Yoga -- Юлия П.',2,'[{\"changed\": {\"fields\": [\"date\"]}}]',29,1),(2167,'2022-03-28 08:23:41.305170','112','Power class -- Денис',2,'[{\"changed\": {\"fields\": [\"date\"]}}]',29,1),(2168,'2022-03-28 08:23:41.307097','66','Stretch -- Галина',2,'[{\"changed\": {\"fields\": [\"date\"]}}]',29,1),(2169,'2022-03-28 08:23:41.308940','65','Круговая тренировка -- Юлия П.',2,'[{\"changed\": {\"fields\": [\"date\"]}}]',29,1),(2170,'2022-03-28 08:23:41.310787','64','Yoga -- Юлия П.',2,'[{\"changed\": {\"fields\": [\"date\"]}}]',29,1),(2171,'2022-03-28 08:23:41.312630','25','Танец живота -- Галина',2,'[{\"changed\": {\"fields\": [\"date\"]}}]',29,1),(2172,'2022-03-28 08:23:41.314478','23','Бокс -- Александр',2,'[{\"changed\": {\"fields\": [\"date\"]}}]',29,1),(2173,'2022-03-28 08:23:41.316277','15','Power class -- Юлия П.',2,'[{\"changed\": {\"fields\": [\"date\"]}}]',29,1),(2174,'2022-03-28 08:23:41.318050','14','Aero Yoga -- Наталья',2,'[{\"changed\": {\"fields\": [\"date\"]}}]',29,1),(2175,'2022-03-28 08:23:41.319869','118','Tabata -- Наталья',2,'[{\"changed\": {\"fields\": [\"date\"]}}]',29,1),(2176,'2022-03-28 08:23:41.321820','117','Хатха Йога (1,5 часа) -- Алексей',2,'[{\"changed\": {\"fields\": [\"date\"]}}]',29,1),(2177,'2022-03-28 08:23:41.323609','114','Functional training -- Денис',2,'[{\"changed\": {\"fields\": [\"date\"]}}]',29,1),(2178,'2022-03-28 08:23:41.325400','67','Круговая тренировка -- Анастасия',2,'[{\"changed\": {\"fields\": [\"date\"]}}]',29,1),(2179,'2022-03-28 08:23:41.329123','59','Pilates -- Наталья',2,'[{\"changed\": {\"fields\": [\"date\"]}}]',29,1),(2180,'2022-03-28 08:23:41.330960','39','Power step -- Денис',2,'[{\"changed\": {\"fields\": [\"date\"]}}]',29,1),(2181,'2022-03-28 08:23:41.332739','38','Aero Yoga -- Наталья',2,'[{\"changed\": {\"fields\": [\"date\"]}}]',29,1),(2182,'2022-03-28 08:23:41.334524','32','Stretch -- Анастасия',2,'[{\"changed\": {\"fields\": [\"date\"]}}]',29,1),(2183,'2022-03-28 08:23:41.336349','126','Круговая тренировка -- Юлия П.',2,'[{\"changed\": {\"fields\": [\"date\"]}}]',29,1),(2184,'2022-03-28 08:23:41.338146','125','TRX -- Денис',2,'[{\"changed\": {\"fields\": [\"date\"]}}]',29,1),(2185,'2022-03-28 08:23:41.339933','77','Бокс -- Александр',2,'[{\"changed\": {\"fields\": [\"date\"]}}]',29,1),(2186,'2022-03-28 08:23:41.341747','76','Lady class -- Галина',2,'[{\"changed\": {\"fields\": [\"date\"]}}]',29,1),(2187,'2022-03-28 08:23:41.343533','75','Stretch -- Галина',2,'[{\"changed\": {\"fields\": [\"date\"]}}]',29,1),(2188,'2022-03-28 08:23:41.345302','74','Yoga -- Юлия П.',2,'[{\"changed\": {\"fields\": [\"date\"]}}]',29,1),(2189,'2022-03-28 08:23:41.347166','73','ABL -- Юлия П.',2,'[{\"changed\": {\"fields\": [\"date\"]}}]',29,1),(2190,'2022-03-28 08:23:41.348955','72','Abs+Stretch -- Диана',2,'[{\"changed\": {\"fields\": [\"date\"]}}]',29,1),(2191,'2022-03-28 08:23:41.350723','69','Yoga -- Наталья',2,'[{\"changed\": {\"fields\": [\"date\"]}}]',29,1),(2192,'2022-03-28 08:23:41.352524','68','Interval training (55 мин.) -- Диана',2,'[{\"changed\": {\"fields\": [\"date\"]}}]',29,1),(2193,'2022-03-28 08:23:41.354370','60','Aero Yoga -- Наталья',2,'[{\"changed\": {\"fields\": [\"date\"]}}]',29,1),(2194,'2022-03-28 08:23:41.356075','93','Power class -- Денис',2,'[{\"changed\": {\"fields\": [\"date\"]}}]',29,1),(2195,'2022-03-28 08:23:41.357819','92','Tabata -- Денис',2,'[{\"changed\": {\"fields\": [\"date\"]}}]',29,1),(2196,'2022-03-28 08:23:41.359556','86','Здоровая спина+MFR -- Анастасия',2,'[{\"changed\": {\"fields\": [\"date\"]}}]',29,1),(2197,'2022-03-28 08:23:41.361271','85','Functional training -- Анастасия',2,'[{\"changed\": {\"fields\": [\"date\"]}}]',29,1),(2198,'2022-03-28 08:23:41.363027','83','MFR+Stretch -- Денис',2,'[{\"changed\": {\"fields\": [\"date\"]}}]',29,1),(2199,'2022-03-28 08:23:41.364732','82','Хатха Йога (1,5 часа) -- Алексей',2,'[{\"changed\": {\"fields\": [\"date\"]}}]',29,1),(2200,'2022-03-28 08:23:41.366487','81','Zumba -- Юлия Г.',2,'[{\"changed\": {\"fields\": [\"date\"]}}]',29,1),(2201,'2022-03-28 08:23:41.368239','78','Aero Yoga -- Наталья',2,'[{\"changed\": {\"fields\": [\"date\"]}}]',29,1),(2202,'2022-03-28 08:23:41.370057','127','TRX -- Денис',2,'[{\"changed\": {\"fields\": [\"date\"]}}]',29,1),(2203,'2022-03-28 08:23:41.371829','99','ABL -- Юлия Г.',2,'[{\"changed\": {\"fields\": [\"date\"]}}]',29,1),(2204,'2022-03-28 08:23:41.373588','98','Stretch -- Галина',2,'[{\"changed\": {\"fields\": [\"date\"]}}]',29,1),(2205,'2022-03-28 08:23:41.375385','97','Бокс -- Александр',2,'[{\"changed\": {\"fields\": [\"date\"]}}]',29,1),(2206,'2022-03-28 08:23:41.377142','94','Dance Mix -- Галина',2,'[{\"changed\": {\"fields\": [\"date\"]}}]',29,1),(2207,'2022-03-28 08:23:41.378934','91','Pilates -- Юлия Г.',2,'[{\"changed\": {\"fields\": [\"date\"]}}]',29,1),(2208,'2022-03-28 08:23:41.380681','90','Круговая тренировка -- Юлия Г.',2,'[{\"changed\": {\"fields\": [\"date\"]}}]',29,1),(2209,'2022-03-28 08:23:41.382440','89','Yoga -- Наталья',2,'[{\"changed\": {\"fields\": [\"date\"]}}]',29,1),(2210,'2022-03-28 08:23:41.384197','84','Power class -- Наталья',2,'[{\"changed\": {\"fields\": [\"date\"]}}]',29,1),(2211,'2022-03-28 08:23:41.385986','119','MFR+Stretch -- Денис',2,'[{\"changed\": {\"fields\": [\"date\"]}}]',29,1),(2212,'2022-03-28 08:23:41.387669','111','Tabata -- Денис',2,'[{\"changed\": {\"fields\": [\"date\"]}}]',29,1),(2213,'2022-03-28 08:23:41.390615','101','Хатха Йога (1,5 часа) -- Алексей',2,'[{\"changed\": {\"fields\": [\"date\"]}}]',29,1),(2214,'2022-03-28 08:23:41.392404','100','Mobility -- Анастасия',2,'[{\"changed\": {\"fields\": [\"date\"]}}]',29,1),(2215,'2022-03-28 08:23:41.394092','124','Stretch -- Наталья',2,'[{\"changed\": {\"fields\": [\"date\"]}}]',29,1),(2216,'2022-03-28 08:23:41.395861','123','Zumba -- Юлия Г.',2,'[{\"changed\": {\"fields\": [\"date\"]}}]',29,1),(2217,'2022-03-28 08:23:41.397632','122','Круговая тренировка -- Анастасия',2,'[{\"changed\": {\"fields\": [\"date\"]}}]',29,1),(2218,'2022-03-28 08:23:41.399391','121','ABL -- Юлия Г.',2,'[{\"changed\": {\"fields\": [\"date\"]}}]',29,1),(2219,'2022-03-28 08:23:41.401140','120','Aero Yoga -- Роман',2,'[{\"changed\": {\"fields\": [\"date\"]}}]',29,1),(2220,'2022-04-04 05:02:22.538579','129','Power Yoga -- Наталья',2,'[{\"changed\": {\"fields\": [\"date\"]}}]',29,1),(2221,'2022-04-04 05:02:22.544220','128','Yoga -- Юлия П.',2,'[{\"changed\": {\"fields\": [\"date\"]}}]',29,1),(2222,'2022-04-04 05:02:22.547334','112','Power class -- Денис',2,'[{\"changed\": {\"fields\": [\"date\"]}}]',29,1),(2223,'2022-04-04 05:02:22.549484','66','Stretch -- Галина',2,'[{\"changed\": {\"fields\": [\"date\"]}}]',29,1),(2224,'2022-04-04 05:02:22.551586','65','Круговая тренировка -- Юлия П.',2,'[{\"changed\": {\"fields\": [\"date\"]}}]',29,1),(2225,'2022-04-04 05:02:22.553753','64','Yoga -- Юлия П.',2,'[{\"changed\": {\"fields\": [\"date\"]}}]',29,1),(2226,'2022-04-04 05:02:22.555910','25','Танец живота -- Галина',2,'[{\"changed\": {\"fields\": [\"date\"]}}]',29,1),(2227,'2022-04-04 05:02:22.558160','23','Бокс -- Александр',2,'[{\"changed\": {\"fields\": [\"date\"]}}]',29,1),(2228,'2022-04-04 05:02:22.560422','15','Power class -- Юлия П.',2,'[{\"changed\": {\"fields\": [\"date\"]}}]',29,1),(2229,'2022-04-04 05:02:22.562692','14','Aero Yoga -- Наталья',2,'[{\"changed\": {\"fields\": [\"date\"]}}]',29,1),(2230,'2022-04-04 05:02:22.564909','118','Tabata -- Наталья',2,'[{\"changed\": {\"fields\": [\"date\"]}}]',29,1),(2231,'2022-04-04 05:02:22.567092','117','Хатха Йога (1,5 часа) -- Алексей',2,'[{\"changed\": {\"fields\": [\"date\"]}}]',29,1),(2232,'2022-04-04 05:02:22.569325','114','Functional training -- Денис',2,'[{\"changed\": {\"fields\": [\"date\"]}}]',29,1),(2233,'2022-04-04 05:02:22.571528','67','Круговая тренировка -- Анастасия',2,'[{\"changed\": {\"fields\": [\"date\"]}}]',29,1),(2234,'2022-04-04 05:02:22.573965','59','Pilates -- Наталья',2,'[{\"changed\": {\"fields\": [\"date\"]}}]',29,1),(2235,'2022-04-04 05:02:22.576292','39','Power step -- Денис',2,'[{\"changed\": {\"fields\": [\"date\"]}}]',29,1),(2236,'2022-04-04 05:02:22.578604','38','Aero Yoga -- Наталья',2,'[{\"changed\": {\"fields\": [\"date\"]}}]',29,1),(2237,'2022-04-04 05:02:22.580916','32','Stretch -- Анастасия',2,'[{\"changed\": {\"fields\": [\"date\"]}}]',29,1),(2238,'2022-04-04 05:02:22.583228','126','Круговая тренировка -- Юлия П.',2,'[{\"changed\": {\"fields\": [\"date\"]}}]',29,1),(2239,'2022-04-04 05:02:22.585588','125','TRX -- Денис',2,'[{\"changed\": {\"fields\": [\"date\"]}}]',29,1),(2240,'2022-04-04 05:02:22.587856','77','Бокс -- Александр',2,'[{\"changed\": {\"fields\": [\"date\"]}}]',29,1),(2241,'2022-04-04 05:02:22.590088','76','Lady class -- Галина',2,'[{\"changed\": {\"fields\": [\"date\"]}}]',29,1),(2242,'2022-04-04 05:02:22.592348','75','Stretch -- Галина',2,'[{\"changed\": {\"fields\": [\"date\"]}}]',29,1),(2243,'2022-04-04 05:02:22.594595','74','Yoga -- Юлия П.',2,'[{\"changed\": {\"fields\": [\"date\"]}}]',29,1),(2244,'2022-04-04 05:02:22.596854','73','ABL -- Юлия П.',2,'[{\"changed\": {\"fields\": [\"date\"]}}]',29,1),(2245,'2022-04-04 05:02:22.599100','72','Abs+Stretch -- Диана',2,'[{\"changed\": {\"fields\": [\"date\"]}}]',29,1),(2246,'2022-04-04 05:02:22.601334','69','Yoga -- Наталья',2,'[{\"changed\": {\"fields\": [\"date\"]}}]',29,1),(2247,'2022-04-04 05:02:22.603590','68','Interval training (55 мин.) -- Диана',2,'[{\"changed\": {\"fields\": [\"date\"]}}]',29,1),(2248,'2022-04-04 05:02:22.605983','60','Aero Yoga -- Наталья',2,'[{\"changed\": {\"fields\": [\"date\"]}}]',29,1),(2249,'2022-04-04 05:02:22.608320','93','Power class -- Денис',2,'[{\"changed\": {\"fields\": [\"date\"]}}]',29,1),(2250,'2022-04-04 05:02:22.610626','92','Tabata -- Денис',2,'[{\"changed\": {\"fields\": [\"date\"]}}]',29,1),(2251,'2022-04-04 05:02:22.613023','86','Здоровая спина+MFR -- Анастасия',2,'[{\"changed\": {\"fields\": [\"date\"]}}]',29,1),(2252,'2022-04-04 05:02:22.615336','85','Functional training -- Анастасия',2,'[{\"changed\": {\"fields\": [\"date\"]}}]',29,1),(2253,'2022-04-04 05:02:22.617590','83','MFR+Stretch -- Денис',2,'[{\"changed\": {\"fields\": [\"date\"]}}]',29,1),(2254,'2022-04-04 05:02:22.619876','82','Хатха Йога (1,5 часа) -- Алексей',2,'[{\"changed\": {\"fields\": [\"date\"]}}]',29,1),(2255,'2022-04-04 05:02:22.622186','81','Zumba -- Юлия Г.',2,'[{\"changed\": {\"fields\": [\"date\"]}}]',29,1),(2256,'2022-04-04 05:02:22.624430','78','Aero Yoga -- Наталья',2,'[{\"changed\": {\"fields\": [\"date\"]}}]',29,1),(2257,'2022-04-04 05:02:22.626702','127','TRX -- Денис',2,'[{\"changed\": {\"fields\": [\"date\"]}}]',29,1),(2258,'2022-04-04 05:02:22.629078','99','ABL -- Юлия Г.',2,'[{\"changed\": {\"fields\": [\"date\"]}}]',29,1),(2259,'2022-04-04 05:02:22.631374','98','Stretch -- Галина',2,'[{\"changed\": {\"fields\": [\"date\"]}}]',29,1),(2260,'2022-04-04 05:02:22.633722','97','Бокс -- Александр',2,'[{\"changed\": {\"fields\": [\"date\"]}}]',29,1),(2261,'2022-04-04 05:02:22.636042','94','Dance Mix -- Галина',2,'[{\"changed\": {\"fields\": [\"date\"]}}]',29,1),(2262,'2022-04-04 05:02:22.639168','91','Pilates -- Юлия Г.',2,'[{\"changed\": {\"fields\": [\"date\"]}}]',29,1),(2263,'2022-04-04 05:02:22.641443','90','Круговая тренировка -- Юлия Г.',2,'[{\"changed\": {\"fields\": [\"date\"]}}]',29,1),(2264,'2022-04-04 05:02:22.643787','89','Yoga -- Наталья',2,'[{\"changed\": {\"fields\": [\"date\"]}}]',29,1),(2265,'2022-04-04 05:02:22.646109','84','Power class -- Наталья',2,'[{\"changed\": {\"fields\": [\"date\"]}}]',29,1),(2266,'2022-04-04 05:02:22.648455','119','MFR+Stretch -- Денис',2,'[{\"changed\": {\"fields\": [\"date\"]}}]',29,1),(2267,'2022-04-04 05:02:22.650811','111','Tabata -- Денис',2,'[{\"changed\": {\"fields\": [\"date\"]}}]',29,1),(2268,'2022-04-04 05:02:22.653138','101','Хатха Йога (1,5 часа) -- Алексей',2,'[{\"changed\": {\"fields\": [\"date\"]}}]',29,1),(2269,'2022-04-04 05:02:22.655493','100','Mobility -- Анастасия',2,'[{\"changed\": {\"fields\": [\"date\"]}}]',29,1),(2270,'2022-04-04 05:02:22.657855','124','Stretch -- Наталья',2,'[{\"changed\": {\"fields\": [\"date\"]}}]',29,1),(2271,'2022-04-04 05:02:22.660309','123','Zumba -- Юлия Г.',2,'[{\"changed\": {\"fields\": [\"date\"]}}]',29,1),(2272,'2022-04-04 05:02:22.662788','122','Круговая тренировка -- Анастасия',2,'[{\"changed\": {\"fields\": [\"date\"]}}]',29,1),(2273,'2022-04-04 05:02:22.665178','121','ABL -- Юлия Г.',2,'[{\"changed\": {\"fields\": [\"date\"]}}]',29,1),(2274,'2022-04-04 05:02:22.667550','120','Aero Yoga -- Роман',2,'[{\"changed\": {\"fields\": [\"date\"]}}]',29,1),(2275,'2022-04-08 16:47:36.209935','85','Functional training -- Наталья',2,'[{\"changed\": {\"fields\": [\"instructor\"]}}]',29,2),(2276,'2022-04-08 16:48:30.525687','64','Power Yoga -- Наталья',2,'[{\"changed\": {\"fields\": [\"classes\", \"instructor\", \"hall\"]}}]',29,2),(2277,'2022-04-08 16:49:01.709046','32','Yoga -- Юлия Г.',2,'[{\"changed\": {\"fields\": [\"classes\", \"instructor\", \"date\"]}}]',29,2),(2278,'2022-04-08 16:49:41.347701','72','Здоровая спина+MFR -- Анастасия',2,'[{\"changed\": {\"fields\": [\"classes\", \"instructor\", \"date\"]}}]',29,2),(2279,'2022-04-08 16:50:27.458163','69','Abs+Stretch -- Диана',2,'[{\"changed\": {\"fields\": [\"classes\", \"instructor\", \"hall\"]}}]',29,2),(2280,'2022-04-08 16:50:51.104297','86','Pilates -- Наталья',2,'[{\"changed\": {\"fields\": [\"classes\", \"instructor\", \"date\"]}}]',29,2),(2281,'2022-04-08 16:51:18.519907','89','Stretch -- Наталья',2,'[{\"changed\": {\"fields\": [\"classes\", \"hall\", \"date\"]}}]',29,2),(2282,'2022-04-08 16:51:43.504411','100','Yoga -- Наталья',2,'[{\"changed\": {\"fields\": [\"classes\", \"instructor\", \"hall\", \"date\"]}}]',29,2),(2283,'2022-04-08 16:52:34.942062','121','Mobility -- Анастасия',2,'[{\"changed\": {\"fields\": [\"classes\", \"instructor\", \"hall\", \"date\"]}}]',29,2),(2284,'2022-04-08 16:54:20.313469','129','ABL -- Юлия Г.',2,'[{\"changed\": {\"fields\": [\"classes\", \"instructor\", \"hall\", \"date\"]}}]',29,2),(2285,'2022-04-08 16:55:34.671568','101','Хатха Йога (1,5 часа) -- Алексей',2,'[{\"changed\": {\"fields\": [\"hall\"]}}]',29,2),(2286,'2022-04-08 16:55:34.674006','111','Tabata -- Денис',2,'[{\"changed\": {\"fields\": [\"hall\"]}}]',29,2),(2287,'2022-04-08 16:57:32.669141','27','Карате',1,'[{\"added\": {}}]',31,2),(2288,'2022-04-08 16:57:50.863098','13','Илья',1,'[{\"added\": {}}]',27,2),(2289,'2022-04-08 16:58:07.902326','12','16:00',1,'[{\"added\": {}}]',32,2),(2290,'2022-04-08 16:58:10.532448','130','Карате -- Илья',1,'[{\"added\": {}}]',29,2),(2291,'2022-04-08 16:58:56.034096','131','Карате -- Илья',1,'[{\"added\": {}}]',29,2),(2292,'2022-04-08 16:58:59.947082','131','Карате -- Илья',2,'[]',29,2),(2293,'2022-04-08 16:59:15.651851','132','Карате -- Илья',1,'[{\"added\": {}}]',29,2),(2294,'2022-04-08 17:00:12.632967','28','Рукопашный бой',1,'[{\"added\": {}}]',31,2),(2295,'2022-04-08 17:00:45.738111','13','16:30',1,'[{\"added\": {}}]',32,2),(2296,'2022-04-08 17:00:49.191920','133','Рукопашный бой -- Роман',1,'[{\"added\": {}}]',29,2),(2297,'2022-04-08 17:01:56.572561','29','ОФП',1,'[{\"added\": {}}]',31,2),(2298,'2022-04-08 17:02:05.443932','14','Соня',1,'[{\"added\": {}}]',27,2),(2299,'2022-04-08 17:02:19.614234','14','17:00',1,'[{\"added\": {}}]',32,2),(2300,'2022-04-08 17:02:21.173441','134','ОФП -- Соня',1,'[{\"added\": {}}]',29,2),(2301,'2022-04-08 17:02:50.626722','135','ОФП -- Соня',1,'[{\"added\": {}}]',29,2),(2302,'2022-04-08 17:03:08.956274','136','ОФП -- Соня',1,'[{\"added\": {}}]',29,2),(2303,'2022-04-08 17:04:02.257281','112','Power class -- Денис',3,'',29,2),(2304,'2022-04-08 17:04:28.281638','39','Power step -- Денис',3,'',29,2),(2305,'2022-04-08 17:04:57.365324','126','Круговая тренировка -- Юлия П.',3,'',29,2),(2306,'2022-04-08 17:05:59.786618','137','Power class -- Юлия П.',1,'[{\"added\": {}}]',29,2),(2307,'2022-04-08 17:06:35.500445','138','Power step -- Денис',1,'[{\"added\": {}}]',29,2),(2308,'2022-04-08 17:08:01.080011','139','Круговая тренировка -- Юлия П.',1,'[{\"added\": {}}]',29,2),(2309,'2022-04-08 17:09:19.356199','15','Михаил',1,'[{\"added\": {}}]',27,2),(2310,'2022-04-08 17:09:26.814512','140','Рукопашный бой -- Михаил',1,'[{\"added\": {}}]',29,2),(2311,'2022-04-08 17:12:34.895633','76','Lady class -- Галина',2,'[{\"changed\": {\"fields\": [\"hall\"]}}]',29,2),(2312,'2022-04-08 17:12:34.898029','94','Dance Mix -- Галина',2,'[{\"changed\": {\"fields\": [\"hall\"]}}]',29,2),(2313,'2022-04-08 17:12:34.900153','91','Pilates -- Юлия Г.',2,'[{\"changed\": {\"fields\": [\"hall\"]}}]',29,2),(2314,'2022-04-08 17:13:35.625537','66','Stretch -- Галина',2,'[{\"changed\": {\"fields\": [\"hall\"]}}]',29,2),(2315,'2022-04-08 17:14:52.818916','98','Stretch -- Галина',2,'[{\"changed\": {\"fields\": [\"hall\"]}}]',29,2),(2316,'2022-04-08 17:14:52.820887','99','ABL -- Юлия Г.',2,'[{\"changed\": {\"fields\": [\"hall\"]}}]',29,2),(2317,'2022-04-08 17:19:40.382981','12','День открытых дверей Детская Эволюция!',2,'[{\"changed\": {\"fields\": [\"publicated\"]}}]',20,2),(2318,'2022-04-08 17:20:27.764726','12','НИКИТА СОРОКИН',2,'[{\"changed\": {\"fields\": [\"publicated\"]}}]',22,2),(2319,'2022-04-08 17:21:13.585802','3','TOTAL CONDITION',2,'[{\"changed\": {\"fields\": [\"publicated\"]}}]',23,2),(2320,'2022-04-08 17:21:27.346501','5','POWER BALL',2,'[{\"changed\": {\"fields\": [\"publicated\"]}}]',23,2),(2321,'2022-04-11 03:44:03.334805','137','Power class -- Юлия П.',2,'[{\"changed\": {\"fields\": [\"date\"]}}]',29,1),(2322,'2022-04-11 03:44:03.337804','134','ОФП -- Соня',2,'[{\"changed\": {\"fields\": [\"date\"]}}]',29,1),(2323,'2022-04-11 03:44:03.339500','130','Карате -- Илья',2,'[{\"changed\": {\"fields\": [\"date\"]}}]',29,1),(2324,'2022-04-11 03:44:03.341121','128','Yoga -- Юлия П.',2,'[{\"changed\": {\"fields\": [\"date\"]}}]',29,1),(2325,'2022-04-11 03:44:03.342787','66','Stretch -- Галина',2,'[{\"changed\": {\"fields\": [\"date\"]}}]',29,1),(2326,'2022-04-11 03:44:03.344863','65','Круговая тренировка -- Юлия П.',2,'[{\"changed\": {\"fields\": [\"date\"]}}]',29,1),(2327,'2022-04-11 03:44:03.346645','64','Power Yoga -- Наталья',2,'[{\"changed\": {\"fields\": [\"date\"]}}]',29,1),(2328,'2022-04-11 03:44:03.348363','32','Yoga -- Юлия Г.',2,'[{\"changed\": {\"fields\": [\"date\"]}}]',29,1),(2329,'2022-04-11 03:44:03.350076','25','Танец живота -- Галина',2,'[{\"changed\": {\"fields\": [\"date\"]}}]',29,1),(2330,'2022-04-11 03:44:03.351839','23','Бокс -- Александр',2,'[{\"changed\": {\"fields\": [\"date\"]}}]',29,1),(2331,'2022-04-11 03:44:03.353590','15','Power class -- Юлия П.',2,'[{\"changed\": {\"fields\": [\"date\"]}}]',29,1),(2332,'2022-04-11 03:44:03.355228','14','Aero Yoga -- Наталья',2,'[{\"changed\": {\"fields\": [\"date\"]}}]',29,1),(2333,'2022-04-11 03:44:03.356911','138','Power step -- Денис',2,'[{\"changed\": {\"fields\": [\"date\"]}}]',29,1),(2334,'2022-04-11 03:44:03.360503','118','Tabata -- Наталья',2,'[{\"changed\": {\"fields\": [\"date\"]}}]',29,1),(2335,'2022-04-11 03:44:03.362245','117','Хатха Йога (1,5 часа) -- Алексей',2,'[{\"changed\": {\"fields\": [\"date\"]}}]',29,1),(2336,'2022-04-11 03:44:03.364054','114','Functional training -- Денис',2,'[{\"changed\": {\"fields\": [\"date\"]}}]',29,1),(2337,'2022-04-11 03:44:03.366027','72','Здоровая спина+MFR -- Анастасия',2,'[{\"changed\": {\"fields\": [\"date\"]}}]',29,1),(2338,'2022-04-11 03:44:03.368180','67','Круговая тренировка -- Анастасия',2,'[{\"changed\": {\"fields\": [\"date\"]}}]',29,1),(2339,'2022-04-11 03:44:03.369983','59','Pilates -- Наталья',2,'[{\"changed\": {\"fields\": [\"date\"]}}]',29,1),(2340,'2022-04-11 03:44:03.371792','38','Aero Yoga -- Наталья',2,'[{\"changed\": {\"fields\": [\"date\"]}}]',29,1),(2341,'2022-04-11 03:44:03.374323','139','Круговая тренировка -- Юлия П.',2,'[{\"changed\": {\"fields\": [\"date\"]}}]',29,1),(2342,'2022-04-11 03:44:03.376200','135','ОФП -- Соня',2,'[{\"changed\": {\"fields\": [\"date\"]}}]',29,1),(2343,'2022-04-11 03:44:03.378014','131','Карате -- Илья',2,'[{\"changed\": {\"fields\": [\"date\"]}}]',29,1),(2344,'2022-04-11 03:44:03.379901','125','TRX -- Денис',2,'[{\"changed\": {\"fields\": [\"date\"]}}]',29,1),(2345,'2022-04-11 03:44:03.381641','86','Pilates -- Наталья',2,'[{\"changed\": {\"fields\": [\"date\"]}}]',29,1),(2346,'2022-04-11 03:44:03.383396','77','Бокс -- Александр',2,'[{\"changed\": {\"fields\": [\"date\"]}}]',29,1),(2347,'2022-04-11 03:44:03.385139','76','Lady class -- Галина',2,'[{\"changed\": {\"fields\": [\"date\"]}}]',29,1),(2348,'2022-04-11 03:44:03.386876','75','Stretch -- Галина',2,'[{\"changed\": {\"fields\": [\"date\"]}}]',29,1),(2349,'2022-04-11 03:44:03.389249','74','Yoga -- Юлия П.',2,'[{\"changed\": {\"fields\": [\"date\"]}}]',29,1),(2350,'2022-04-11 03:44:03.391152','73','ABL -- Юлия П.',2,'[{\"changed\": {\"fields\": [\"date\"]}}]',29,1),(2351,'2022-04-11 03:44:03.393162','69','Abs+Stretch -- Диана',2,'[{\"changed\": {\"fields\": [\"date\"]}}]',29,1),(2352,'2022-04-11 03:44:03.394940','68','Interval training (55 мин.) -- Диана',2,'[{\"changed\": {\"fields\": [\"date\"]}}]',29,1),(2353,'2022-04-11 03:44:03.396629','60','Aero Yoga -- Наталья',2,'[{\"changed\": {\"fields\": [\"date\"]}}]',29,1),(2354,'2022-04-11 03:44:03.398524','133','Рукопашный бой -- Роман',2,'[{\"changed\": {\"fields\": [\"date\"]}}]',29,1),(2355,'2022-04-11 03:44:03.400756','93','Power class -- Денис',2,'[{\"changed\": {\"fields\": [\"date\"]}}]',29,1),(2356,'2022-04-11 03:44:03.402706','92','Tabata -- Денис',2,'[{\"changed\": {\"fields\": [\"date\"]}}]',29,1),(2357,'2022-04-11 03:44:03.404639','89','Stretch -- Наталья',2,'[{\"changed\": {\"fields\": [\"date\"]}}]',29,1),(2358,'2022-04-11 03:44:03.406427','85','Functional training -- Наталья',2,'[{\"changed\": {\"fields\": [\"date\"]}}]',29,1),(2359,'2022-04-11 03:44:03.408204','83','MFR+Stretch -- Денис',2,'[{\"changed\": {\"fields\": [\"date\"]}}]',29,1),(2360,'2022-04-11 03:44:03.409974','82','Хатха Йога (1,5 часа) -- Алексей',2,'[{\"changed\": {\"fields\": [\"date\"]}}]',29,1),(2361,'2022-04-11 03:44:03.411800','81','Zumba -- Юлия Г.',2,'[{\"changed\": {\"fields\": [\"date\"]}}]',29,1),(2362,'2022-04-11 03:44:03.413577','78','Aero Yoga -- Наталья',2,'[{\"changed\": {\"fields\": [\"date\"]}}]',29,1),(2363,'2022-04-11 03:44:03.415370','136','ОФП -- Соня',2,'[{\"changed\": {\"fields\": [\"date\"]}}]',29,1),(2364,'2022-04-11 03:44:03.417166','132','Карате -- Илья',2,'[{\"changed\": {\"fields\": [\"date\"]}}]',29,1),(2365,'2022-04-11 03:44:03.419094','127','TRX -- Денис',2,'[{\"changed\": {\"fields\": [\"date\"]}}]',29,1),(2366,'2022-04-11 03:44:03.420899','100','Yoga -- Наталья',2,'[{\"changed\": {\"fields\": [\"date\"]}}]',29,1),(2367,'2022-04-11 03:44:03.422839','99','ABL -- Юлия Г.',2,'[{\"changed\": {\"fields\": [\"date\"]}}]',29,1),(2368,'2022-04-11 03:44:03.424711','98','Stretch -- Галина',2,'[{\"changed\": {\"fields\": [\"date\"]}}]',29,1),(2369,'2022-04-11 03:44:03.426490','97','Бокс -- Александр',2,'[{\"changed\": {\"fields\": [\"date\"]}}]',29,1),(2370,'2022-04-11 03:44:03.428451','94','Dance Mix -- Галина',2,'[{\"changed\": {\"fields\": [\"date\"]}}]',29,1),(2371,'2022-04-11 03:44:03.430780','91','Pilates -- Юлия Г.',2,'[{\"changed\": {\"fields\": [\"date\"]}}]',29,1),(2372,'2022-04-11 03:44:03.432643','90','Круговая тренировка -- Юлия Г.',2,'[{\"changed\": {\"fields\": [\"date\"]}}]',29,1),(2373,'2022-04-11 03:44:03.434643','84','Power class -- Наталья',2,'[{\"changed\": {\"fields\": [\"date\"]}}]',29,1),(2374,'2022-04-11 03:44:03.436885','140','Рукопашный бой -- Михаил',2,'[{\"changed\": {\"fields\": [\"date\"]}}]',29,1),(2375,'2022-04-11 03:44:03.438734','121','Mobility -- Анастасия',2,'[{\"changed\": {\"fields\": [\"date\"]}}]',29,1),(2376,'2022-04-11 03:44:03.440514','119','MFR+Stretch -- Денис',2,'[{\"changed\": {\"fields\": [\"date\"]}}]',29,1),(2377,'2022-04-11 03:44:03.442300','111','Tabata -- Денис',2,'[{\"changed\": {\"fields\": [\"date\"]}}]',29,1),(2378,'2022-04-11 03:44:03.444082','101','Хатха Йога (1,5 часа) -- Алексей',2,'[{\"changed\": {\"fields\": [\"date\"]}}]',29,1),(2379,'2022-04-11 03:44:03.445828','129','ABL -- Юлия Г.',2,'[{\"changed\": {\"fields\": [\"date\"]}}]',29,1),(2380,'2022-04-11 03:44:03.447614','124','Stretch -- Наталья',2,'[{\"changed\": {\"fields\": [\"date\"]}}]',29,1),(2381,'2022-04-11 03:44:03.449492','123','Zumba -- Юлия Г.',2,'[{\"changed\": {\"fields\": [\"date\"]}}]',29,1),(2382,'2022-04-11 03:44:03.451236','122','Круговая тренировка -- Анастасия',2,'[{\"changed\": {\"fields\": [\"date\"]}}]',29,1),(2383,'2022-04-11 03:44:03.452998','120','Aero Yoga -- Роман',2,'[{\"changed\": {\"fields\": [\"date\"]}}]',29,1),(2384,'2022-04-11 19:53:04.137823','4','Telegram',1,'[{\"added\": {}}]',18,1),(2385,'2022-04-11 19:53:14.920795','4','Telegram',2,'[]',18,1),(2386,'2022-04-15 14:32:33.079893','3','АРТЁМ БИЗЮКОВ',2,'[]',22,2),(2387,'2022-04-15 14:47:33.151441','6','ГРИГОРИЙ ДОРОГОВ',2,'[]',22,2),(2388,'2022-04-15 14:49:00.953093','7','ЛЮДМИЛА КАРПОВА',2,'[{\"changed\": {\"fields\": [\"body\"]}}]',22,2),(2389,'2022-04-15 14:49:57.372401','8','АЛЕКСАНДР МАХОНИН',2,'[]',22,2),(2390,'2022-04-15 14:51:00.615745','11','НИКОЛАЙ САРАЕВ',2,'[]',22,2),(2391,'2022-04-15 14:51:57.121277','12','НИКИТА СОРОКИН',2,'[{\"changed\": {\"fields\": [\"position\", \"body\"]}}]',22,2),(2392,'2022-04-15 14:52:30.943251','13','РУСТАМ СТРЕКАЛОВ',2,'[]',22,2),(2393,'2022-04-15 14:53:30.387126','14','АНАСТАСИЯ ХОМЕНКО',2,'[]',22,2),(2394,'2022-04-15 15:40:47.767694','6','ГРИГОРИЙ ДОРОГОВ',2,'[{\"changed\": {\"fields\": [\"position\"]}}]',22,2),(2395,'2022-04-15 15:41:08.665506','7','ЛЮДМИЛА ГРОМОВА',2,'[{\"changed\": {\"fields\": [\"title\"]}}]',22,2),(2396,'2022-04-15 15:41:18.292279','7','ЛЮДМИЛА ГРОМОВА',2,'[{\"changed\": {\"fields\": [\"body\"]}}]',22,2),(2397,'2022-04-15 15:41:39.448104','12','НИКИТА СОРОКИН',2,'[]',22,2),(2398,'2022-04-15 15:41:53.183930','12','НИКИТА СОРОКИН',2,'[{\"changed\": {\"fields\": [\"publicated\"]}}]',22,2),(2399,'2022-04-18 02:51:26.453458','137','Power class -- Юлия П.',2,'[{\"changed\": {\"fields\": [\"date\"]}}]',29,1),(2400,'2022-04-18 02:51:26.458117','134','ОФП -- Соня',2,'[{\"changed\": {\"fields\": [\"date\"]}}]',29,1),(2401,'2022-04-18 02:51:26.460173','130','Карате -- Илья',2,'[{\"changed\": {\"fields\": [\"date\"]}}]',29,1),(2402,'2022-04-18 02:51:26.462237','128','Yoga -- Юлия П.',2,'[{\"changed\": {\"fields\": [\"date\"]}}]',29,1),(2403,'2022-04-18 02:51:26.464281','66','Stretch -- Галина',2,'[{\"changed\": {\"fields\": [\"date\"]}}]',29,1),(2404,'2022-04-18 02:51:26.466314','65','Круговая тренировка -- Юлия П.',2,'[{\"changed\": {\"fields\": [\"date\"]}}]',29,1),(2405,'2022-04-18 02:51:26.468339','64','Power Yoga -- Наталья',2,'[{\"changed\": {\"fields\": [\"date\"]}}]',29,1),(2406,'2022-04-18 02:51:26.470364','32','Yoga -- Юлия Г.',2,'[{\"changed\": {\"fields\": [\"date\"]}}]',29,1),(2407,'2022-04-18 02:51:26.472431','25','Танец живота -- Галина',2,'[{\"changed\": {\"fields\": [\"date\"]}}]',29,1),(2408,'2022-04-18 02:51:26.474607','23','Бокс -- Александр',2,'[{\"changed\": {\"fields\": [\"date\"]}}]',29,1),(2409,'2022-04-18 02:51:26.476813','15','Power class -- Юлия П.',2,'[{\"changed\": {\"fields\": [\"date\"]}}]',29,1),(2410,'2022-04-18 02:51:26.479223','14','Aero Yoga -- Наталья',2,'[{\"changed\": {\"fields\": [\"date\"]}}]',29,1),(2411,'2022-04-18 02:51:26.481646','138','Power step -- Денис',2,'[{\"changed\": {\"fields\": [\"date\"]}}]',29,1),(2412,'2022-04-18 02:51:26.484000','118','Tabata -- Наталья',2,'[{\"changed\": {\"fields\": [\"date\"]}}]',29,1),(2413,'2022-04-18 02:51:26.486338','117','Хатха Йога (1,5 часа) -- Алексей',2,'[{\"changed\": {\"fields\": [\"date\"]}}]',29,1),(2414,'2022-04-18 02:51:26.488708','114','Functional training -- Денис',2,'[{\"changed\": {\"fields\": [\"date\"]}}]',29,1),(2415,'2022-04-18 02:51:26.491000','72','Здоровая спина+MFR -- Анастасия',2,'[{\"changed\": {\"fields\": [\"date\"]}}]',29,1),(2416,'2022-04-18 02:51:26.493222','67','Круговая тренировка -- Анастасия',2,'[{\"changed\": {\"fields\": [\"date\"]}}]',29,1),(2417,'2022-04-18 02:51:26.495464','59','Pilates -- Наталья',2,'[{\"changed\": {\"fields\": [\"date\"]}}]',29,1),(2418,'2022-04-18 02:51:26.497711','38','Aero Yoga -- Наталья',2,'[{\"changed\": {\"fields\": [\"date\"]}}]',29,1),(2419,'2022-04-18 02:51:26.499985','139','Круговая тренировка -- Юлия П.',2,'[{\"changed\": {\"fields\": [\"date\"]}}]',29,1),(2420,'2022-04-18 02:51:26.502239','135','ОФП -- Соня',2,'[{\"changed\": {\"fields\": [\"date\"]}}]',29,1),(2421,'2022-04-18 02:51:26.504556','131','Карате -- Илья',2,'[{\"changed\": {\"fields\": [\"date\"]}}]',29,1),(2422,'2022-04-18 02:51:26.506822','125','TRX -- Денис',2,'[{\"changed\": {\"fields\": [\"date\"]}}]',29,1),(2423,'2022-04-18 02:51:26.509121','86','Pilates -- Наталья',2,'[{\"changed\": {\"fields\": [\"date\"]}}]',29,1),(2424,'2022-04-18 02:51:26.511472','77','Бокс -- Александр',2,'[{\"changed\": {\"fields\": [\"date\"]}}]',29,1),(2425,'2022-04-18 02:51:26.513736','76','Lady class -- Галина',2,'[{\"changed\": {\"fields\": [\"date\"]}}]',29,1),(2426,'2022-04-18 02:51:26.516063','75','Stretch -- Галина',2,'[{\"changed\": {\"fields\": [\"date\"]}}]',29,1),(2427,'2022-04-18 02:51:26.518444','74','Yoga -- Юлия П.',2,'[{\"changed\": {\"fields\": [\"date\"]}}]',29,1),(2428,'2022-04-18 02:51:26.520797','73','ABL -- Юлия П.',2,'[{\"changed\": {\"fields\": [\"date\"]}}]',29,1),(2429,'2022-04-18 02:51:26.523100','69','Abs+Stretch -- Диана',2,'[{\"changed\": {\"fields\": [\"date\"]}}]',29,1),(2430,'2022-04-18 02:51:26.525714','68','Interval training (55 мин.) -- Диана',2,'[{\"changed\": {\"fields\": [\"date\"]}}]',29,1),(2431,'2022-04-18 02:51:26.528009','60','Aero Yoga -- Наталья',2,'[{\"changed\": {\"fields\": [\"date\"]}}]',29,1),(2432,'2022-04-18 02:51:26.530344','133','Рукопашный бой -- Роман',2,'[{\"changed\": {\"fields\": [\"date\"]}}]',29,1),(2433,'2022-04-18 02:51:26.532677','93','Power class -- Денис',2,'[{\"changed\": {\"fields\": [\"date\"]}}]',29,1),(2434,'2022-04-18 02:51:26.534989','92','Tabata -- Денис',2,'[{\"changed\": {\"fields\": [\"date\"]}}]',29,1),(2435,'2022-04-18 02:51:26.537334','89','Stretch -- Наталья',2,'[{\"changed\": {\"fields\": [\"date\"]}}]',29,1),(2436,'2022-04-18 02:51:26.539662','85','Functional training -- Наталья',2,'[{\"changed\": {\"fields\": [\"date\"]}}]',29,1),(2437,'2022-04-18 02:51:26.542013','83','MFR+Stretch -- Денис',2,'[{\"changed\": {\"fields\": [\"date\"]}}]',29,1),(2438,'2022-04-18 02:51:26.544371','82','Хатха Йога (1,5 часа) -- Алексей',2,'[{\"changed\": {\"fields\": [\"date\"]}}]',29,1),(2439,'2022-04-18 02:51:26.546682','81','Zumba -- Юлия Г.',2,'[{\"changed\": {\"fields\": [\"date\"]}}]',29,1),(2440,'2022-04-18 02:51:26.549016','78','Aero Yoga -- Наталья',2,'[{\"changed\": {\"fields\": [\"date\"]}}]',29,1),(2441,'2022-04-18 02:51:26.551478','136','ОФП -- Соня',2,'[{\"changed\": {\"fields\": [\"date\"]}}]',29,1),(2442,'2022-04-18 02:51:26.553972','132','Карате -- Илья',2,'[{\"changed\": {\"fields\": [\"date\"]}}]',29,1),(2443,'2022-04-18 02:51:26.556491','127','TRX -- Денис',2,'[{\"changed\": {\"fields\": [\"date\"]}}]',29,1),(2444,'2022-04-18 02:51:26.558899','100','Yoga -- Наталья',2,'[{\"changed\": {\"fields\": [\"date\"]}}]',29,1),(2445,'2022-04-18 02:51:26.561316','99','ABL -- Юлия Г.',2,'[{\"changed\": {\"fields\": [\"date\"]}}]',29,1),(2446,'2022-04-18 02:51:26.563677','98','Stretch -- Галина',2,'[{\"changed\": {\"fields\": [\"date\"]}}]',29,1),(2447,'2022-04-18 02:51:26.566045','97','Бокс -- Александр',2,'[{\"changed\": {\"fields\": [\"date\"]}}]',29,1),(2448,'2022-04-18 02:51:26.568456','94','Dance Mix -- Галина',2,'[{\"changed\": {\"fields\": [\"date\"]}}]',29,1),(2449,'2022-04-18 02:51:26.570849','91','Pilates -- Юлия Г.',2,'[{\"changed\": {\"fields\": [\"date\"]}}]',29,1),(2450,'2022-04-18 02:51:26.573245','90','Круговая тренировка -- Юлия Г.',2,'[{\"changed\": {\"fields\": [\"date\"]}}]',29,1),(2451,'2022-04-18 02:51:26.575642','84','Power class -- Наталья',2,'[{\"changed\": {\"fields\": [\"date\"]}}]',29,1),(2452,'2022-04-18 02:51:26.578149','140','Рукопашный бой -- Михаил',2,'[{\"changed\": {\"fields\": [\"date\"]}}]',29,1),(2453,'2022-04-18 02:51:26.580689','121','Mobility -- Анастасия',2,'[{\"changed\": {\"fields\": [\"date\"]}}]',29,1),(2454,'2022-04-18 02:51:26.583161','119','MFR+Stretch -- Денис',2,'[{\"changed\": {\"fields\": [\"date\"]}}]',29,1),(2455,'2022-04-18 02:51:26.585645','111','Tabata -- Денис',2,'[{\"changed\": {\"fields\": [\"date\"]}}]',29,1),(2456,'2022-04-18 02:51:26.588165','101','Хатха Йога (1,5 часа) -- Алексей',2,'[{\"changed\": {\"fields\": [\"date\"]}}]',29,1),(2457,'2022-04-18 02:51:26.590596','129','ABL -- Юлия Г.',2,'[{\"changed\": {\"fields\": [\"date\"]}}]',29,1),(2458,'2022-04-18 02:51:26.594959','124','Stretch -- Наталья',2,'[{\"changed\": {\"fields\": [\"date\"]}}]',29,1),(2459,'2022-04-18 02:51:26.597454','123','Zumba -- Юлия Г.',2,'[{\"changed\": {\"fields\": [\"date\"]}}]',29,1),(2460,'2022-04-18 02:51:26.599982','122','Круговая тренировка -- Анастасия',2,'[{\"changed\": {\"fields\": [\"date\"]}}]',29,1),(2461,'2022-04-18 02:51:26.602573','120','Aero Yoga -- Роман',2,'[{\"changed\": {\"fields\": [\"date\"]}}]',29,1),(2462,'2022-04-25 07:41:32.380460','137','Power class -- Юлия П.',2,'[{\"changed\": {\"fields\": [\"date\"]}}]',29,1),(2463,'2022-04-25 07:41:32.383875','134','ОФП -- Соня',2,'[{\"changed\": {\"fields\": [\"date\"]}}]',29,1),(2464,'2022-04-25 07:41:32.386303','130','Карате -- Илья',2,'[{\"changed\": {\"fields\": [\"date\"]}}]',29,1),(2465,'2022-04-25 07:41:32.389274','128','Yoga -- Юлия П.',2,'[{\"changed\": {\"fields\": [\"date\"]}}]',29,1),(2466,'2022-04-25 07:41:32.391419','66','Stretch -- Галина',2,'[{\"changed\": {\"fields\": [\"date\"]}}]',29,1),(2467,'2022-04-25 07:41:32.393733','65','Круговая тренировка -- Юлия П.',2,'[{\"changed\": {\"fields\": [\"date\"]}}]',29,1),(2468,'2022-04-25 07:41:32.396039','64','Power Yoga -- Наталья',2,'[{\"changed\": {\"fields\": [\"date\"]}}]',29,1),(2469,'2022-04-25 07:41:32.398222','32','Yoga -- Юлия Г.',2,'[{\"changed\": {\"fields\": [\"date\"]}}]',29,1),(2470,'2022-04-25 07:41:32.400379','25','Танец живота -- Галина',2,'[{\"changed\": {\"fields\": [\"date\"]}}]',29,1),(2471,'2022-04-25 07:41:32.402513','23','Бокс -- Александр',2,'[{\"changed\": {\"fields\": [\"date\"]}}]',29,1),(2472,'2022-04-25 07:41:32.404641','15','Power class -- Юлия П.',2,'[{\"changed\": {\"fields\": [\"date\"]}}]',29,1),(2473,'2022-04-25 07:41:32.406740','14','Aero Yoga -- Наталья',2,'[{\"changed\": {\"fields\": [\"date\"]}}]',29,1),(2474,'2022-04-25 07:41:32.408850','138','Power step -- Денис',2,'[{\"changed\": {\"fields\": [\"date\"]}}]',29,1),(2475,'2022-04-25 07:41:32.410946','118','Tabata -- Наталья',2,'[{\"changed\": {\"fields\": [\"date\"]}}]',29,1),(2476,'2022-04-25 07:41:32.413076','117','Хатха Йога (1,5 часа) -- Алексей',2,'[{\"changed\": {\"fields\": [\"date\"]}}]',29,1),(2477,'2022-04-25 07:41:32.415219','114','Functional training -- Денис',2,'[{\"changed\": {\"fields\": [\"date\"]}}]',29,1),(2478,'2022-04-25 07:41:32.417364','72','Здоровая спина+MFR -- Анастасия',2,'[{\"changed\": {\"fields\": [\"date\"]}}]',29,1),(2479,'2022-04-25 07:41:32.419493','67','Круговая тренировка -- Анастасия',2,'[{\"changed\": {\"fields\": [\"date\"]}}]',29,1),(2480,'2022-04-25 07:41:32.421611','59','Pilates -- Наталья',2,'[{\"changed\": {\"fields\": [\"date\"]}}]',29,1),(2481,'2022-04-25 07:41:32.423750','38','Aero Yoga -- Наталья',2,'[{\"changed\": {\"fields\": [\"date\"]}}]',29,1),(2482,'2022-04-25 07:41:32.425866','139','Круговая тренировка -- Юлия П.',2,'[{\"changed\": {\"fields\": [\"date\"]}}]',29,1),(2483,'2022-04-25 07:41:32.428019','135','ОФП -- Соня',2,'[{\"changed\": {\"fields\": [\"date\"]}}]',29,1),(2484,'2022-04-25 07:41:32.430137','131','Карате -- Илья',2,'[{\"changed\": {\"fields\": [\"date\"]}}]',29,1),(2485,'2022-04-25 07:41:32.432289','125','TRX -- Денис',2,'[{\"changed\": {\"fields\": [\"date\"]}}]',29,1),(2486,'2022-04-25 07:41:32.434419','86','Pilates -- Наталья',2,'[{\"changed\": {\"fields\": [\"date\"]}}]',29,1),(2487,'2022-04-25 07:41:32.436576','77','Бокс -- Александр',2,'[{\"changed\": {\"fields\": [\"date\"]}}]',29,1),(2488,'2022-04-25 07:41:32.438960','76','Lady class -- Галина',2,'[{\"changed\": {\"fields\": [\"date\"]}}]',29,1),(2489,'2022-04-25 07:41:32.441089','75','Stretch -- Галина',2,'[{\"changed\": {\"fields\": [\"date\"]}}]',29,1),(2490,'2022-04-25 07:41:32.443259','74','Yoga -- Юлия П.',2,'[{\"changed\": {\"fields\": [\"date\"]}}]',29,1),(2491,'2022-04-25 07:41:32.445436','73','ABL -- Юлия П.',2,'[{\"changed\": {\"fields\": [\"date\"]}}]',29,1),(2492,'2022-04-25 07:41:32.447509','69','Abs+Stretch -- Диана',2,'[{\"changed\": {\"fields\": [\"date\"]}}]',29,1),(2493,'2022-04-25 07:41:32.449686','68','Interval training (55 мин.) -- Диана',2,'[{\"changed\": {\"fields\": [\"date\"]}}]',29,1),(2494,'2022-04-25 07:41:32.451789','60','Aero Yoga -- Наталья',2,'[{\"changed\": {\"fields\": [\"date\"]}}]',29,1),(2495,'2022-04-25 07:41:32.453921','133','Рукопашный бой -- Роман',2,'[{\"changed\": {\"fields\": [\"date\"]}}]',29,1),(2496,'2022-04-25 07:41:32.456118','93','Power class -- Денис',2,'[{\"changed\": {\"fields\": [\"date\"]}}]',29,1),(2497,'2022-04-25 07:41:32.458189','92','Tabata -- Денис',2,'[{\"changed\": {\"fields\": [\"date\"]}}]',29,1),(2498,'2022-04-25 07:41:32.460266','89','Stretch -- Наталья',2,'[{\"changed\": {\"fields\": [\"date\"]}}]',29,1),(2499,'2022-04-25 07:41:32.462324','85','Functional training -- Наталья',2,'[{\"changed\": {\"fields\": [\"date\"]}}]',29,1),(2500,'2022-04-25 07:41:32.464376','83','MFR+Stretch -- Денис',2,'[{\"changed\": {\"fields\": [\"date\"]}}]',29,1),(2501,'2022-04-25 07:41:32.466467','82','Хатха Йога (1,5 часа) -- Алексей',2,'[{\"changed\": {\"fields\": [\"date\"]}}]',29,1),(2502,'2022-04-25 07:41:32.468545','81','Zumba -- Юлия Г.',2,'[{\"changed\": {\"fields\": [\"date\"]}}]',29,1),(2503,'2022-04-25 07:41:32.470591','78','Aero Yoga -- Наталья',2,'[{\"changed\": {\"fields\": [\"date\"]}}]',29,1),(2504,'2022-04-25 07:41:32.472661','136','ОФП -- Соня',2,'[{\"changed\": {\"fields\": [\"date\"]}}]',29,1),(2505,'2022-04-25 07:41:32.474795','132','Карате -- Илья',2,'[{\"changed\": {\"fields\": [\"date\"]}}]',29,1),(2506,'2022-04-25 07:41:32.476917','127','TRX -- Денис',2,'[{\"changed\": {\"fields\": [\"date\"]}}]',29,1),(2507,'2022-04-25 07:41:32.479073','100','Yoga -- Наталья',2,'[{\"changed\": {\"fields\": [\"date\"]}}]',29,1),(2508,'2022-04-25 07:41:32.481295','99','ABL -- Юлия Г.',2,'[{\"changed\": {\"fields\": [\"date\"]}}]',29,1),(2509,'2022-04-25 07:41:32.483409','98','Stretch -- Галина',2,'[{\"changed\": {\"fields\": [\"date\"]}}]',29,1),(2510,'2022-04-25 07:41:32.485462','97','Бокс -- Александр',2,'[{\"changed\": {\"fields\": [\"date\"]}}]',29,1),(2511,'2022-04-25 07:41:32.487537','94','Dance Mix -- Галина',2,'[{\"changed\": {\"fields\": [\"date\"]}}]',29,1),(2512,'2022-04-25 07:41:32.489605','91','Pilates -- Юлия Г.',2,'[{\"changed\": {\"fields\": [\"date\"]}}]',29,1),(2513,'2022-04-25 07:41:32.491773','90','Круговая тренировка -- Юлия Г.',2,'[{\"changed\": {\"fields\": [\"date\"]}}]',29,1),(2514,'2022-04-25 07:41:32.493999','84','Power class -- Наталья',2,'[{\"changed\": {\"fields\": [\"date\"]}}]',29,1),(2515,'2022-04-25 07:41:32.496124','140','Рукопашный бой -- Михаил',2,'[{\"changed\": {\"fields\": [\"date\"]}}]',29,1),(2516,'2022-04-25 07:41:32.498217','121','Mobility -- Анастасия',2,'[{\"changed\": {\"fields\": [\"date\"]}}]',29,1),(2517,'2022-04-25 07:41:32.500312','119','MFR+Stretch -- Денис',2,'[{\"changed\": {\"fields\": [\"date\"]}}]',29,1),(2518,'2022-04-25 07:41:32.502460','111','Tabata -- Денис',2,'[{\"changed\": {\"fields\": [\"date\"]}}]',29,1),(2519,'2022-04-25 07:41:32.504537','101','Хатха Йога (1,5 часа) -- Алексей',2,'[{\"changed\": {\"fields\": [\"date\"]}}]',29,1),(2520,'2022-04-25 07:41:32.506612','129','ABL -- Юлия Г.',2,'[{\"changed\": {\"fields\": [\"date\"]}}]',29,1),(2521,'2022-04-25 07:41:32.508693','124','Stretch -- Наталья',2,'[{\"changed\": {\"fields\": [\"date\"]}}]',29,1),(2522,'2022-04-25 07:41:32.510799','123','Zumba -- Юлия Г.',2,'[{\"changed\": {\"fields\": [\"date\"]}}]',29,1),(2523,'2022-04-25 07:41:32.512879','122','Круговая тренировка -- Анастасия',2,'[{\"changed\": {\"fields\": [\"date\"]}}]',29,1),(2524,'2022-04-25 07:41:32.514968','120','Aero Yoga -- Роман',2,'[{\"changed\": {\"fields\": [\"date\"]}}]',29,1),(2525,'2022-05-02 09:59:26.210871','137','Power class -- Юлия П.',2,'[{\"changed\": {\"fields\": [\"date\"]}}]',29,1),(2526,'2022-05-02 09:59:26.215662','134','ОФП -- Соня',2,'[{\"changed\": {\"fields\": [\"date\"]}}]',29,1),(2527,'2022-05-02 09:59:26.217912','130','Карате -- Илья',2,'[{\"changed\": {\"fields\": [\"date\"]}}]',29,1),(2528,'2022-05-02 09:59:26.220177','128','Yoga -- Юлия П.',2,'[{\"changed\": {\"fields\": [\"date\"]}}]',29,1),(2529,'2022-05-02 09:59:26.222355','66','Stretch -- Галина',2,'[{\"changed\": {\"fields\": [\"date\"]}}]',29,1),(2530,'2022-05-02 09:59:26.224530','65','Круговая тренировка -- Юлия П.',2,'[{\"changed\": {\"fields\": [\"date\"]}}]',29,1),(2531,'2022-05-02 09:59:26.226757','64','Power Yoga -- Наталья',2,'[{\"changed\": {\"fields\": [\"date\"]}}]',29,1),(2532,'2022-05-02 09:59:26.228918','32','Yoga -- Юлия Г.',2,'[{\"changed\": {\"fields\": [\"date\"]}}]',29,1),(2533,'2022-05-02 09:59:26.231082','25','Танец живота -- Галина',2,'[{\"changed\": {\"fields\": [\"date\"]}}]',29,1),(2534,'2022-05-02 09:59:26.233277','23','Бокс -- Александр',2,'[{\"changed\": {\"fields\": [\"date\"]}}]',29,1),(2535,'2022-05-02 09:59:26.235459','15','Power class -- Юлия П.',2,'[{\"changed\": {\"fields\": [\"date\"]}}]',29,1),(2536,'2022-05-02 09:59:26.237658','14','Aero Yoga -- Наталья',2,'[{\"changed\": {\"fields\": [\"date\"]}}]',29,1),(2537,'2022-05-02 09:59:26.239825','138','Power step -- Денис',2,'[{\"changed\": {\"fields\": [\"date\"]}}]',29,1),(2538,'2022-05-02 09:59:26.241994','118','Tabata -- Наталья',2,'[{\"changed\": {\"fields\": [\"date\"]}}]',29,1),(2539,'2022-05-02 09:59:26.244207','117','Хатха Йога (1,5 часа) -- Алексей',2,'[{\"changed\": {\"fields\": [\"date\"]}}]',29,1),(2540,'2022-05-02 09:59:26.246371','114','Functional training -- Денис',2,'[{\"changed\": {\"fields\": [\"date\"]}}]',29,1),(2541,'2022-05-02 09:59:26.248554','72','Здоровая спина+MFR -- Анастасия',2,'[{\"changed\": {\"fields\": [\"date\"]}}]',29,1),(2542,'2022-05-02 09:59:26.250807','67','Круговая тренировка -- Анастасия',2,'[{\"changed\": {\"fields\": [\"date\"]}}]',29,1),(2543,'2022-05-02 09:59:26.252984','59','Pilates -- Наталья',2,'[{\"changed\": {\"fields\": [\"date\"]}}]',29,1),(2544,'2022-05-02 09:59:26.255166','38','Aero Yoga -- Наталья',2,'[{\"changed\": {\"fields\": [\"date\"]}}]',29,1),(2545,'2022-05-02 09:59:26.257355','139','Круговая тренировка -- Юлия П.',2,'[{\"changed\": {\"fields\": [\"date\"]}}]',29,1),(2546,'2022-05-02 09:59:26.259559','135','ОФП -- Соня',2,'[{\"changed\": {\"fields\": [\"date\"]}}]',29,1),(2547,'2022-05-02 09:59:26.261824','131','Карате -- Илья',2,'[{\"changed\": {\"fields\": [\"date\"]}}]',29,1),(2548,'2022-05-02 09:59:26.264063','125','TRX -- Денис',2,'[{\"changed\": {\"fields\": [\"date\"]}}]',29,1),(2549,'2022-05-02 09:59:26.266308','86','Pilates -- Наталья',2,'[{\"changed\": {\"fields\": [\"date\"]}}]',29,1),(2550,'2022-05-02 09:59:26.269000','77','Бокс -- Александр',2,'[{\"changed\": {\"fields\": [\"date\"]}}]',29,1),(2551,'2022-05-02 09:59:26.271583','76','Lady class -- Галина',2,'[{\"changed\": {\"fields\": [\"date\"]}}]',29,1),(2552,'2022-05-02 09:59:26.274030','75','Stretch -- Галина',2,'[{\"changed\": {\"fields\": [\"date\"]}}]',29,1),(2553,'2022-05-02 09:59:26.276318','74','Yoga -- Юлия П.',2,'[{\"changed\": {\"fields\": [\"date\"]}}]',29,1),(2554,'2022-05-02 09:59:26.278595','73','ABL -- Юлия П.',2,'[{\"changed\": {\"fields\": [\"date\"]}}]',29,1),(2555,'2022-05-02 09:59:26.280867','69','Abs+Stretch -- Диана',2,'[{\"changed\": {\"fields\": [\"date\"]}}]',29,1),(2556,'2022-05-02 09:59:26.283172','68','Interval training (55 мин.) -- Диана',2,'[{\"changed\": {\"fields\": [\"date\"]}}]',29,1),(2557,'2022-05-02 09:59:26.285548','60','Aero Yoga -- Наталья',2,'[{\"changed\": {\"fields\": [\"date\"]}}]',29,1),(2558,'2022-05-02 09:59:26.287916','133','Рукопашный бой -- Роман',2,'[{\"changed\": {\"fields\": [\"date\"]}}]',29,1),(2559,'2022-05-02 09:59:26.290202','93','Power class -- Денис',2,'[{\"changed\": {\"fields\": [\"date\"]}}]',29,1),(2560,'2022-05-02 09:59:26.293510','92','Tabata -- Денис',2,'[{\"changed\": {\"fields\": [\"date\"]}}]',29,1),(2561,'2022-05-02 09:59:26.295904','89','Stretch -- Наталья',2,'[{\"changed\": {\"fields\": [\"date\"]}}]',29,1),(2562,'2022-05-02 09:59:26.298173','85','Functional training -- Наталья',2,'[{\"changed\": {\"fields\": [\"date\"]}}]',29,1),(2563,'2022-05-02 09:59:26.300459','83','MFR+Stretch -- Денис',2,'[{\"changed\": {\"fields\": [\"date\"]}}]',29,1),(2564,'2022-05-02 09:59:26.302793','82','Хатха Йога (1,5 часа) -- Алексей',2,'[{\"changed\": {\"fields\": [\"date\"]}}]',29,1),(2565,'2022-05-02 09:59:26.305107','81','Zumba -- Юлия Г.',2,'[{\"changed\": {\"fields\": [\"date\"]}}]',29,1),(2566,'2022-05-02 09:59:26.307385','78','Aero Yoga -- Наталья',2,'[{\"changed\": {\"fields\": [\"date\"]}}]',29,1),(2567,'2022-05-02 09:59:26.309721','136','ОФП -- Соня',2,'[{\"changed\": {\"fields\": [\"date\"]}}]',29,1),(2568,'2022-05-02 09:59:26.312012','132','Карате -- Илья',2,'[{\"changed\": {\"fields\": [\"date\"]}}]',29,1),(2569,'2022-05-02 09:59:26.314303','127','TRX -- Денис',2,'[{\"changed\": {\"fields\": [\"date\"]}}]',29,1),(2570,'2022-05-02 09:59:26.316614','100','Yoga -- Наталья',2,'[{\"changed\": {\"fields\": [\"date\"]}}]',29,1),(2571,'2022-05-02 09:59:26.318942','99','ABL -- Юлия Г.',2,'[{\"changed\": {\"fields\": [\"date\"]}}]',29,1),(2572,'2022-05-02 09:59:26.321251','98','Stretch -- Галина',2,'[{\"changed\": {\"fields\": [\"date\"]}}]',29,1),(2573,'2022-05-02 09:59:26.323556','97','Бокс -- Александр',2,'[{\"changed\": {\"fields\": [\"date\"]}}]',29,1),(2574,'2022-05-02 09:59:26.325896','94','Dance Mix -- Галина',2,'[{\"changed\": {\"fields\": [\"date\"]}}]',29,1),(2575,'2022-05-02 09:59:26.328215','91','Pilates -- Юлия Г.',2,'[{\"changed\": {\"fields\": [\"date\"]}}]',29,1),(2576,'2022-05-02 09:59:26.330522','90','Круговая тренировка -- Юлия Г.',2,'[{\"changed\": {\"fields\": [\"date\"]}}]',29,1),(2577,'2022-05-02 09:59:26.332854','84','Power class -- Наталья',2,'[{\"changed\": {\"fields\": [\"date\"]}}]',29,1),(2578,'2022-05-02 09:59:26.335181','140','Рукопашный бой -- Михаил',2,'[{\"changed\": {\"fields\": [\"date\"]}}]',29,1),(2579,'2022-05-02 09:59:26.337521','121','Mobility -- Анастасия',2,'[{\"changed\": {\"fields\": [\"date\"]}}]',29,1),(2580,'2022-05-02 09:59:26.339865','119','MFR+Stretch -- Денис',2,'[{\"changed\": {\"fields\": [\"date\"]}}]',29,1),(2581,'2022-05-02 09:59:26.342197','111','Tabata -- Денис',2,'[{\"changed\": {\"fields\": [\"date\"]}}]',29,1),(2582,'2022-05-02 09:59:26.344542','101','Хатха Йога (1,5 часа) -- Алексей',2,'[{\"changed\": {\"fields\": [\"date\"]}}]',29,1),(2583,'2022-05-02 09:59:26.346908','129','ABL -- Юлия Г.',2,'[{\"changed\": {\"fields\": [\"date\"]}}]',29,1),(2584,'2022-05-02 09:59:26.349261','124','Stretch -- Наталья',2,'[{\"changed\": {\"fields\": [\"date\"]}}]',29,1),(2585,'2022-05-02 09:59:26.351639','123','Zumba -- Юлия Г.',2,'[{\"changed\": {\"fields\": [\"date\"]}}]',29,1),(2586,'2022-05-02 09:59:26.353998','122','Круговая тренировка -- Анастасия',2,'[{\"changed\": {\"fields\": [\"date\"]}}]',29,1),(2587,'2022-05-02 09:59:26.356359','120','Aero Yoga -- Роман',2,'[{\"changed\": {\"fields\": [\"date\"]}}]',29,1),(2588,'2022-05-09 10:13:53.794244','137','Power class -- Юлия П.',2,'[{\"changed\": {\"fields\": [\"date\"]}}]',29,1),(2589,'2022-05-09 10:13:53.797312','134','ОФП -- Соня',2,'[{\"changed\": {\"fields\": [\"date\"]}}]',29,1),(2590,'2022-05-09 10:13:53.799433','130','Карате -- Илья',2,'[{\"changed\": {\"fields\": [\"date\"]}}]',29,1),(2591,'2022-05-09 10:13:53.801549','128','Yoga -- Юлия П.',2,'[{\"changed\": {\"fields\": [\"date\"]}}]',29,1),(2592,'2022-05-09 10:13:53.803664','66','Stretch -- Галина',2,'[{\"changed\": {\"fields\": [\"date\"]}}]',29,1),(2593,'2022-05-09 10:13:53.805779','65','Круговая тренировка -- Юлия П.',2,'[{\"changed\": {\"fields\": [\"date\"]}}]',29,1),(2594,'2022-05-09 10:13:53.809843','64','Power Yoga -- Наталья',2,'[{\"changed\": {\"fields\": [\"date\"]}}]',29,1),(2595,'2022-05-09 10:13:53.811954','32','Yoga -- Юлия Г.',2,'[{\"changed\": {\"fields\": [\"date\"]}}]',29,1),(2596,'2022-05-09 10:13:53.814048','25','Танец живота -- Галина',2,'[{\"changed\": {\"fields\": [\"date\"]}}]',29,1),(2597,'2022-05-09 10:13:53.816165','23','Бокс -- Александр',2,'[{\"changed\": {\"fields\": [\"date\"]}}]',29,1),(2598,'2022-05-09 10:13:53.818276','15','Power class -- Юлия П.',2,'[{\"changed\": {\"fields\": [\"date\"]}}]',29,1),(2599,'2022-05-09 10:13:53.820388','14','Aero Yoga -- Наталья',2,'[{\"changed\": {\"fields\": [\"date\"]}}]',29,1),(2600,'2022-05-09 10:13:53.822499','138','Power step -- Денис',2,'[{\"changed\": {\"fields\": [\"date\"]}}]',29,1),(2601,'2022-05-09 10:13:53.824619','118','Tabata -- Наталья',2,'[{\"changed\": {\"fields\": [\"date\"]}}]',29,1),(2602,'2022-05-09 10:13:53.826737','117','Хатха Йога (1,5 часа) -- Алексей',2,'[{\"changed\": {\"fields\": [\"date\"]}}]',29,1),(2603,'2022-05-09 10:13:53.828877','114','Functional training -- Денис',2,'[{\"changed\": {\"fields\": [\"date\"]}}]',29,1),(2604,'2022-05-09 10:13:53.830989','72','Здоровая спина+MFR -- Анастасия',2,'[{\"changed\": {\"fields\": [\"date\"]}}]',29,1),(2605,'2022-05-09 10:13:53.833125','67','Круговая тренировка -- Анастасия',2,'[{\"changed\": {\"fields\": [\"date\"]}}]',29,1),(2606,'2022-05-09 10:13:53.835254','59','Pilates -- Наталья',2,'[{\"changed\": {\"fields\": [\"date\"]}}]',29,1),(2607,'2022-05-09 10:13:53.837374','38','Aero Yoga -- Наталья',2,'[{\"changed\": {\"fields\": [\"date\"]}}]',29,1),(2608,'2022-05-09 10:13:53.839492','139','Круговая тренировка -- Юлия П.',2,'[{\"changed\": {\"fields\": [\"date\"]}}]',29,1),(2609,'2022-05-09 10:13:53.841636','135','ОФП -- Соня',2,'[{\"changed\": {\"fields\": [\"date\"]}}]',29,1),(2610,'2022-05-09 10:13:53.843780','131','Карате -- Илья',2,'[{\"changed\": {\"fields\": [\"date\"]}}]',29,1),(2611,'2022-05-09 10:13:53.845922','125','TRX -- Денис',2,'[{\"changed\": {\"fields\": [\"date\"]}}]',29,1),(2612,'2022-05-09 10:13:53.848036','86','Pilates -- Наталья',2,'[{\"changed\": {\"fields\": [\"date\"]}}]',29,1),(2613,'2022-05-09 10:13:53.850169','77','Бокс -- Александр',2,'[{\"changed\": {\"fields\": [\"date\"]}}]',29,1),(2614,'2022-05-09 10:13:53.852322','76','Lady class -- Галина',2,'[{\"changed\": {\"fields\": [\"date\"]}}]',29,1),(2615,'2022-05-09 10:13:53.854454','75','Stretch -- Галина',2,'[{\"changed\": {\"fields\": [\"date\"]}}]',29,1),(2616,'2022-05-09 10:13:53.856667','74','Yoga -- Юлия П.',2,'[{\"changed\": {\"fields\": [\"date\"]}}]',29,1),(2617,'2022-05-09 10:13:53.858809','73','ABL -- Юлия П.',2,'[{\"changed\": {\"fields\": [\"date\"]}}]',29,1),(2618,'2022-05-09 10:13:53.860978','69','Abs+Stretch -- Диана',2,'[{\"changed\": {\"fields\": [\"date\"]}}]',29,1),(2619,'2022-05-09 10:13:53.863121','68','Interval training (55 мин.) -- Диана',2,'[{\"changed\": {\"fields\": [\"date\"]}}]',29,1),(2620,'2022-05-09 10:13:53.865286','60','Aero Yoga -- Наталья',2,'[{\"changed\": {\"fields\": [\"date\"]}}]',29,1),(2621,'2022-05-09 10:13:53.867470','133','Рукопашный бой -- Роман',2,'[{\"changed\": {\"fields\": [\"date\"]}}]',29,1),(2622,'2022-05-09 10:13:53.869682','93','Power class -- Денис',2,'[{\"changed\": {\"fields\": [\"date\"]}}]',29,1),(2623,'2022-05-09 10:13:53.871848','92','Tabata -- Денис',2,'[{\"changed\": {\"fields\": [\"date\"]}}]',29,1),(2624,'2022-05-09 10:13:53.874009','89','Stretch -- Наталья',2,'[{\"changed\": {\"fields\": [\"date\"]}}]',29,1),(2625,'2022-05-09 10:13:53.876196','85','Functional training -- Наталья',2,'[{\"changed\": {\"fields\": [\"date\"]}}]',29,1),(2626,'2022-05-09 10:13:53.878391','83','MFR+Stretch -- Денис',2,'[{\"changed\": {\"fields\": [\"date\"]}}]',29,1),(2627,'2022-05-09 10:13:53.880575','82','Хатха Йога (1,5 часа) -- Алексей',2,'[{\"changed\": {\"fields\": [\"date\"]}}]',29,1),(2628,'2022-05-09 10:13:53.882772','81','Zumba -- Юлия Г.',2,'[{\"changed\": {\"fields\": [\"date\"]}}]',29,1),(2629,'2022-05-09 10:13:53.884956','78','Aero Yoga -- Наталья',2,'[{\"changed\": {\"fields\": [\"date\"]}}]',29,1),(2630,'2022-05-09 10:13:53.887155','136','ОФП -- Соня',2,'[{\"changed\": {\"fields\": [\"date\"]}}]',29,1),(2631,'2022-05-09 10:13:53.889366','132','Карате -- Илья',2,'[{\"changed\": {\"fields\": [\"date\"]}}]',29,1),(2632,'2022-05-09 10:13:53.891629','127','TRX -- Денис',2,'[{\"changed\": {\"fields\": [\"date\"]}}]',29,1),(2633,'2022-05-09 10:13:53.893807','100','Yoga -- Наталья',2,'[{\"changed\": {\"fields\": [\"date\"]}}]',29,1),(2634,'2022-05-09 10:13:53.896000','99','ABL -- Юлия Г.',2,'[{\"changed\": {\"fields\": [\"date\"]}}]',29,1),(2635,'2022-05-09 10:13:53.898173','98','Stretch -- Галина',2,'[{\"changed\": {\"fields\": [\"date\"]}}]',29,1),(2636,'2022-05-09 10:13:53.900397','97','Бокс -- Александр',2,'[{\"changed\": {\"fields\": [\"date\"]}}]',29,1),(2637,'2022-05-09 10:13:53.902491','94','Dance Mix -- Галина',2,'[{\"changed\": {\"fields\": [\"date\"]}}]',29,1),(2638,'2022-05-09 10:13:53.904603','91','Pilates -- Юлия Г.',2,'[{\"changed\": {\"fields\": [\"date\"]}}]',29,1),(2639,'2022-05-09 10:13:53.906745','90','Круговая тренировка -- Юлия Г.',2,'[{\"changed\": {\"fields\": [\"date\"]}}]',29,1),(2640,'2022-05-09 10:13:53.908858','84','Power class -- Наталья',2,'[{\"changed\": {\"fields\": [\"date\"]}}]',29,1),(2641,'2022-05-09 10:13:53.910954','140','Рукопашный бой -- Михаил',2,'[{\"changed\": {\"fields\": [\"date\"]}}]',29,1),(2642,'2022-05-09 10:13:53.913041','121','Mobility -- Анастасия',2,'[{\"changed\": {\"fields\": [\"date\"]}}]',29,1),(2643,'2022-05-09 10:13:53.915132','119','MFR+Stretch -- Денис',2,'[{\"changed\": {\"fields\": [\"date\"]}}]',29,1),(2644,'2022-05-09 10:13:53.917180','111','Tabata -- Денис',2,'[{\"changed\": {\"fields\": [\"date\"]}}]',29,1),(2645,'2022-05-09 10:13:53.919176','101','Хатха Йога (1,5 часа) -- Алексей',2,'[{\"changed\": {\"fields\": [\"date\"]}}]',29,1),(2646,'2022-05-09 10:13:53.921197','129','ABL -- Юлия Г.',2,'[{\"changed\": {\"fields\": [\"date\"]}}]',29,1),(2647,'2022-05-09 10:13:53.923258','124','Stretch -- Наталья',2,'[{\"changed\": {\"fields\": [\"date\"]}}]',29,1),(2648,'2022-05-09 10:13:53.925266','123','Zumba -- Юлия Г.',2,'[{\"changed\": {\"fields\": [\"date\"]}}]',29,1),(2649,'2022-05-09 10:13:53.927251','122','Круговая тренировка -- Анастасия',2,'[{\"changed\": {\"fields\": [\"date\"]}}]',29,1),(2650,'2022-05-09 10:13:53.929215','120','Aero Yoga -- Роман',2,'[{\"changed\": {\"fields\": [\"date\"]}}]',29,1),(2651,'2022-05-12 14:27:56.193834','21','Вместе – выгодно!',1,'[{\"added\": {}}]',21,2),(2652,'2022-05-12 14:28:50.583733','21','Вместе – выгодно!',2,'[{\"changed\": {\"fields\": [\"announcement\", \"body\"]}}]',21,2),(2653,'2022-05-12 14:29:39.765364','21','Вместе – выгодно!',2,'[{\"changed\": {\"fields\": [\"body\"]}}]',21,2),(2654,'2022-05-13 16:38:49.198593','22','Наши скидки такие же жаркие, как и угли в твоем мангале!',1,'[{\"added\": {}}]',21,2),(2655,'2022-05-16 09:47:21.958620','137','Power class -- Юлия П.',2,'[{\"changed\": {\"fields\": [\"date\"]}}]',29,1),(2656,'2022-05-16 09:47:21.961313','134','ОФП -- Соня',2,'[{\"changed\": {\"fields\": [\"date\"]}}]',29,1),(2657,'2022-05-16 09:47:21.963171','130','Карате -- Илья',2,'[{\"changed\": {\"fields\": [\"date\"]}}]',29,1),(2658,'2022-05-16 09:47:21.965089','128','Yoga -- Юлия П.',2,'[{\"changed\": {\"fields\": [\"date\"]}}]',29,1),(2659,'2022-05-16 09:47:21.966898','66','Stretch -- Галина',2,'[{\"changed\": {\"fields\": [\"date\"]}}]',29,1),(2660,'2022-05-16 09:47:21.968737','65','Круговая тренировка -- Юлия П.',2,'[{\"changed\": {\"fields\": [\"date\"]}}]',29,1),(2661,'2022-05-16 09:47:21.970552','64','Power Yoga -- Наталья',2,'[{\"changed\": {\"fields\": [\"date\"]}}]',29,1),(2662,'2022-05-16 09:47:21.972409','32','Yoga -- Юлия Г.',2,'[{\"changed\": {\"fields\": [\"date\"]}}]',29,1),(2663,'2022-05-16 09:47:21.974209','25','Танец живота -- Галина',2,'[{\"changed\": {\"fields\": [\"date\"]}}]',29,1),(2664,'2022-05-16 09:47:21.976027','23','Бокс -- Александр',2,'[{\"changed\": {\"fields\": [\"date\"]}}]',29,1),(2665,'2022-05-16 09:47:21.977904','15','Power class -- Юлия П.',2,'[{\"changed\": {\"fields\": [\"date\"]}}]',29,1),(2666,'2022-05-16 09:47:21.979765','14','Aero Yoga -- Наталья',2,'[{\"changed\": {\"fields\": [\"date\"]}}]',29,1),(2667,'2022-05-16 09:47:21.981583','138','Power step -- Денис',2,'[{\"changed\": {\"fields\": [\"date\"]}}]',29,1),(2668,'2022-05-16 09:47:21.983342','118','Tabata -- Наталья',2,'[{\"changed\": {\"fields\": [\"date\"]}}]',29,1),(2669,'2022-05-16 09:47:21.985082','117','Хатха Йога (1,5 часа) -- Алексей',2,'[{\"changed\": {\"fields\": [\"date\"]}}]',29,1),(2670,'2022-05-16 09:47:21.986852','114','Functional training -- Денис',2,'[{\"changed\": {\"fields\": [\"date\"]}}]',29,1),(2671,'2022-05-16 09:47:21.988641','72','Здоровая спина+MFR -- Анастасия',2,'[{\"changed\": {\"fields\": [\"date\"]}}]',29,1),(2672,'2022-05-16 09:47:21.990502','67','Круговая тренировка -- Анастасия',2,'[{\"changed\": {\"fields\": [\"date\"]}}]',29,1),(2673,'2022-05-16 09:47:21.992282','59','Pilates -- Наталья',2,'[{\"changed\": {\"fields\": [\"date\"]}}]',29,1),(2674,'2022-05-16 09:47:21.994033','38','Aero Yoga -- Наталья',2,'[{\"changed\": {\"fields\": [\"date\"]}}]',29,1),(2675,'2022-05-16 09:47:21.995788','139','Круговая тренировка -- Юлия П.',2,'[{\"changed\": {\"fields\": [\"date\"]}}]',29,1),(2676,'2022-05-16 09:47:21.997566','135','ОФП -- Соня',2,'[{\"changed\": {\"fields\": [\"date\"]}}]',29,1),(2677,'2022-05-16 09:47:21.999302','131','Карате -- Илья',2,'[{\"changed\": {\"fields\": [\"date\"]}}]',29,1),(2678,'2022-05-16 09:47:22.001086','125','TRX -- Денис',2,'[{\"changed\": {\"fields\": [\"date\"]}}]',29,1),(2679,'2022-05-16 09:47:22.002880','86','Pilates -- Наталья',2,'[{\"changed\": {\"fields\": [\"date\"]}}]',29,1),(2680,'2022-05-16 09:47:22.004604','77','Бокс -- Александр',2,'[{\"changed\": {\"fields\": [\"date\"]}}]',29,1),(2681,'2022-05-16 09:47:22.006341','76','Lady class -- Галина',2,'[{\"changed\": {\"fields\": [\"date\"]}}]',29,1),(2682,'2022-05-16 09:47:22.008070','75','Stretch -- Галина',2,'[{\"changed\": {\"fields\": [\"date\"]}}]',29,1),(2683,'2022-05-16 09:47:22.009802','74','Yoga -- Юлия П.',2,'[{\"changed\": {\"fields\": [\"date\"]}}]',29,1),(2684,'2022-05-16 09:47:22.011589','73','ABL -- Юлия П.',2,'[{\"changed\": {\"fields\": [\"date\"]}}]',29,1),(2685,'2022-05-16 09:47:22.013343','69','Abs+Stretch -- Диана',2,'[{\"changed\": {\"fields\": [\"date\"]}}]',29,1),(2686,'2022-05-16 09:47:22.015099','68','Interval training (55 мин.) -- Диана',2,'[{\"changed\": {\"fields\": [\"date\"]}}]',29,1),(2687,'2022-05-16 09:47:22.016821','60','Aero Yoga -- Наталья',2,'[{\"changed\": {\"fields\": [\"date\"]}}]',29,1),(2688,'2022-05-16 09:47:22.018600','133','Рукопашный бой -- Роман',2,'[{\"changed\": {\"fields\": [\"date\"]}}]',29,1),(2689,'2022-05-16 09:47:22.020409','93','Power class -- Денис',2,'[{\"changed\": {\"fields\": [\"date\"]}}]',29,1),(2690,'2022-05-16 09:47:22.022225','92','Tabata -- Денис',2,'[{\"changed\": {\"fields\": [\"date\"]}}]',29,1),(2691,'2022-05-16 09:47:22.024084','89','Stretch -- Наталья',2,'[{\"changed\": {\"fields\": [\"date\"]}}]',29,1),(2692,'2022-05-16 09:47:22.025900','85','Functional training -- Наталья',2,'[{\"changed\": {\"fields\": [\"date\"]}}]',29,1),(2693,'2022-05-16 09:47:22.027789','83','MFR+Stretch -- Денис',2,'[{\"changed\": {\"fields\": [\"date\"]}}]',29,1),(2694,'2022-05-16 09:47:22.030486','82','Хатха Йога (1,5 часа) -- Алексей',2,'[{\"changed\": {\"fields\": [\"date\"]}}]',29,1),(2695,'2022-05-16 09:47:22.032329','81','Zumba -- Юлия Г.',2,'[{\"changed\": {\"fields\": [\"date\"]}}]',29,1),(2696,'2022-05-16 09:47:22.034346','78','Aero Yoga -- Наталья',2,'[{\"changed\": {\"fields\": [\"date\"]}}]',29,1),(2697,'2022-05-16 09:47:22.036215','136','ОФП -- Соня',2,'[{\"changed\": {\"fields\": [\"date\"]}}]',29,1),(2698,'2022-05-16 09:47:22.038046','132','Карате -- Илья',2,'[{\"changed\": {\"fields\": [\"date\"]}}]',29,1),(2699,'2022-05-16 09:47:22.039861','127','TRX -- Денис',2,'[{\"changed\": {\"fields\": [\"date\"]}}]',29,1),(2700,'2022-05-16 09:47:22.041698','100','Yoga -- Наталья',2,'[{\"changed\": {\"fields\": [\"date\"]}}]',29,1),(2701,'2022-05-16 09:47:22.043534','99','ABL -- Юлия Г.',2,'[{\"changed\": {\"fields\": [\"date\"]}}]',29,1),(2702,'2022-05-16 09:47:22.045362','98','Stretch -- Галина',2,'[{\"changed\": {\"fields\": [\"date\"]}}]',29,1),(2703,'2022-05-16 09:47:22.047198','97','Бокс -- Александр',2,'[{\"changed\": {\"fields\": [\"date\"]}}]',29,1),(2704,'2022-05-16 09:47:22.049025','94','Dance Mix -- Галина',2,'[{\"changed\": {\"fields\": [\"date\"]}}]',29,1),(2705,'2022-05-16 09:47:22.050862','91','Pilates -- Юлия Г.',2,'[{\"changed\": {\"fields\": [\"date\"]}}]',29,1),(2706,'2022-05-16 09:47:22.052694','90','Круговая тренировка -- Юлия Г.',2,'[{\"changed\": {\"fields\": [\"date\"]}}]',29,1),(2707,'2022-05-16 09:47:22.054586','84','Power class -- Наталья',2,'[{\"changed\": {\"fields\": [\"date\"]}}]',29,1),(2708,'2022-05-16 09:47:22.056418','140','Рукопашный бой -- Михаил',2,'[{\"changed\": {\"fields\": [\"date\"]}}]',29,1),(2709,'2022-05-16 09:47:22.058259','121','Mobility -- Анастасия',2,'[{\"changed\": {\"fields\": [\"date\"]}}]',29,1),(2710,'2022-05-16 09:47:22.060085','119','MFR+Stretch -- Денис',2,'[{\"changed\": {\"fields\": [\"date\"]}}]',29,1),(2711,'2022-05-16 09:47:22.061929','111','Tabata -- Денис',2,'[{\"changed\": {\"fields\": [\"date\"]}}]',29,1),(2712,'2022-05-16 09:47:22.063770','101','Хатха Йога (1,5 часа) -- Алексей',2,'[{\"changed\": {\"fields\": [\"date\"]}}]',29,1),(2713,'2022-05-16 09:47:22.065604','129','ABL -- Юлия Г.',2,'[{\"changed\": {\"fields\": [\"date\"]}}]',29,1),(2714,'2022-05-16 09:47:22.067427','124','Stretch -- Наталья',2,'[{\"changed\": {\"fields\": [\"date\"]}}]',29,1),(2715,'2022-05-16 09:47:22.069289','123','Zumba -- Юлия Г.',2,'[{\"changed\": {\"fields\": [\"date\"]}}]',29,1),(2716,'2022-05-16 09:47:22.071110','122','Круговая тренировка -- Анастасия',2,'[{\"changed\": {\"fields\": [\"date\"]}}]',29,1),(2717,'2022-05-16 09:47:22.072992','120','Aero Yoga -- Роман',2,'[{\"changed\": {\"fields\": [\"date\"]}}]',29,1),(2718,'2022-05-16 18:01:47.183355','60','Aero Yoga -- Наталья',3,'',29,2),(2719,'2022-05-16 18:02:44.332387','68','Interval training (55 мин.) -- Диана',2,'[{\"changed\": {\"fields\": [\"hall\"]}}]',29,2),(2720,'2022-05-16 18:02:44.336170','85','Functional training -- Денис',2,'[{\"changed\": {\"fields\": [\"instructor\"]}}]',29,2),(2721,'2022-05-16 18:03:49.735895','64','Power Yoga -- Наталья',3,'',29,2),(2722,'2022-05-16 18:05:41.726382','121','Mobility -- Анастасия',3,'',29,2),(2723,'2022-05-16 18:07:04.308051','141','Aero Yoga -- Наталья',1,'[{\"added\": {}}]',29,2),(2724,'2022-05-16 18:08:34.959417','124','Stretch -- Анастасия',2,'[{\"changed\": {\"fields\": [\"instructor\"]}}]',29,2),(2725,'2022-05-16 18:09:39.173649','133','Рукопашный бой -- Роман',2,'[{\"changed\": {\"fields\": [\"date\"]}}]',29,2),(2726,'2022-05-16 18:11:50.763332','16','Ирина',1,'[{\"added\": {}}]',27,2),(2727,'2022-05-16 18:12:24.204435','78','Aero Yoga -- Ирина',2,'[{\"changed\": {\"fields\": [\"instructor\"]}}]',29,2),(2728,'2022-05-16 18:14:29.935100','23','Бокс -- Александр',3,'',29,2),(2729,'2022-05-16 18:14:33.319676','77','Бокс -- Александр',3,'',29,2),(2730,'2022-05-16 18:14:37.255008','97','Бокс -- Александр',3,'',29,2),(2731,'2022-05-23 08:10:13.923639','137','Power class -- Юлия П.',2,'[{\"changed\": {\"fields\": [\"date\"]}}]',29,1),(2732,'2022-05-23 08:10:13.934161','134','ОФП -- Соня',2,'[{\"changed\": {\"fields\": [\"date\"]}}]',29,1),(2733,'2022-05-23 08:10:13.936011','130','Карате -- Илья',2,'[{\"changed\": {\"fields\": [\"date\"]}}]',29,1),(2734,'2022-05-23 08:10:13.938044','128','Yoga -- Юлия П.',2,'[{\"changed\": {\"fields\": [\"date\"]}}]',29,1),(2735,'2022-05-23 08:10:13.939990','66','Stretch -- Галина',2,'[{\"changed\": {\"fields\": [\"date\"]}}]',29,1),(2736,'2022-05-23 08:10:13.941855','65','Круговая тренировка -- Юлия П.',2,'[{\"changed\": {\"fields\": [\"date\"]}}]',29,1),(2737,'2022-05-23 08:10:13.943712','32','Yoga -- Юлия Г.',2,'[{\"changed\": {\"fields\": [\"date\"]}}]',29,1),(2738,'2022-05-23 08:10:13.945537','25','Танец живота -- Галина',2,'[{\"changed\": {\"fields\": [\"date\"]}}]',29,1),(2739,'2022-05-23 08:10:13.947437','15','Power class -- Юлия П.',2,'[{\"changed\": {\"fields\": [\"date\"]}}]',29,1),(2740,'2022-05-23 08:10:13.949347','14','Aero Yoga -- Наталья',2,'[{\"changed\": {\"fields\": [\"date\"]}}]',29,1),(2741,'2022-05-23 08:10:13.951147','138','Power step -- Денис',2,'[{\"changed\": {\"fields\": [\"date\"]}}]',29,1),(2742,'2022-05-23 08:10:13.952935','133','Рукопашный бой -- Роман',2,'[{\"changed\": {\"fields\": [\"date\"]}}]',29,1),(2743,'2022-05-23 08:10:13.955171','118','Tabata -- Наталья',2,'[{\"changed\": {\"fields\": [\"date\"]}}]',29,1),(2744,'2022-05-23 08:10:13.957034','117','Хатха Йога (1,5 часа) -- Алексей',2,'[{\"changed\": {\"fields\": [\"date\"]}}]',29,1),(2745,'2022-05-23 08:10:13.958961','114','Functional training -- Денис',2,'[{\"changed\": {\"fields\": [\"date\"]}}]',29,1),(2746,'2022-05-23 08:10:13.960856','72','Здоровая спина+MFR -- Анастасия',2,'[{\"changed\": {\"fields\": [\"date\"]}}]',29,1),(2747,'2022-05-23 08:10:13.962728','67','Круговая тренировка -- Анастасия',2,'[{\"changed\": {\"fields\": [\"date\"]}}]',29,1),(2748,'2022-05-23 08:10:13.964651','59','Pilates -- Наталья',2,'[{\"changed\": {\"fields\": [\"date\"]}}]',29,1),(2749,'2022-05-23 08:10:13.966507','38','Aero Yoga -- Наталья',2,'[{\"changed\": {\"fields\": [\"date\"]}}]',29,1),(2750,'2022-05-23 08:10:13.968451','139','Круговая тренировка -- Юлия П.',2,'[{\"changed\": {\"fields\": [\"date\"]}}]',29,1),(2751,'2022-05-23 08:10:13.970228','135','ОФП -- Соня',2,'[{\"changed\": {\"fields\": [\"date\"]}}]',29,1),(2752,'2022-05-23 08:10:13.972033','131','Карате -- Илья',2,'[{\"changed\": {\"fields\": [\"date\"]}}]',29,1),(2753,'2022-05-23 08:10:13.973771','125','TRX -- Денис',2,'[{\"changed\": {\"fields\": [\"date\"]}}]',29,1),(2754,'2022-05-23 08:10:13.975615','86','Pilates -- Наталья',2,'[{\"changed\": {\"fields\": [\"date\"]}}]',29,1),(2755,'2022-05-23 08:10:13.977430','76','Lady class -- Галина',2,'[{\"changed\": {\"fields\": [\"date\"]}}]',29,1),(2756,'2022-05-23 08:10:13.979287','75','Stretch -- Галина',2,'[{\"changed\": {\"fields\": [\"date\"]}}]',29,1),(2757,'2022-05-23 08:10:13.981193','74','Yoga -- Юлия П.',2,'[{\"changed\": {\"fields\": [\"date\"]}}]',29,1),(2758,'2022-05-23 08:10:13.983052','73','ABL -- Юлия П.',2,'[{\"changed\": {\"fields\": [\"date\"]}}]',29,1),(2759,'2022-05-23 08:10:13.984906','69','Abs+Stretch -- Диана',2,'[{\"changed\": {\"fields\": [\"date\"]}}]',29,1),(2760,'2022-05-23 08:10:13.986804','68','Interval training (55 мин.) -- Диана',2,'[{\"changed\": {\"fields\": [\"date\"]}}]',29,1),(2761,'2022-05-23 08:10:13.988733','93','Power class -- Денис',2,'[{\"changed\": {\"fields\": [\"date\"]}}]',29,1),(2762,'2022-05-23 08:10:13.990598','92','Tabata -- Денис',2,'[{\"changed\": {\"fields\": [\"date\"]}}]',29,1),(2763,'2022-05-23 08:10:13.992492','89','Stretch -- Наталья',2,'[{\"changed\": {\"fields\": [\"date\"]}}]',29,1),(2764,'2022-05-23 08:10:13.994411','85','Functional training -- Денис',2,'[{\"changed\": {\"fields\": [\"date\"]}}]',29,1),(2765,'2022-05-23 08:10:13.996338','83','MFR+Stretch -- Денис',2,'[{\"changed\": {\"fields\": [\"date\"]}}]',29,1),(2766,'2022-05-23 08:10:13.998322','82','Хатха Йога (1,5 часа) -- Алексей',2,'[{\"changed\": {\"fields\": [\"date\"]}}]',29,1),(2767,'2022-05-23 08:10:14.000296','81','Zumba -- Юлия Г.',2,'[{\"changed\": {\"fields\": [\"date\"]}}]',29,1),(2768,'2022-05-23 08:10:14.002142','78','Aero Yoga -- Ирина',2,'[{\"changed\": {\"fields\": [\"date\"]}}]',29,1),(2769,'2022-05-23 08:10:14.003967','141','Aero Yoga -- Наталья',2,'[{\"changed\": {\"fields\": [\"date\"]}}]',29,1),(2770,'2022-05-23 08:10:14.005848','136','ОФП -- Соня',2,'[{\"changed\": {\"fields\": [\"date\"]}}]',29,1),(2771,'2022-05-23 08:10:14.007974','132','Карате -- Илья',2,'[{\"changed\": {\"fields\": [\"date\"]}}]',29,1),(2772,'2022-05-23 08:10:14.010161','127','TRX -- Денис',2,'[{\"changed\": {\"fields\": [\"date\"]}}]',29,1),(2773,'2022-05-23 08:10:14.012088','100','Yoga -- Наталья',2,'[{\"changed\": {\"fields\": [\"date\"]}}]',29,1),(2774,'2022-05-23 08:10:14.014084','99','ABL -- Юлия Г.',2,'[{\"changed\": {\"fields\": [\"date\"]}}]',29,1),(2775,'2022-05-23 08:10:14.015913','98','Stretch -- Галина',2,'[{\"changed\": {\"fields\": [\"date\"]}}]',29,1),(2776,'2022-05-23 08:10:14.017770','94','Dance Mix -- Галина',2,'[{\"changed\": {\"fields\": [\"date\"]}}]',29,1),(2777,'2022-05-23 08:10:14.019610','91','Pilates -- Юлия Г.',2,'[{\"changed\": {\"fields\": [\"date\"]}}]',29,1),(2778,'2022-05-23 08:10:14.021465','90','Круговая тренировка -- Юлия Г.',2,'[{\"changed\": {\"fields\": [\"date\"]}}]',29,1),(2779,'2022-05-23 08:10:14.023452','84','Power class -- Наталья',2,'[{\"changed\": {\"fields\": [\"date\"]}}]',29,1),(2780,'2022-05-23 08:10:14.025445','140','Рукопашный бой -- Михаил',2,'[{\"changed\": {\"fields\": [\"date\"]}}]',29,1),(2781,'2022-05-23 08:10:14.027352','119','MFR+Stretch -- Денис',2,'[{\"changed\": {\"fields\": [\"date\"]}}]',29,1),(2782,'2022-05-23 08:10:14.029279','111','Tabata -- Денис',2,'[{\"changed\": {\"fields\": [\"date\"]}}]',29,1),(2783,'2022-05-23 08:10:14.031224','101','Хатха Йога (1,5 часа) -- Алексей',2,'[{\"changed\": {\"fields\": [\"date\"]}}]',29,1),(2784,'2022-05-23 08:10:14.033331','129','ABL -- Юлия Г.',2,'[{\"changed\": {\"fields\": [\"date\"]}}]',29,1),(2785,'2022-05-23 08:10:14.035383','124','Stretch -- Анастасия',2,'[{\"changed\": {\"fields\": [\"date\"]}}]',29,1),(2786,'2022-05-23 08:10:14.037360','123','Zumba -- Юлия Г.',2,'[{\"changed\": {\"fields\": [\"date\"]}}]',29,1),(2787,'2022-05-23 08:10:14.039364','122','Круговая тренировка -- Анастасия',2,'[{\"changed\": {\"fields\": [\"date\"]}}]',29,1),(2788,'2022-05-23 08:10:14.041292','120','Aero Yoga -- Роман',2,'[{\"changed\": {\"fields\": [\"date\"]}}]',29,1),(2789,'2022-05-26 16:16:42.832712','14','ФИКСИРУЕМ ЦЕНЫ!',1,'[{\"added\": {}}, {\"added\": {\"name\": \"\\u0418\\u0437\\u043e\\u0431\\u0440\\u0430\\u0436\\u0435\\u043d\\u0438\\u0435 \\u0434\\u043b\\u044f \\u043d\\u043e\\u0432\\u043e\\u0441\\u0442\\u0438/\\u0441\\u0442\\u0430\\u0442\\u044c\\u0438\", \"object\": \"1\"}}]',20,2),(2790,'2022-05-26 16:17:26.869717','14','ФИКСИРУЕМ ЦЕНЫ!',2,'[{\"changed\": {\"fields\": [\"announcement\"]}}]',20,2),(2791,'2022-05-27 12:34:35.954674','22','Наши скидки такие же жаркие, как и угли в твоем мангале!',2,'[{\"changed\": {\"fields\": [\"publicated\"]}}]',21,2),(2792,'2022-05-27 12:34:51.993194','21','Вместе – выгодно!',2,'[{\"changed\": {\"fields\": [\"publicated\"]}}]',21,2),(2793,'2022-05-27 12:35:18.789952','20','Дорогие друзья!',2,'[{\"changed\": {\"fields\": [\"publicated\"]}}]',21,2),(2794,'2022-05-27 12:35:55.454877','19','Крутые подарки к абонементам',2,'[{\"changed\": {\"fields\": [\"publicated\"]}}]',21,2),(2795,'2022-05-27 12:38:53.328539','17','Начни 2022 год правильно вместе с фитнес клубом Эволюция!',2,'[{\"changed\": {\"fields\": [\"publicated\"]}}]',21,2),(2796,'2022-05-27 12:39:05.163220','13','Супер выгодно!',2,'[{\"changed\": {\"fields\": [\"publicated\"]}}]',21,2),(2797,'2022-05-27 12:39:24.844662','1','ВСЁ ЛУЧШЕЕ ДЕТЯМ!',2,'[{\"changed\": {\"fields\": [\"publicated\"]}}]',21,2),(2798,'2022-05-27 12:41:06.901240','22','Наши скидки такие же жаркие, как и угли в твоем мангале!',2,'[{\"changed\": {\"fields\": [\"body\", \"publicated\"]}}]',21,2),(2799,'2022-05-27 12:41:30.345811','22','Наши скидки такие же жаркие, как и угли в твоем мангале!',2,'[{\"changed\": {\"fields\": [\"announcement\"]}}]',21,2),(2800,'2022-05-27 12:44:28.256913','23','Купи карту и занимайся с тренером БЕСПЛАТНО!',1,'[{\"added\": {}}]',21,2),(2801,'2022-05-27 12:50:39.433992','23','Купи карту и занимайся с тренером БЕСПЛАТНО!',2,'[{\"changed\": {\"fields\": [\"image_preview\", \"image\"]}}]',21,2),(2802,'2022-05-30 10:21:32.555580','137','Power class -- Юлия П.',2,'[{\"changed\": {\"fields\": [\"date\"]}}]',29,1),(2803,'2022-05-30 10:21:32.558920','134','ОФП -- Соня',2,'[{\"changed\": {\"fields\": [\"date\"]}}]',29,1),(2804,'2022-05-30 10:21:32.560971','130','Карате -- Илья',2,'[{\"changed\": {\"fields\": [\"date\"]}}]',29,1),(2805,'2022-05-30 10:21:32.563008','128','Yoga -- Юлия П.',2,'[{\"changed\": {\"fields\": [\"date\"]}}]',29,1),(2806,'2022-05-30 10:21:32.565286','66','Stretch -- Галина',2,'[{\"changed\": {\"fields\": [\"date\"]}}]',29,1),(2807,'2022-05-30 10:21:32.567275','65','Круговая тренировка -- Юлия П.',2,'[{\"changed\": {\"fields\": [\"date\"]}}]',29,1),(2808,'2022-05-30 10:21:32.569558','32','Yoga -- Юлия Г.',2,'[{\"changed\": {\"fields\": [\"date\"]}}]',29,1),(2809,'2022-05-30 10:21:32.572298','25','Танец живота -- Галина',2,'[{\"changed\": {\"fields\": [\"date\"]}}]',29,1),(2810,'2022-05-30 10:21:32.574413','15','Power class -- Юлия П.',2,'[{\"changed\": {\"fields\": [\"date\"]}}]',29,1),(2811,'2022-05-30 10:21:32.576570','14','Aero Yoga -- Наталья',2,'[{\"changed\": {\"fields\": [\"date\"]}}]',29,1),(2812,'2022-05-30 10:21:32.578803','138','Power step -- Денис',2,'[{\"changed\": {\"fields\": [\"date\"]}}]',29,1),(2813,'2022-05-30 10:21:32.581075','133','Рукопашный бой -- Роман',2,'[{\"changed\": {\"fields\": [\"date\"]}}]',29,1),(2814,'2022-05-30 10:21:32.583882','118','Tabata -- Наталья',2,'[{\"changed\": {\"fields\": [\"date\"]}}]',29,1),(2815,'2022-05-30 10:21:32.586704','117','Хатха Йога (1,5 часа) -- Алексей',2,'[{\"changed\": {\"fields\": [\"date\"]}}]',29,1),(2816,'2022-05-30 10:21:32.589623','114','Functional training -- Денис',2,'[{\"changed\": {\"fields\": [\"date\"]}}]',29,1),(2817,'2022-05-30 10:21:32.592962','72','Здоровая спина+MFR -- Анастасия',2,'[{\"changed\": {\"fields\": [\"date\"]}}]',29,1),(2818,'2022-05-30 10:21:32.595067','67','Круговая тренировка -- Анастасия',2,'[{\"changed\": {\"fields\": [\"date\"]}}]',29,1),(2819,'2022-05-30 10:21:32.597065','59','Pilates -- Наталья',2,'[{\"changed\": {\"fields\": [\"date\"]}}]',29,1),(2820,'2022-05-30 10:21:32.599100','38','Aero Yoga -- Наталья',2,'[{\"changed\": {\"fields\": [\"date\"]}}]',29,1),(2821,'2022-05-30 10:21:32.601248','139','Круговая тренировка -- Юлия П.',2,'[{\"changed\": {\"fields\": [\"date\"]}}]',29,1),(2822,'2022-05-30 10:21:32.603242','135','ОФП -- Соня',2,'[{\"changed\": {\"fields\": [\"date\"]}}]',29,1),(2823,'2022-05-30 10:21:32.605258','131','Карате -- Илья',2,'[{\"changed\": {\"fields\": [\"date\"]}}]',29,1),(2824,'2022-05-30 10:21:32.607327','125','TRX -- Денис',2,'[{\"changed\": {\"fields\": [\"date\"]}}]',29,1),(2825,'2022-05-30 10:21:32.609322','86','Pilates -- Наталья',2,'[{\"changed\": {\"fields\": [\"date\"]}}]',29,1),(2826,'2022-05-30 10:21:32.611338','76','Lady class -- Галина',2,'[{\"changed\": {\"fields\": [\"date\"]}}]',29,1),(2827,'2022-05-30 10:21:32.613372','75','Stretch -- Галина',2,'[{\"changed\": {\"fields\": [\"date\"]}}]',29,1),(2828,'2022-05-30 10:21:32.615664','74','Yoga -- Юлия П.',2,'[{\"changed\": {\"fields\": [\"date\"]}}]',29,1),(2829,'2022-05-30 10:21:32.617682','73','ABL -- Юлия П.',2,'[{\"changed\": {\"fields\": [\"date\"]}}]',29,1),(2830,'2022-05-30 10:21:32.619932','69','Abs+Stretch -- Диана',2,'[{\"changed\": {\"fields\": [\"date\"]}}]',29,1),(2831,'2022-05-30 10:21:32.622117','68','Interval training (55 мин.) -- Диана',2,'[{\"changed\": {\"fields\": [\"date\"]}}]',29,1),(2832,'2022-05-30 10:21:32.624223','93','Power class -- Денис',2,'[{\"changed\": {\"fields\": [\"date\"]}}]',29,1),(2833,'2022-05-30 10:21:32.626303','92','Tabata -- Денис',2,'[{\"changed\": {\"fields\": [\"date\"]}}]',29,1),(2834,'2022-05-30 10:21:32.628406','89','Stretch -- Наталья',2,'[{\"changed\": {\"fields\": [\"date\"]}}]',29,1),(2835,'2022-05-30 10:21:32.630497','85','Functional training -- Денис',2,'[{\"changed\": {\"fields\": [\"date\"]}}]',29,1),(2836,'2022-05-30 10:21:32.632471','83','MFR+Stretch -- Денис',2,'[{\"changed\": {\"fields\": [\"date\"]}}]',29,1),(2837,'2022-05-30 10:21:32.634766','82','Хатха Йога (1,5 часа) -- Алексей',2,'[{\"changed\": {\"fields\": [\"date\"]}}]',29,1),(2838,'2022-05-30 10:21:32.636827','81','Zumba -- Юлия Г.',2,'[{\"changed\": {\"fields\": [\"date\"]}}]',29,1),(2839,'2022-05-30 10:21:32.638957','78','Aero Yoga -- Ирина',2,'[{\"changed\": {\"fields\": [\"date\"]}}]',29,1),(2840,'2022-05-30 10:21:32.640995','141','Aero Yoga -- Наталья',2,'[{\"changed\": {\"fields\": [\"date\"]}}]',29,1),(2841,'2022-05-30 10:21:32.643030','136','ОФП -- Соня',2,'[{\"changed\": {\"fields\": [\"date\"]}}]',29,1),(2842,'2022-05-30 10:21:32.645033','132','Карате -- Илья',2,'[{\"changed\": {\"fields\": [\"date\"]}}]',29,1),(2843,'2022-05-30 10:21:32.647107','127','TRX -- Денис',2,'[{\"changed\": {\"fields\": [\"date\"]}}]',29,1),(2844,'2022-05-30 10:21:32.649099','100','Yoga -- Наталья',2,'[{\"changed\": {\"fields\": [\"date\"]}}]',29,1),(2845,'2022-05-30 10:21:32.651099','99','ABL -- Юлия Г.',2,'[{\"changed\": {\"fields\": [\"date\"]}}]',29,1),(2846,'2022-05-30 10:21:32.653083','98','Stretch -- Галина',2,'[{\"changed\": {\"fields\": [\"date\"]}}]',29,1),(2847,'2022-05-30 10:21:32.655358','94','Dance Mix -- Галина',2,'[{\"changed\": {\"fields\": [\"date\"]}}]',29,1),(2848,'2022-05-30 10:21:32.657463','91','Pilates -- Юлия Г.',2,'[{\"changed\": {\"fields\": [\"date\"]}}]',29,1),(2849,'2022-05-30 10:21:32.659477','90','Круговая тренировка -- Юлия Г.',2,'[{\"changed\": {\"fields\": [\"date\"]}}]',29,1),(2850,'2022-05-30 10:21:32.661765','84','Power class -- Наталья',2,'[{\"changed\": {\"fields\": [\"date\"]}}]',29,1),(2851,'2022-05-30 10:21:32.664096','140','Рукопашный бой -- Михаил',2,'[{\"changed\": {\"fields\": [\"date\"]}}]',29,1),(2852,'2022-05-30 10:21:32.666278','129','ABL -- Юлия Г.',2,'[{\"changed\": {\"fields\": [\"date\"]}}]',29,1),(2853,'2022-05-30 10:21:32.668307','124','Stretch -- Анастасия',2,'[{\"changed\": {\"fields\": [\"date\"]}}]',29,1),(2854,'2022-05-30 10:21:32.670325','123','Zumba -- Юлия Г.',2,'[{\"changed\": {\"fields\": [\"date\"]}}]',29,1),(2855,'2022-05-30 10:21:32.672358','122','Круговая тренировка -- Анастасия',2,'[{\"changed\": {\"fields\": [\"date\"]}}]',29,1),(2856,'2022-05-30 10:21:32.674361','120','Aero Yoga -- Роман',2,'[{\"changed\": {\"fields\": [\"date\"]}}]',29,1),(2857,'2022-05-30 10:21:32.676334','119','MFR+Stretch -- Денис',2,'[{\"changed\": {\"fields\": [\"date\"]}}]',29,1),(2858,'2022-05-30 10:21:32.678473','111','Tabata -- Денис',2,'[{\"changed\": {\"fields\": [\"date\"]}}]',29,1),(2859,'2022-05-30 10:21:32.680574','101','Хатха Йога (1,5 часа) -- Алексей',2,'[{\"changed\": {\"fields\": [\"date\"]}}]',29,1),(2860,'2022-05-31 19:31:05.560719','18','Идеальный абонемент чтобы достичь идеальной формы!',2,'[{\"changed\": {\"fields\": [\"image_preview\", \"image\"]}}]',21,2),(2861,'2022-06-06 10:38:59.654420','137','Power class -- Юлия П.',2,'[{\"changed\": {\"fields\": [\"date\"]}}]',29,1),(2862,'2022-06-06 10:38:59.662009','134','ОФП -- Соня',2,'[{\"changed\": {\"fields\": [\"date\"]}}]',29,1),(2863,'2022-06-06 10:38:59.663772','130','Карате -- Илья',2,'[{\"changed\": {\"fields\": [\"date\"]}}]',29,1),(2864,'2022-06-06 10:38:59.665622','128','Yoga -- Юлия П.',2,'[{\"changed\": {\"fields\": [\"date\"]}}]',29,1),(2865,'2022-06-06 10:38:59.667481','66','Stretch -- Галина',2,'[{\"changed\": {\"fields\": [\"date\"]}}]',29,1),(2866,'2022-06-06 10:38:59.669285','65','Круговая тренировка -- Юлия П.',2,'[{\"changed\": {\"fields\": [\"date\"]}}]',29,1),(2867,'2022-06-06 10:38:59.671056','32','Yoga -- Юлия Г.',2,'[{\"changed\": {\"fields\": [\"date\"]}}]',29,1),(2868,'2022-06-06 10:38:59.672854','25','Танец живота -- Галина',2,'[{\"changed\": {\"fields\": [\"date\"]}}]',29,1),(2869,'2022-06-06 10:38:59.674567','15','Power class -- Юлия П.',2,'[{\"changed\": {\"fields\": [\"date\"]}}]',29,1),(2870,'2022-06-06 10:38:59.676399','14','Aero Yoga -- Наталья',2,'[{\"changed\": {\"fields\": [\"date\"]}}]',29,1),(2871,'2022-06-06 10:38:59.678151','138','Power step -- Денис',2,'[{\"changed\": {\"fields\": [\"date\"]}}]',29,1),(2872,'2022-06-06 10:38:59.679953','133','Рукопашный бой -- Роман',2,'[{\"changed\": {\"fields\": [\"date\"]}}]',29,1),(2873,'2022-06-06 10:38:59.681693','118','Tabata -- Наталья',2,'[{\"changed\": {\"fields\": [\"date\"]}}]',29,1),(2874,'2022-06-06 10:38:59.683435','117','Хатха Йога (1,5 часа) -- Алексей',2,'[{\"changed\": {\"fields\": [\"date\"]}}]',29,1),(2875,'2022-06-06 10:38:59.685206','114','Functional training -- Денис',2,'[{\"changed\": {\"fields\": [\"date\"]}}]',29,1),(2876,'2022-06-06 10:38:59.686948','72','Здоровая спина+MFR -- Анастасия',2,'[{\"changed\": {\"fields\": [\"date\"]}}]',29,1),(2877,'2022-06-06 10:38:59.688730','67','Круговая тренировка -- Анастасия',2,'[{\"changed\": {\"fields\": [\"date\"]}}]',29,1),(2878,'2022-06-06 10:38:59.690545','59','Pilates -- Наталья',2,'[{\"changed\": {\"fields\": [\"date\"]}}]',29,1),(2879,'2022-06-06 10:38:59.692435','38','Aero Yoga -- Наталья',2,'[{\"changed\": {\"fields\": [\"date\"]}}]',29,1),(2880,'2022-06-06 10:38:59.694309','139','Круговая тренировка -- Юлия П.',2,'[{\"changed\": {\"fields\": [\"date\"]}}]',29,1),(2881,'2022-06-06 10:38:59.696195','135','ОФП -- Соня',2,'[{\"changed\": {\"fields\": [\"date\"]}}]',29,1),(2882,'2022-06-06 10:38:59.698045','131','Карате -- Илья',2,'[{\"changed\": {\"fields\": [\"date\"]}}]',29,1),(2883,'2022-06-06 10:38:59.699916','125','TRX -- Денис',2,'[{\"changed\": {\"fields\": [\"date\"]}}]',29,1),(2884,'2022-06-06 10:38:59.701872','86','Pilates -- Наталья',2,'[{\"changed\": {\"fields\": [\"date\"]}}]',29,1),(2885,'2022-06-06 10:38:59.703768','76','Lady class -- Галина',2,'[{\"changed\": {\"fields\": [\"date\"]}}]',29,1),(2886,'2022-06-06 10:38:59.705732','75','Stretch -- Галина',2,'[{\"changed\": {\"fields\": [\"date\"]}}]',29,1),(2887,'2022-06-06 10:38:59.707696','74','Yoga -- Юлия П.',2,'[{\"changed\": {\"fields\": [\"date\"]}}]',29,1),(2888,'2022-06-06 10:38:59.709678','73','ABL -- Юлия П.',2,'[{\"changed\": {\"fields\": [\"date\"]}}]',29,1),(2889,'2022-06-06 10:38:59.711626','69','Abs+Stretch -- Диана',2,'[{\"changed\": {\"fields\": [\"date\"]}}]',29,1),(2890,'2022-06-06 10:38:59.713685','68','Interval training (55 мин.) -- Диана',2,'[{\"changed\": {\"fields\": [\"date\"]}}]',29,1),(2891,'2022-06-06 10:38:59.715596','93','Power class -- Денис',2,'[{\"changed\": {\"fields\": [\"date\"]}}]',29,1),(2892,'2022-06-06 10:38:59.717519','92','Tabata -- Денис',2,'[{\"changed\": {\"fields\": [\"date\"]}}]',29,1),(2893,'2022-06-06 10:38:59.719425','89','Stretch -- Наталья',2,'[{\"changed\": {\"fields\": [\"date\"]}}]',29,1),(2894,'2022-06-06 10:38:59.721374','85','Functional training -- Денис',2,'[{\"changed\": {\"fields\": [\"date\"]}}]',29,1),(2895,'2022-06-06 10:38:59.723271','83','MFR+Stretch -- Денис',2,'[{\"changed\": {\"fields\": [\"date\"]}}]',29,1),(2896,'2022-06-06 10:38:59.725270','82','Хатха Йога (1,5 часа) -- Алексей',2,'[{\"changed\": {\"fields\": [\"date\"]}}]',29,1),(2897,'2022-06-06 10:38:59.727210','81','Zumba -- Юлия Г.',2,'[{\"changed\": {\"fields\": [\"date\"]}}]',29,1),(2898,'2022-06-06 10:38:59.729084','78','Aero Yoga -- Ирина',2,'[{\"changed\": {\"fields\": [\"date\"]}}]',29,1),(2899,'2022-06-06 10:38:59.730945','141','Aero Yoga -- Наталья',2,'[{\"changed\": {\"fields\": [\"date\"]}}]',29,1),(2900,'2022-06-06 10:38:59.732925','136','ОФП -- Соня',2,'[{\"changed\": {\"fields\": [\"date\"]}}]',29,1),(2901,'2022-06-06 10:38:59.734834','132','Карате -- Илья',2,'[{\"changed\": {\"fields\": [\"date\"]}}]',29,1),(2902,'2022-06-06 10:38:59.736971','127','TRX -- Денис',2,'[{\"changed\": {\"fields\": [\"date\"]}}]',29,1),(2903,'2022-06-06 10:38:59.738948','100','Yoga -- Наталья',2,'[{\"changed\": {\"fields\": [\"date\"]}}]',29,1),(2904,'2022-06-06 10:38:59.740826','99','ABL -- Юлия Г.',2,'[{\"changed\": {\"fields\": [\"date\"]}}]',29,1),(2905,'2022-06-06 10:38:59.742915','98','Stretch -- Галина',2,'[{\"changed\": {\"fields\": [\"date\"]}}]',29,1),(2906,'2022-06-06 10:38:59.744881','94','Dance Mix -- Галина',2,'[{\"changed\": {\"fields\": [\"date\"]}}]',29,1),(2907,'2022-06-06 10:38:59.746819','91','Pilates -- Юлия Г.',2,'[{\"changed\": {\"fields\": [\"date\"]}}]',29,1),(2908,'2022-06-06 10:38:59.748911','90','Круговая тренировка -- Юлия Г.',2,'[{\"changed\": {\"fields\": [\"date\"]}}]',29,1),(2909,'2022-06-06 10:38:59.750985','84','Power class -- Наталья',2,'[{\"changed\": {\"fields\": [\"date\"]}}]',29,1),(2910,'2022-06-06 10:38:59.752937','140','Рукопашный бой -- Михаил',2,'[{\"changed\": {\"fields\": [\"date\"]}}]',29,1),(2911,'2022-06-06 10:38:59.754886','129','ABL -- Юлия Г.',2,'[{\"changed\": {\"fields\": [\"date\"]}}]',29,1),(2912,'2022-06-06 10:38:59.756920','124','Stretch -- Анастасия',2,'[{\"changed\": {\"fields\": [\"date\"]}}]',29,1),(2913,'2022-06-06 10:38:59.758864','123','Zumba -- Юлия Г.',2,'[{\"changed\": {\"fields\": [\"date\"]}}]',29,1),(2914,'2022-06-06 10:38:59.760872','122','Круговая тренировка -- Анастасия',2,'[{\"changed\": {\"fields\": [\"date\"]}}]',29,1),(2915,'2022-06-06 10:38:59.762920','120','Aero Yoga -- Роман',2,'[{\"changed\": {\"fields\": [\"date\"]}}]',29,1),(2916,'2022-06-06 10:38:59.764819','119','MFR+Stretch -- Денис',2,'[{\"changed\": {\"fields\": [\"date\"]}}]',29,1),(2917,'2022-06-06 10:38:59.766862','111','Tabata -- Денис',2,'[{\"changed\": {\"fields\": [\"date\"]}}]',29,1),(2918,'2022-06-06 10:38:59.768735','101','Хатха Йога (1,5 часа) -- Алексей',2,'[{\"changed\": {\"fields\": [\"date\"]}}]',29,1),(2919,'2022-06-06 18:37:21.623071','24','Жаркое предложение июня!',1,'[{\"added\": {}}]',21,2),(2920,'2022-06-14 09:49:03.401351','137','Power class -- Юлия П.',2,'[{\"changed\": {\"fields\": [\"date\"]}}]',29,1),(2921,'2022-06-14 09:49:03.403959','134','ОФП -- Соня',2,'[{\"changed\": {\"fields\": [\"date\"]}}]',29,1),(2922,'2022-06-14 09:49:03.405773','130','Карате -- Илья',2,'[{\"changed\": {\"fields\": [\"date\"]}}]',29,1),(2923,'2022-06-14 09:49:03.407542','128','Yoga -- Юлия П.',2,'[{\"changed\": {\"fields\": [\"date\"]}}]',29,1),(2924,'2022-06-14 09:49:03.409333','66','Stretch -- Галина',2,'[{\"changed\": {\"fields\": [\"date\"]}}]',29,1),(2925,'2022-06-14 09:49:03.411109','65','Круговая тренировка -- Юлия П.',2,'[{\"changed\": {\"fields\": [\"date\"]}}]',29,1),(2926,'2022-06-14 09:49:03.412908','32','Yoga -- Юлия Г.',2,'[{\"changed\": {\"fields\": [\"date\"]}}]',29,1),(2927,'2022-06-14 09:49:03.414750','25','Танец живота -- Галина',2,'[{\"changed\": {\"fields\": [\"date\"]}}]',29,1),(2928,'2022-06-14 09:49:03.416654','15','Power class -- Юлия П.',2,'[{\"changed\": {\"fields\": [\"date\"]}}]',29,1),(2929,'2022-06-14 09:49:03.418445','14','Aero Yoga -- Наталья',2,'[{\"changed\": {\"fields\": [\"date\"]}}]',29,1),(2930,'2022-06-14 09:49:03.420252','138','Power step -- Денис',2,'[{\"changed\": {\"fields\": [\"date\"]}}]',29,1),(2931,'2022-06-14 09:49:03.422049','133','Рукопашный бой -- Роман',2,'[{\"changed\": {\"fields\": [\"date\"]}}]',29,1),(2932,'2022-06-14 09:49:03.423852','118','Tabata -- Наталья',2,'[{\"changed\": {\"fields\": [\"date\"]}}]',29,1),(2933,'2022-06-14 09:49:03.425654','117','Хатха Йога (1,5 часа) -- Алексей',2,'[{\"changed\": {\"fields\": [\"date\"]}}]',29,1),(2934,'2022-06-14 09:49:03.427460','114','Functional training -- Денис',2,'[{\"changed\": {\"fields\": [\"date\"]}}]',29,1),(2935,'2022-06-14 09:49:03.429291','72','Здоровая спина+MFR -- Анастасия',2,'[{\"changed\": {\"fields\": [\"date\"]}}]',29,1),(2936,'2022-06-14 09:49:03.431087','67','Круговая тренировка -- Анастасия',2,'[{\"changed\": {\"fields\": [\"date\"]}}]',29,1),(2937,'2022-06-14 09:49:03.432906','59','Pilates -- Наталья',2,'[{\"changed\": {\"fields\": [\"date\"]}}]',29,1),(2938,'2022-06-14 09:49:03.434745','38','Aero Yoga -- Наталья',2,'[{\"changed\": {\"fields\": [\"date\"]}}]',29,1),(2939,'2022-06-14 09:49:03.436551','139','Круговая тренировка -- Юлия П.',2,'[{\"changed\": {\"fields\": [\"date\"]}}]',29,1),(2940,'2022-06-14 09:49:03.438380','135','ОФП -- Соня',2,'[{\"changed\": {\"fields\": [\"date\"]}}]',29,1),(2941,'2022-06-14 09:49:03.440202','131','Карате -- Илья',2,'[{\"changed\": {\"fields\": [\"date\"]}}]',29,1),(2942,'2022-06-14 09:49:03.442012','125','TRX -- Денис',2,'[{\"changed\": {\"fields\": [\"date\"]}}]',29,1),(2943,'2022-06-14 09:49:03.443832','86','Pilates -- Наталья',2,'[{\"changed\": {\"fields\": [\"date\"]}}]',29,1),(2944,'2022-06-14 09:49:03.445670','76','Lady class -- Галина',2,'[{\"changed\": {\"fields\": [\"date\"]}}]',29,1),(2945,'2022-06-14 09:49:03.447490','75','Stretch -- Галина',2,'[{\"changed\": {\"fields\": [\"date\"]}}]',29,1),(2946,'2022-06-14 09:49:03.449330','74','Yoga -- Юлия П.',2,'[{\"changed\": {\"fields\": [\"date\"]}}]',29,1),(2947,'2022-06-14 09:49:03.451134','73','ABL -- Юлия П.',2,'[{\"changed\": {\"fields\": [\"date\"]}}]',29,1),(2948,'2022-06-14 09:49:03.452983','69','Abs+Stretch -- Диана',2,'[{\"changed\": {\"fields\": [\"date\"]}}]',29,1),(2949,'2022-06-14 09:49:03.454852','68','Interval training (55 мин.) -- Диана',2,'[{\"changed\": {\"fields\": [\"date\"]}}]',29,1),(2950,'2022-06-14 09:49:03.456687','93','Power class -- Денис',2,'[{\"changed\": {\"fields\": [\"date\"]}}]',29,1),(2951,'2022-06-14 09:49:03.458534','92','Tabata -- Денис',2,'[{\"changed\": {\"fields\": [\"date\"]}}]',29,1),(2952,'2022-06-14 09:49:03.460368','89','Stretch -- Наталья',2,'[{\"changed\": {\"fields\": [\"date\"]}}]',29,1),(2953,'2022-06-14 09:49:03.462192','85','Functional training -- Денис',2,'[{\"changed\": {\"fields\": [\"date\"]}}]',29,1),(2954,'2022-06-14 09:49:03.464033','83','MFR+Stretch -- Денис',2,'[{\"changed\": {\"fields\": [\"date\"]}}]',29,1),(2955,'2022-06-14 09:49:03.465887','82','Хатха Йога (1,5 часа) -- Алексей',2,'[{\"changed\": {\"fields\": [\"date\"]}}]',29,1),(2956,'2022-06-14 09:49:03.467741','81','Zumba -- Юлия Г.',2,'[{\"changed\": {\"fields\": [\"date\"]}}]',29,1),(2957,'2022-06-14 09:49:03.469578','78','Aero Yoga -- Ирина',2,'[{\"changed\": {\"fields\": [\"date\"]}}]',29,1),(2958,'2022-06-14 09:49:03.471430','141','Aero Yoga -- Наталья',2,'[{\"changed\": {\"fields\": [\"date\"]}}]',29,1),(2959,'2022-06-14 09:49:03.473462','136','ОФП -- Соня',2,'[{\"changed\": {\"fields\": [\"date\"]}}]',29,1),(2960,'2022-06-14 09:49:03.476129','132','Карате -- Илья',2,'[{\"changed\": {\"fields\": [\"date\"]}}]',29,1),(2961,'2022-06-14 09:49:03.478517','127','TRX -- Денис',2,'[{\"changed\": {\"fields\": [\"date\"]}}]',29,1),(2962,'2022-06-14 09:49:03.480536','100','Yoga -- Наталья',2,'[{\"changed\": {\"fields\": [\"date\"]}}]',29,1),(2963,'2022-06-14 09:49:03.482522','99','ABL -- Юлия Г.',2,'[{\"changed\": {\"fields\": [\"date\"]}}]',29,1),(2964,'2022-06-14 09:49:03.484387','98','Stretch -- Галина',2,'[{\"changed\": {\"fields\": [\"date\"]}}]',29,1),(2965,'2022-06-14 09:49:03.486312','94','Dance Mix -- Галина',2,'[{\"changed\": {\"fields\": [\"date\"]}}]',29,1),(2966,'2022-06-14 09:49:03.488283','91','Pilates -- Юлия Г.',2,'[{\"changed\": {\"fields\": [\"date\"]}}]',29,1),(2967,'2022-06-14 09:49:03.490183','90','Круговая тренировка -- Юлия Г.',2,'[{\"changed\": {\"fields\": [\"date\"]}}]',29,1),(2968,'2022-06-14 09:49:03.492040','84','Power class -- Наталья',2,'[{\"changed\": {\"fields\": [\"date\"]}}]',29,1),(2969,'2022-06-14 09:49:03.493874','140','Рукопашный бой -- Михаил',2,'[{\"changed\": {\"fields\": [\"date\"]}}]',29,1),(2970,'2022-06-14 09:49:03.495785','129','ABL -- Юлия Г.',2,'[{\"changed\": {\"fields\": [\"date\"]}}]',29,1),(2971,'2022-06-14 09:49:03.497723','124','Stretch -- Анастасия',2,'[{\"changed\": {\"fields\": [\"date\"]}}]',29,1),(2972,'2022-06-14 09:49:03.499636','123','Zumba -- Юлия Г.',2,'[{\"changed\": {\"fields\": [\"date\"]}}]',29,1),(2973,'2022-06-14 09:49:03.501521','122','Круговая тренировка -- Анастасия',2,'[{\"changed\": {\"fields\": [\"date\"]}}]',29,1),(2974,'2022-06-14 09:49:03.503577','120','Aero Yoga -- Роман',2,'[{\"changed\": {\"fields\": [\"date\"]}}]',29,1),(2975,'2022-06-14 09:49:03.505540','119','MFR+Stretch -- Денис',2,'[{\"changed\": {\"fields\": [\"date\"]}}]',29,1),(2976,'2022-06-14 09:49:03.508221','111','Tabata -- Денис',2,'[{\"changed\": {\"fields\": [\"date\"]}}]',29,1),(2977,'2022-06-14 09:49:03.510152','101','Хатха Йога (1,5 часа) -- Алексей',2,'[{\"changed\": {\"fields\": [\"date\"]}}]',29,1),(2978,'2022-06-14 21:48:15.584717','15','Power class -- Юлия П.',3,'',29,2),(2979,'2022-06-14 21:49:27.981254','120','Aero Yoga -- Роман',3,'',29,2),(2980,'2022-06-14 21:50:29.570663','32','Pilates -- Наталья',2,'[{\"changed\": {\"fields\": [\"classes\", \"instructor\"]}}]',29,2),(2981,'2022-06-14 21:51:00.313627','142','Power class -- Юлия П.',1,'[{\"added\": {}}]',29,2),(2982,'2022-06-14 21:53:27.141220','86','Pilates -- Диана',2,'[{\"changed\": {\"fields\": [\"instructor\", \"hall\"]}}]',29,2),(2983,'2022-06-14 21:53:27.143349','69','Abs+Stretch -- Юлия П.',2,'[{\"changed\": {\"fields\": [\"instructor\", \"hall\"]}}]',29,2),(2984,'2022-06-14 21:53:27.145699','89','Stretch -- Анастасия',2,'[{\"changed\": {\"fields\": [\"instructor\"]}}]',29,2),(2985,'2022-06-14 21:53:27.148110','129','ABL -- Юлия Г.',2,'[{\"changed\": {\"fields\": [\"date\"]}}]',29,2),(2986,'2022-06-14 21:54:47.630961','143','Aero Yoga -- Юлия П.',1,'[{\"added\": {}}]',29,2),(2987,'2022-06-14 21:55:08.700557','143','Yoga -- Юлия П.',2,'[{\"changed\": {\"fields\": [\"classes\"]}}]',29,2),(2988,'2022-06-14 21:55:37.360056','144','Tabata -- Наталья',1,'[{\"added\": {}}]',29,2),(2989,'2022-06-14 21:55:59.344134','143','Yoga -- Юлия П.',2,'[{\"changed\": {\"fields\": [\"hall\"]}}]',29,2),(2990,'2022-06-14 21:57:00.183959','145','Здоровая спина+MFR -- Анастасия',1,'[{\"added\": {}}]',29,2),(2991,'2022-06-14 21:58:32.560185','146','Abs+Stretch -- Юлия П.',1,'[{\"added\": {}}]',29,2),(2992,'2022-06-14 21:58:36.630935','146','Abs+Stretch -- Юлия П.',2,'[]',29,2),(2993,'2022-06-14 21:59:22.072281','146','Abs+Stretch -- Юлия П.',3,'',29,2),(2994,'2022-06-14 22:00:42.528335','145','Здоровая спина+MFR -- Анастасия',3,'',29,2),(2995,'2022-06-14 22:01:59.142383','101','Хатха Йога (1,5 часа) -- Алексей',2,'[{\"changed\": {\"fields\": [\"date\"]}}]',29,2),(2996,'2022-06-14 22:01:59.144362','111','Tabata -- Денис',2,'[{\"changed\": {\"fields\": [\"date\"]}}]',29,2),(2997,'2022-06-14 22:01:59.146103','122','Круговая тренировка -- Анастасия',2,'[{\"changed\": {\"fields\": [\"date\"]}}]',29,2),(2998,'2022-06-14 22:01:59.147900','123','Zumba -- Юлия Г.',2,'[{\"changed\": {\"fields\": [\"date\"]}}]',29,2),(2999,'2022-06-14 22:45:26.763411','130','Карате -- Илья',2,'[{\"changed\": {\"fields\": [\"date\"]}}]',29,2),(3000,'2022-06-14 22:45:26.770664','131','Карате -- Илья',2,'[{\"changed\": {\"fields\": [\"date\"]}}]',29,2),(3001,'2022-06-14 22:45:32.868343','132','Карате -- Илья',3,'',29,2),(3002,'2022-06-14 22:46:41.640405','147','Рукопашный бой -- Роман',1,'[{\"added\": {}}]',29,2),(3003,'2022-06-14 22:46:46.446840','147','Рукопашный бой -- Роман',2,'[]',29,2),(3004,'2022-06-14 22:47:13.702259','134','ОФП -- Соня',3,'',29,2),(3005,'2022-06-14 22:50:12.353678','148','Dance Mix -- Галина',1,'[{\"added\": {}}]',29,2),(3006,'2022-06-14 22:52:45.803020','17','Алена',1,'[{\"added\": {}}]',27,2),(3007,'2022-06-14 22:53:28.162203','25','Танец живота -- Галина',2,'[{\"changed\": {\"fields\": [\"hall\"]}}]',29,2),(3008,'2022-06-14 22:53:28.164537','65','Здоровая спина+MFR -- Юлия П.',2,'[{\"changed\": {\"fields\": [\"classes\", \"hall\"]}}]',29,2),(3009,'2022-06-14 22:53:28.166666','76','Lady class -- Алена',2,'[{\"changed\": {\"fields\": [\"instructor\"]}}]',29,2),(3010,'2022-06-14 22:54:42.006973','149','Lady class -- Галина',1,'[{\"added\": {}}]',29,2),(3011,'2022-06-14 22:55:11.142671','128','Yoga -- Юлия П.',3,'',29,2),(3012,'2022-06-14 22:57:07.305138','150','Stretch -- Галина',1,'[{\"added\": {}}]',29,2),(3013,'2022-06-19 10:57:06.747726','15','23 июня - день рождения Фитнес Клуба Эволюция!',1,'[{\"added\": {}}]',20,2),(3014,'2022-06-19 10:59:08.349989','16','ВНИМАНИЕ КОНКУРС!',1,'[{\"added\": {}}]',20,2),(3015,'2022-06-20 10:28:22.076786','144','Tabata -- Наталья',2,'[{\"changed\": {\"fields\": [\"date\"]}}]',29,1),(3016,'2022-06-20 10:28:22.079605','143','Yoga -- Юлия П.',2,'[{\"changed\": {\"fields\": [\"date\"]}}]',29,1),(3017,'2022-06-20 10:28:22.081494','142','Power class -- Юлия П.',2,'[{\"changed\": {\"fields\": [\"date\"]}}]',29,1),(3018,'2022-06-20 10:28:22.083345','137','Power class -- Юлия П.',2,'[{\"changed\": {\"fields\": [\"date\"]}}]',29,1),(3019,'2022-06-20 10:28:22.085124','66','Stretch -- Галина',2,'[{\"changed\": {\"fields\": [\"date\"]}}]',29,1),(3020,'2022-06-20 10:28:22.086962','65','Здоровая спина+MFR -- Юлия П.',2,'[{\"changed\": {\"fields\": [\"date\"]}}]',29,1),(3021,'2022-06-20 10:28:22.088855','32','Pilates -- Наталья',2,'[{\"changed\": {\"fields\": [\"date\"]}}]',29,1),(3022,'2022-06-20 10:28:22.090649','25','Танец живота -- Галина',2,'[{\"changed\": {\"fields\": [\"date\"]}}]',29,1),(3023,'2022-06-20 10:28:22.092460','14','Aero Yoga -- Наталья',2,'[{\"changed\": {\"fields\": [\"date\"]}}]',29,1),(3024,'2022-06-20 10:28:22.094452','138','Power step -- Денис',2,'[{\"changed\": {\"fields\": [\"date\"]}}]',29,1),(3025,'2022-06-20 10:28:22.096334','133','Рукопашный бой -- Роман',2,'[{\"changed\": {\"fields\": [\"date\"]}}]',29,1),(3026,'2022-06-20 10:28:22.098091','118','Tabata -- Наталья',2,'[{\"changed\": {\"fields\": [\"date\"]}}]',29,1),(3027,'2022-06-20 10:28:22.099913','117','Хатха Йога (1,5 часа) -- Алексей',2,'[{\"changed\": {\"fields\": [\"date\"]}}]',29,1),(3028,'2022-06-20 10:28:22.101796','114','Functional training -- Денис',2,'[{\"changed\": {\"fields\": [\"date\"]}}]',29,1),(3029,'2022-06-20 10:28:22.103945','72','Здоровая спина+MFR -- Анастасия',2,'[{\"changed\": {\"fields\": [\"date\"]}}]',29,1),(3030,'2022-06-20 10:28:22.105769','67','Круговая тренировка -- Анастасия',2,'[{\"changed\": {\"fields\": [\"date\"]}}]',29,1),(3031,'2022-06-20 10:28:22.107695','59','Pilates -- Наталья',2,'[{\"changed\": {\"fields\": [\"date\"]}}]',29,1),(3032,'2022-06-20 10:28:22.109561','38','Aero Yoga -- Наталья',2,'[{\"changed\": {\"fields\": [\"date\"]}}]',29,1),(3033,'2022-06-20 10:28:22.111415','139','Круговая тренировка -- Юлия П.',2,'[{\"changed\": {\"fields\": [\"date\"]}}]',29,1),(3034,'2022-06-20 10:28:22.113223','135','ОФП -- Соня',2,'[{\"changed\": {\"fields\": [\"date\"]}}]',29,1),(3035,'2022-06-20 10:28:22.115067','130','Карате -- Илья',2,'[{\"changed\": {\"fields\": [\"date\"]}}]',29,1),(3036,'2022-06-20 10:28:22.117016','125','TRX -- Денис',2,'[{\"changed\": {\"fields\": [\"date\"]}}]',29,1),(3037,'2022-06-20 10:28:22.118948','86','Pilates -- Диана',2,'[{\"changed\": {\"fields\": [\"date\"]}}]',29,1),(3038,'2022-06-20 10:28:22.120829','76','Lady class -- Алена',2,'[{\"changed\": {\"fields\": [\"date\"]}}]',29,1),(3039,'2022-06-20 10:28:22.122898','75','Stretch -- Галина',2,'[{\"changed\": {\"fields\": [\"date\"]}}]',29,1),(3040,'2022-06-20 10:28:22.124840','74','Yoga -- Юлия П.',2,'[{\"changed\": {\"fields\": [\"date\"]}}]',29,1),(3041,'2022-06-20 10:28:22.126847','73','ABL -- Юлия П.',2,'[{\"changed\": {\"fields\": [\"date\"]}}]',29,1),(3042,'2022-06-20 10:28:22.128778','69','Abs+Stretch -- Юлия П.',2,'[{\"changed\": {\"fields\": [\"date\"]}}]',29,1),(3043,'2022-06-20 10:28:22.130637','68','Interval training (55 мин.) -- Диана',2,'[{\"changed\": {\"fields\": [\"date\"]}}]',29,1),(3044,'2022-06-20 10:28:22.132583','147','Рукопашный бой -- Роман',2,'[{\"changed\": {\"fields\": [\"date\"]}}]',29,1),(3045,'2022-06-20 10:28:22.134436','93','Power class -- Денис',2,'[{\"changed\": {\"fields\": [\"date\"]}}]',29,1),(3046,'2022-06-20 10:28:22.136560','92','Tabata -- Денис',2,'[{\"changed\": {\"fields\": [\"date\"]}}]',29,1),(3047,'2022-06-20 10:28:22.138639','89','Stretch -- Анастасия',2,'[{\"changed\": {\"fields\": [\"date\"]}}]',29,1),(3048,'2022-06-20 10:28:22.140599','85','Functional training -- Денис',2,'[{\"changed\": {\"fields\": [\"date\"]}}]',29,1),(3049,'2022-06-20 10:28:22.142507','83','MFR+Stretch -- Денис',2,'[{\"changed\": {\"fields\": [\"date\"]}}]',29,1),(3050,'2022-06-20 10:28:22.144387','82','Хатха Йога (1,5 часа) -- Алексей',2,'[{\"changed\": {\"fields\": [\"date\"]}}]',29,1),(3051,'2022-06-20 10:28:22.146269','81','Zumba -- Юлия Г.',2,'[{\"changed\": {\"fields\": [\"date\"]}}]',29,1),(3052,'2022-06-20 10:28:22.148163','78','Aero Yoga -- Ирина',2,'[{\"changed\": {\"fields\": [\"date\"]}}]',29,1),(3053,'2022-06-20 10:28:22.150007','141','Aero Yoga -- Наталья',2,'[{\"changed\": {\"fields\": [\"date\"]}}]',29,1),(3054,'2022-06-20 10:28:22.151980','136','ОФП -- Соня',2,'[{\"changed\": {\"fields\": [\"date\"]}}]',29,1),(3055,'2022-06-20 10:28:22.153977','131','Карате -- Илья',2,'[{\"changed\": {\"fields\": [\"date\"]}}]',29,1),(3056,'2022-06-20 10:28:22.155949','127','TRX -- Денис',2,'[{\"changed\": {\"fields\": [\"date\"]}}]',29,1),(3057,'2022-06-20 10:28:22.157875','100','Yoga -- Наталья',2,'[{\"changed\": {\"fields\": [\"date\"]}}]',29,1),(3058,'2022-06-20 10:28:22.159799','99','ABL -- Юлия Г.',2,'[{\"changed\": {\"fields\": [\"date\"]}}]',29,1),(3059,'2022-06-20 10:28:22.162000','98','Stretch -- Галина',2,'[{\"changed\": {\"fields\": [\"date\"]}}]',29,1),(3060,'2022-06-20 10:28:22.163906','94','Dance Mix -- Галина',2,'[{\"changed\": {\"fields\": [\"date\"]}}]',29,1),(3061,'2022-06-20 10:28:22.165890','91','Pilates -- Юлия Г.',2,'[{\"changed\": {\"fields\": [\"date\"]}}]',29,1),(3062,'2022-06-20 10:28:22.167787','90','Круговая тренировка -- Юлия Г.',2,'[{\"changed\": {\"fields\": [\"date\"]}}]',29,1),(3063,'2022-06-20 10:28:22.169756','84','Power class -- Наталья',2,'[{\"changed\": {\"fields\": [\"date\"]}}]',29,1),(3064,'2022-06-20 10:28:22.171685','150','Stretch -- Галина',2,'[{\"changed\": {\"fields\": [\"date\"]}}]',29,1),(3065,'2022-06-20 10:28:22.173633','149','Lady class -- Галина',2,'[{\"changed\": {\"fields\": [\"date\"]}}]',29,1),(3066,'2022-06-20 10:28:22.175610','148','Dance Mix -- Галина',2,'[{\"changed\": {\"fields\": [\"date\"]}}]',29,1),(3067,'2022-06-20 10:28:22.177529','140','Рукопашный бой -- Михаил',2,'[{\"changed\": {\"fields\": [\"date\"]}}]',29,1),(3068,'2022-06-20 10:28:22.179469','124','Stretch -- Анастасия',2,'[{\"changed\": {\"fields\": [\"date\"]}}]',29,1),(3069,'2022-06-20 10:28:22.181574','111','Tabata -- Денис',2,'[{\"changed\": {\"fields\": [\"date\"]}}]',29,1),(3070,'2022-06-20 10:28:22.183586','101','Хатха Йога (1,5 часа) -- Алексей',2,'[{\"changed\": {\"fields\": [\"date\"]}}]',29,1),(3071,'2022-06-20 10:28:22.185575','129','ABL -- Юлия Г.',2,'[{\"changed\": {\"fields\": [\"date\"]}}]',29,1),(3072,'2022-06-20 10:28:22.187707','123','Zumba -- Юлия Г.',2,'[{\"changed\": {\"fields\": [\"date\"]}}]',29,1),(3073,'2022-06-20 10:28:22.189655','122','Круговая тренировка -- Анастасия',2,'[{\"changed\": {\"fields\": [\"date\"]}}]',29,1),(3074,'2022-06-20 10:28:22.191653','119','MFR+Stretch -- Денис',2,'[{\"changed\": {\"fields\": [\"date\"]}}]',29,1),(3075,'2022-06-22 00:13:14.188890','13','РУСТАМ СТРЕКАЛОВ',2,'[{\"changed\": {\"fields\": [\"publicated\"]}}]',22,2),(3076,'2022-06-22 00:20:57.639026','137','Круговая тренировка -- Юлия П.',2,'[{\"changed\": {\"fields\": [\"classes\"]}}]',29,2),(3077,'2022-06-22 00:22:30.802719','94','Dance Mix -- Алена',2,'[{\"changed\": {\"fields\": [\"instructor\"]}}]',29,2),(3078,'2022-06-22 00:24:18.027804','75','Stretch -- Алена',2,'[{\"changed\": {\"fields\": [\"instructor\"]}}]',29,2),(3079,'2022-06-22 00:24:18.030051','98','Stretch -- Алена',2,'[{\"changed\": {\"fields\": [\"instructor\"]}}]',29,2),(3080,'2022-06-27 08:49:20.795927','144','Tabata -- Наталья',2,'[{\"changed\": {\"fields\": [\"date\"]}}]',29,1),(3081,'2022-06-27 08:49:20.799290','143','Yoga -- Юлия П.',2,'[{\"changed\": {\"fields\": [\"date\"]}}]',29,1),(3082,'2022-06-27 08:49:20.801170','142','Power class -- Юлия П.',2,'[{\"changed\": {\"fields\": [\"date\"]}}]',29,1),(3083,'2022-06-27 08:49:20.803266','137','Круговая тренировка -- Юлия П.',2,'[{\"changed\": {\"fields\": [\"date\"]}}]',29,1),(3084,'2022-06-27 08:49:20.805209','66','Stretch -- Галина',2,'[{\"changed\": {\"fields\": [\"date\"]}}]',29,1),(3085,'2022-06-27 08:49:20.807090','65','Здоровая спина+MFR -- Юлия П.',2,'[{\"changed\": {\"fields\": [\"date\"]}}]',29,1),(3086,'2022-06-27 08:49:20.808986','32','Pilates -- Наталья',2,'[{\"changed\": {\"fields\": [\"date\"]}}]',29,1),(3087,'2022-06-27 08:49:20.810848','25','Танец живота -- Галина',2,'[{\"changed\": {\"fields\": [\"date\"]}}]',29,1),(3088,'2022-06-27 08:49:20.812712','14','Aero Yoga -- Наталья',2,'[{\"changed\": {\"fields\": [\"date\"]}}]',29,1),(3089,'2022-06-27 08:49:20.814582','138','Power step -- Денис',2,'[{\"changed\": {\"fields\": [\"date\"]}}]',29,1),(3090,'2022-06-27 08:49:20.816443','133','Рукопашный бой -- Роман',2,'[{\"changed\": {\"fields\": [\"date\"]}}]',29,1),(3091,'2022-06-27 08:49:20.818388','118','Tabata -- Наталья',2,'[{\"changed\": {\"fields\": [\"date\"]}}]',29,1),(3092,'2022-06-27 08:49:20.820254','117','Хатха Йога (1,5 часа) -- Алексей',2,'[{\"changed\": {\"fields\": [\"date\"]}}]',29,1),(3093,'2022-06-27 08:49:20.822142','114','Functional training -- Денис',2,'[{\"changed\": {\"fields\": [\"date\"]}}]',29,1),(3094,'2022-06-27 08:49:20.823969','72','Здоровая спина+MFR -- Анастасия',2,'[{\"changed\": {\"fields\": [\"date\"]}}]',29,1),(3095,'2022-06-27 08:49:20.825797','67','Круговая тренировка -- Анастасия',2,'[{\"changed\": {\"fields\": [\"date\"]}}]',29,1),(3096,'2022-06-27 08:49:20.827681','59','Pilates -- Наталья',2,'[{\"changed\": {\"fields\": [\"date\"]}}]',29,1),(3097,'2022-06-27 08:49:20.829546','38','Aero Yoga -- Наталья',2,'[{\"changed\": {\"fields\": [\"date\"]}}]',29,1),(3098,'2022-06-27 08:49:20.831423','139','Круговая тренировка -- Юлия П.',2,'[{\"changed\": {\"fields\": [\"date\"]}}]',29,1),(3099,'2022-06-27 08:49:20.833277','135','ОФП -- Соня',2,'[{\"changed\": {\"fields\": [\"date\"]}}]',29,1),(3100,'2022-06-27 08:49:20.835107','130','Карате -- Илья',2,'[{\"changed\": {\"fields\": [\"date\"]}}]',29,1),(3101,'2022-06-27 08:49:20.836983','125','TRX -- Денис',2,'[{\"changed\": {\"fields\": [\"date\"]}}]',29,1),(3102,'2022-06-27 08:49:20.838830','86','Pilates -- Диана',2,'[{\"changed\": {\"fields\": [\"date\"]}}]',29,1),(3103,'2022-06-27 08:49:20.840688','76','Lady class -- Алена',2,'[{\"changed\": {\"fields\": [\"date\"]}}]',29,1),(3104,'2022-06-27 08:49:20.842563','75','Stretch -- Алена',2,'[{\"changed\": {\"fields\": [\"date\"]}}]',29,1),(3105,'2022-06-27 08:49:20.844487','74','Yoga -- Юлия П.',2,'[{\"changed\": {\"fields\": [\"date\"]}}]',29,1),(3106,'2022-06-27 08:49:20.846326','73','ABL -- Юлия П.',2,'[{\"changed\": {\"fields\": [\"date\"]}}]',29,1),(3107,'2022-06-27 08:49:20.848305','69','Abs+Stretch -- Юлия П.',2,'[{\"changed\": {\"fields\": [\"date\"]}}]',29,1),(3108,'2022-06-27 08:49:20.850170','68','Interval training (55 мин.) -- Диана',2,'[{\"changed\": {\"fields\": [\"date\"]}}]',29,1),(3109,'2022-06-27 08:49:20.852080','147','Рукопашный бой -- Роман',2,'[{\"changed\": {\"fields\": [\"date\"]}}]',29,1),(3110,'2022-06-27 08:49:20.853958','93','Power class -- Денис',2,'[{\"changed\": {\"fields\": [\"date\"]}}]',29,1),(3111,'2022-06-27 08:49:20.855833','92','Tabata -- Денис',2,'[{\"changed\": {\"fields\": [\"date\"]}}]',29,1),(3112,'2022-06-27 08:49:20.857716','89','Stretch -- Анастасия',2,'[{\"changed\": {\"fields\": [\"date\"]}}]',29,1),(3113,'2022-06-27 08:49:20.859567','85','Functional training -- Денис',2,'[{\"changed\": {\"fields\": [\"date\"]}}]',29,1),(3114,'2022-06-27 08:49:20.861420','83','MFR+Stretch -- Денис',2,'[{\"changed\": {\"fields\": [\"date\"]}}]',29,1),(3115,'2022-06-27 08:49:20.863273','82','Хатха Йога (1,5 часа) -- Алексей',2,'[{\"changed\": {\"fields\": [\"date\"]}}]',29,1),(3116,'2022-06-27 08:49:20.865118','81','Zumba -- Юлия Г.',2,'[{\"changed\": {\"fields\": [\"date\"]}}]',29,1),(3117,'2022-06-27 08:49:20.866957','78','Aero Yoga -- Ирина',2,'[{\"changed\": {\"fields\": [\"date\"]}}]',29,1),(3118,'2022-06-27 08:49:20.868880','141','Aero Yoga -- Наталья',2,'[{\"changed\": {\"fields\": [\"date\"]}}]',29,1),(3119,'2022-06-27 08:49:20.870759','136','ОФП -- Соня',2,'[{\"changed\": {\"fields\": [\"date\"]}}]',29,1),(3120,'2022-06-27 08:49:20.872712','131','Карате -- Илья',2,'[{\"changed\": {\"fields\": [\"date\"]}}]',29,1),(3121,'2022-06-27 08:49:20.874647','127','TRX -- Денис',2,'[{\"changed\": {\"fields\": [\"date\"]}}]',29,1),(3122,'2022-06-27 08:49:20.876901','100','Yoga -- Наталья',2,'[{\"changed\": {\"fields\": [\"date\"]}}]',29,1),(3123,'2022-06-27 08:49:20.879167','99','ABL -- Юлия Г.',2,'[{\"changed\": {\"fields\": [\"date\"]}}]',29,1),(3124,'2022-06-27 08:49:20.881171','98','Stretch -- Алена',2,'[{\"changed\": {\"fields\": [\"date\"]}}]',29,1),(3125,'2022-06-27 08:49:20.883106','94','Dance Mix -- Алена',2,'[{\"changed\": {\"fields\": [\"date\"]}}]',29,1),(3126,'2022-06-27 08:49:20.885012','91','Pilates -- Юлия Г.',2,'[{\"changed\": {\"fields\": [\"date\"]}}]',29,1),(3127,'2022-06-27 08:49:20.887036','90','Круговая тренировка -- Юлия Г.',2,'[{\"changed\": {\"fields\": [\"date\"]}}]',29,1),(3128,'2022-06-27 08:49:20.888900','84','Power class -- Наталья',2,'[{\"changed\": {\"fields\": [\"date\"]}}]',29,1),(3129,'2022-06-27 08:49:20.890803','150','Stretch -- Галина',2,'[{\"changed\": {\"fields\": [\"date\"]}}]',29,1),(3130,'2022-06-27 08:49:20.892720','149','Lady class -- Галина',2,'[{\"changed\": {\"fields\": [\"date\"]}}]',29,1),(3131,'2022-06-27 08:49:20.894694','148','Dance Mix -- Галина',2,'[{\"changed\": {\"fields\": [\"date\"]}}]',29,1),(3132,'2022-06-27 08:49:20.896590','140','Рукопашный бой -- Михаил',2,'[{\"changed\": {\"fields\": [\"date\"]}}]',29,1),(3133,'2022-06-27 08:49:20.898479','124','Stretch -- Анастасия',2,'[{\"changed\": {\"fields\": [\"date\"]}}]',29,1),(3134,'2022-06-27 08:49:20.900403','111','Tabata -- Денис',2,'[{\"changed\": {\"fields\": [\"date\"]}}]',29,1),(3135,'2022-06-27 08:49:20.902291','101','Хатха Йога (1,5 часа) -- Алексей',2,'[{\"changed\": {\"fields\": [\"date\"]}}]',29,1),(3136,'2022-06-27 08:49:20.904203','129','ABL -- Юлия Г.',2,'[{\"changed\": {\"fields\": [\"date\"]}}]',29,1),(3137,'2022-06-27 08:49:20.906159','123','Zumba -- Юлия Г.',2,'[{\"changed\": {\"fields\": [\"date\"]}}]',29,1),(3138,'2022-06-27 08:49:20.912137','122','Круговая тренировка -- Анастасия',2,'[{\"changed\": {\"fields\": [\"date\"]}}]',29,1),(3139,'2022-06-27 08:49:20.914088','119','MFR+Stretch -- Денис',2,'[{\"changed\": {\"fields\": [\"date\"]}}]',29,1),(3140,'2022-07-11 09:02:52.267450','144','Tabata -- Наталья',2,'[{\"changed\": {\"fields\": [\"date\"]}}]',29,1),(3141,'2022-07-11 09:02:52.271513','143','Yoga -- Юлия П.',2,'[{\"changed\": {\"fields\": [\"date\"]}}]',29,1),(3142,'2022-07-11 09:02:52.273995','142','Power class -- Юлия П.',2,'[{\"changed\": {\"fields\": [\"date\"]}}]',29,1),(3143,'2022-07-11 09:02:52.276455','137','Круговая тренировка -- Юлия П.',2,'[{\"changed\": {\"fields\": [\"date\"]}}]',29,1),(3144,'2022-07-11 09:02:52.278873','66','Stretch -- Галина',2,'[{\"changed\": {\"fields\": [\"date\"]}}]',29,1),(3145,'2022-07-11 09:02:52.281206','65','Здоровая спина+MFR -- Юлия П.',2,'[{\"changed\": {\"fields\": [\"date\"]}}]',29,1),(3146,'2022-07-11 09:02:52.283775','32','Pilates -- Наталья',2,'[{\"changed\": {\"fields\": [\"date\"]}}]',29,1),(3147,'2022-07-11 09:02:52.286259','25','Танец живота -- Галина',2,'[{\"changed\": {\"fields\": [\"date\"]}}]',29,1),(3148,'2022-07-11 09:02:52.288744','14','Aero Yoga -- Наталья',2,'[{\"changed\": {\"fields\": [\"date\"]}}]',29,1),(3149,'2022-07-11 09:02:52.291133','138','Power step -- Денис',2,'[{\"changed\": {\"fields\": [\"date\"]}}]',29,1),(3150,'2022-07-11 09:02:52.293520','133','Рукопашный бой -- Роман',2,'[{\"changed\": {\"fields\": [\"date\"]}}]',29,1),(3151,'2022-07-11 09:02:52.295895','118','Tabata -- Наталья',2,'[{\"changed\": {\"fields\": [\"date\"]}}]',29,1),(3152,'2022-07-11 09:02:52.298167','117','Хатха Йога (1,5 часа) -- Алексей',2,'[{\"changed\": {\"fields\": [\"date\"]}}]',29,1),(3153,'2022-07-11 09:02:52.300348','114','Functional training -- Денис',2,'[{\"changed\": {\"fields\": [\"date\"]}}]',29,1),(3154,'2022-07-11 09:02:52.302717','72','Здоровая спина+MFR -- Анастасия',2,'[{\"changed\": {\"fields\": [\"date\"]}}]',29,1),(3155,'2022-07-11 09:02:52.305158','67','Круговая тренировка -- Анастасия',2,'[{\"changed\": {\"fields\": [\"date\"]}}]',29,1),(3156,'2022-07-11 09:02:52.307517','59','Pilates -- Наталья',2,'[{\"changed\": {\"fields\": [\"date\"]}}]',29,1),(3157,'2022-07-11 09:02:52.309680','38','Aero Yoga -- Наталья',2,'[{\"changed\": {\"fields\": [\"date\"]}}]',29,1),(3158,'2022-07-11 09:02:52.311859','139','Круговая тренировка -- Юлия П.',2,'[{\"changed\": {\"fields\": [\"date\"]}}]',29,1),(3159,'2022-07-11 09:02:52.314144','135','ОФП -- Соня',2,'[{\"changed\": {\"fields\": [\"date\"]}}]',29,1),(3160,'2022-07-11 09:02:52.316378','130','Карате -- Илья',2,'[{\"changed\": {\"fields\": [\"date\"]}}]',29,1),(3161,'2022-07-11 09:02:52.318571','125','TRX -- Денис',2,'[{\"changed\": {\"fields\": [\"date\"]}}]',29,1),(3162,'2022-07-11 09:02:52.320737','86','Pilates -- Диана',2,'[{\"changed\": {\"fields\": [\"date\"]}}]',29,1),(3163,'2022-07-11 09:02:52.322883','76','Lady class -- Алена',2,'[{\"changed\": {\"fields\": [\"date\"]}}]',29,1),(3164,'2022-07-11 09:02:52.325170','75','Stretch -- Алена',2,'[{\"changed\": {\"fields\": [\"date\"]}}]',29,1),(3165,'2022-07-11 09:02:52.327315','74','Yoga -- Юлия П.',2,'[{\"changed\": {\"fields\": [\"date\"]}}]',29,1),(3166,'2022-07-11 09:02:52.329530','73','ABL -- Юлия П.',2,'[{\"changed\": {\"fields\": [\"date\"]}}]',29,1),(3167,'2022-07-11 09:02:52.331694','69','Abs+Stretch -- Юлия П.',2,'[{\"changed\": {\"fields\": [\"date\"]}}]',29,1),(3168,'2022-07-11 09:02:52.333872','68','Interval training (55 мин.) -- Диана',2,'[{\"changed\": {\"fields\": [\"date\"]}}]',29,1),(3169,'2022-07-11 09:02:52.336027','147','Рукопашный бой -- Роман',2,'[{\"changed\": {\"fields\": [\"date\"]}}]',29,1),(3170,'2022-07-11 09:02:52.338202','93','Power class -- Денис',2,'[{\"changed\": {\"fields\": [\"date\"]}}]',29,1),(3171,'2022-07-11 09:02:52.340457','92','Tabata -- Денис',2,'[{\"changed\": {\"fields\": [\"date\"]}}]',29,1),(3172,'2022-07-11 09:02:52.342636','89','Stretch -- Анастасия',2,'[{\"changed\": {\"fields\": [\"date\"]}}]',29,1),(3173,'2022-07-11 09:02:52.344819','85','Functional training -- Денис',2,'[{\"changed\": {\"fields\": [\"date\"]}}]',29,1),(3174,'2022-07-11 09:02:52.346985','83','MFR+Stretch -- Денис',2,'[{\"changed\": {\"fields\": [\"date\"]}}]',29,1),(3175,'2022-07-11 09:02:52.349153','82','Хатха Йога (1,5 часа) -- Алексей',2,'[{\"changed\": {\"fields\": [\"date\"]}}]',29,1),(3176,'2022-07-11 09:02:52.351409','81','Zumba -- Юлия Г.',2,'[{\"changed\": {\"fields\": [\"date\"]}}]',29,1),(3177,'2022-07-11 09:02:52.353654','78','Aero Yoga -- Ирина',2,'[{\"changed\": {\"fields\": [\"date\"]}}]',29,1),(3178,'2022-07-11 09:02:52.355885','141','Aero Yoga -- Наталья',2,'[{\"changed\": {\"fields\": [\"date\"]}}]',29,1),(3179,'2022-07-11 09:02:52.358194','136','ОФП -- Соня',2,'[{\"changed\": {\"fields\": [\"date\"]}}]',29,1),(3180,'2022-07-11 09:02:52.360570','131','Карате -- Илья',2,'[{\"changed\": {\"fields\": [\"date\"]}}]',29,1),(3181,'2022-07-11 09:02:52.362862','127','TRX -- Денис',2,'[{\"changed\": {\"fields\": [\"date\"]}}]',29,1),(3182,'2022-07-11 09:02:52.365287','100','Yoga -- Наталья',2,'[{\"changed\": {\"fields\": [\"date\"]}}]',29,1),(3183,'2022-07-11 09:02:52.367510','99','ABL -- Юлия Г.',2,'[{\"changed\": {\"fields\": [\"date\"]}}]',29,1),(3184,'2022-07-11 09:02:52.369851','98','Stretch -- Алена',2,'[{\"changed\": {\"fields\": [\"date\"]}}]',29,1),(3185,'2022-07-11 09:02:52.372186','94','Dance Mix -- Алена',2,'[{\"changed\": {\"fields\": [\"date\"]}}]',29,1),(3186,'2022-07-11 09:02:52.374516','91','Pilates -- Юлия Г.',2,'[{\"changed\": {\"fields\": [\"date\"]}}]',29,1),(3187,'2022-07-11 09:02:52.376821','90','Круговая тренировка -- Юлия Г.',2,'[{\"changed\": {\"fields\": [\"date\"]}}]',29,1),(3188,'2022-07-11 09:02:52.379945','84','Power class -- Наталья',2,'[{\"changed\": {\"fields\": [\"date\"]}}]',29,1),(3189,'2022-07-11 09:02:52.383535','150','Stretch -- Галина',2,'[{\"changed\": {\"fields\": [\"date\"]}}]',29,1),(3190,'2022-07-11 09:02:52.387055','149','Lady class -- Галина',2,'[{\"changed\": {\"fields\": [\"date\"]}}]',29,1),(3191,'2022-07-11 09:02:52.390463','148','Dance Mix -- Галина',2,'[{\"changed\": {\"fields\": [\"date\"]}}]',29,1),(3192,'2022-07-11 09:02:52.393560','140','Рукопашный бой -- Михаил',2,'[{\"changed\": {\"fields\": [\"date\"]}}]',29,1),(3193,'2022-07-11 09:02:52.396668','124','Stretch -- Анастасия',2,'[{\"changed\": {\"fields\": [\"date\"]}}]',29,1),(3194,'2022-07-11 09:02:52.400040','111','Tabata -- Денис',2,'[{\"changed\": {\"fields\": [\"date\"]}}]',29,1),(3195,'2022-07-11 09:02:52.402875','101','Хатха Йога (1,5 часа) -- Алексей',2,'[{\"changed\": {\"fields\": [\"date\"]}}]',29,1),(3196,'2022-07-11 09:02:52.405717','129','ABL -- Юлия Г.',2,'[{\"changed\": {\"fields\": [\"date\"]}}]',29,1),(3197,'2022-07-11 09:02:52.408537','123','Zumba -- Юлия Г.',2,'[{\"changed\": {\"fields\": [\"date\"]}}]',29,1),(3198,'2022-07-11 09:02:52.411308','122','Круговая тренировка -- Анастасия',2,'[{\"changed\": {\"fields\": [\"date\"]}}]',29,1),(3199,'2022-07-11 09:02:52.413954','119','MFR+Stretch -- Денис',2,'[{\"changed\": {\"fields\": [\"date\"]}}]',29,1),(3200,'2022-07-11 09:04:33.595934','141','Aero Yoga -- Наталья',2,'[{\"changed\": {\"fields\": [\"date\"]}}]',29,1),(3201,'2022-07-11 09:04:33.598361','136','ОФП -- Соня',2,'[{\"changed\": {\"fields\": [\"date\"]}}]',29,1),(3202,'2022-07-11 09:04:33.600232','131','Карате -- Илья',2,'[{\"changed\": {\"fields\": [\"date\"]}}]',29,1),(3203,'2022-07-11 09:04:33.602178','127','TRX -- Денис',2,'[{\"changed\": {\"fields\": [\"date\"]}}]',29,1),(3204,'2022-07-11 09:04:33.603953','100','Yoga -- Наталья',2,'[{\"changed\": {\"fields\": [\"date\"]}}]',29,1),(3205,'2022-07-11 09:04:33.605758','99','ABL -- Юлия Г.',2,'[{\"changed\": {\"fields\": [\"date\"]}}]',29,1),(3206,'2022-07-11 09:04:33.607581','98','Stretch -- Алена',2,'[{\"changed\": {\"fields\": [\"date\"]}}]',29,1),(3207,'2022-07-11 09:04:33.609422','94','Dance Mix -- Алена',2,'[{\"changed\": {\"fields\": [\"date\"]}}]',29,1),(3208,'2022-07-11 09:04:33.611221','91','Pilates -- Юлия Г.',2,'[{\"changed\": {\"fields\": [\"date\"]}}]',29,1),(3209,'2022-07-11 09:04:33.613033','90','Круговая тренировка -- Юлия Г.',2,'[{\"changed\": {\"fields\": [\"date\"]}}]',29,1),(3210,'2022-07-11 09:04:33.614858','84','Power class -- Наталья',2,'[{\"changed\": {\"fields\": [\"date\"]}}]',29,1),(3211,'2022-07-11 09:04:33.616724','150','Stretch -- Галина',2,'[{\"changed\": {\"fields\": [\"date\"]}}]',29,1),(3212,'2022-07-11 09:04:33.618527','149','Lady class -- Галина',2,'[{\"changed\": {\"fields\": [\"date\"]}}]',29,1),(3213,'2022-07-11 09:04:33.620353','148','Dance Mix -- Галина',2,'[{\"changed\": {\"fields\": [\"date\"]}}]',29,1),(3214,'2022-07-11 09:04:33.622197','140','Рукопашный бой -- Михаил',2,'[{\"changed\": {\"fields\": [\"date\"]}}]',29,1),(3215,'2022-07-11 09:04:33.624032','124','Stretch -- Анастасия',2,'[{\"changed\": {\"fields\": [\"date\"]}}]',29,1),(3216,'2022-07-11 09:04:33.625843','111','Tabata -- Денис',2,'[{\"changed\": {\"fields\": [\"date\"]}}]',29,1),(3217,'2022-07-11 09:04:33.627668','101','Хатха Йога (1,5 часа) -- Алексей',2,'[{\"changed\": {\"fields\": [\"date\"]}}]',29,1),(3218,'2022-07-11 09:04:33.629473','129','ABL -- Юлия Г.',2,'[{\"changed\": {\"fields\": [\"date\"]}}]',29,1),(3219,'2022-07-11 09:04:33.631261','123','Zumba -- Юлия Г.',2,'[{\"changed\": {\"fields\": [\"date\"]}}]',29,1),(3220,'2022-07-11 09:04:33.633136','122','Круговая тренировка -- Анастасия',2,'[{\"changed\": {\"fields\": [\"date\"]}}]',29,1),(3221,'2022-07-11 09:04:33.634973','119','MFR+Stretch -- Денис',2,'[{\"changed\": {\"fields\": [\"date\"]}}]',29,1),(3222,'2022-07-13 21:17:55.864895','119','MFR+Stretch -- Денис',2,'[{\"changed\": {\"fields\": [\"date\"]}}]',29,2),(3223,'2022-07-13 21:17:55.867749','124','Stretch -- Анастасия',2,'[{\"changed\": {\"fields\": [\"date\"]}}]',29,2),(3224,'2022-07-13 21:23:30.299674','24','Жаркое предложение июня!',2,'[{\"changed\": {\"fields\": [\"publicated\"]}}]',21,2),(3225,'2022-07-13 21:23:46.785984','23','Купи карту и занимайся с тренером БЕСПЛАТНО!',2,'[{\"changed\": {\"fields\": [\"publicated\"]}}]',21,2),(3226,'2022-07-18 09:42:46.124224','144','Tabata -- Наталья',2,'[{\"changed\": {\"fields\": [\"date\"]}}]',29,1),(3227,'2022-07-18 09:42:46.126912','143','Yoga -- Юлия П.',2,'[{\"changed\": {\"fields\": [\"date\"]}}]',29,1),(3228,'2022-07-18 09:42:46.128703','142','Power class -- Юлия П.',2,'[{\"changed\": {\"fields\": [\"date\"]}}]',29,1),(3229,'2022-07-18 09:42:46.130547','137','Круговая тренировка -- Юлия П.',2,'[{\"changed\": {\"fields\": [\"date\"]}}]',29,1),(3230,'2022-07-18 09:42:46.132255','66','Stretch -- Галина',2,'[{\"changed\": {\"fields\": [\"date\"]}}]',29,1),(3231,'2022-07-18 09:42:46.134003','65','Здоровая спина+MFR -- Юлия П.',2,'[{\"changed\": {\"fields\": [\"date\"]}}]',29,1),(3232,'2022-07-18 09:42:46.135752','32','Pilates -- Наталья',2,'[{\"changed\": {\"fields\": [\"date\"]}}]',29,1),(3233,'2022-07-18 09:42:46.137496','25','Танец живота -- Галина',2,'[{\"changed\": {\"fields\": [\"date\"]}}]',29,1),(3234,'2022-07-18 09:42:46.139411','14','Aero Yoga -- Наталья',2,'[{\"changed\": {\"fields\": [\"date\"]}}]',29,1),(3235,'2022-07-18 09:42:46.141187','138','Power step -- Денис',2,'[{\"changed\": {\"fields\": [\"date\"]}}]',29,1),(3236,'2022-07-18 09:42:46.142956','133','Рукопашный бой -- Роман',2,'[{\"changed\": {\"fields\": [\"date\"]}}]',29,1),(3237,'2022-07-18 09:42:46.144726','118','Tabata -- Наталья',2,'[{\"changed\": {\"fields\": [\"date\"]}}]',29,1),(3238,'2022-07-18 09:42:46.146584','117','Хатха Йога (1,5 часа) -- Алексей',2,'[{\"changed\": {\"fields\": [\"date\"]}}]',29,1),(3239,'2022-07-18 09:42:46.148362','114','Functional training -- Денис',2,'[{\"changed\": {\"fields\": [\"date\"]}}]',29,1),(3240,'2022-07-18 09:42:46.150110','72','Здоровая спина+MFR -- Анастасия',2,'[{\"changed\": {\"fields\": [\"date\"]}}]',29,1),(3241,'2022-07-18 09:42:46.151923','67','Круговая тренировка -- Анастасия',2,'[{\"changed\": {\"fields\": [\"date\"]}}]',29,1),(3242,'2022-07-18 09:42:46.153627','59','Pilates -- Наталья',2,'[{\"changed\": {\"fields\": [\"date\"]}}]',29,1),(3243,'2022-07-18 09:42:46.155358','38','Aero Yoga -- Наталья',2,'[{\"changed\": {\"fields\": [\"date\"]}}]',29,1),(3244,'2022-07-18 09:42:46.157022','139','Круговая тренировка -- Юлия П.',2,'[{\"changed\": {\"fields\": [\"date\"]}}]',29,1),(3245,'2022-07-18 09:42:46.158709','135','ОФП -- Соня',2,'[{\"changed\": {\"fields\": [\"date\"]}}]',29,1),(3246,'2022-07-18 09:42:46.160386','130','Карате -- Илья',2,'[{\"changed\": {\"fields\": [\"date\"]}}]',29,1),(3247,'2022-07-18 09:42:46.162162','125','TRX -- Денис',2,'[{\"changed\": {\"fields\": [\"date\"]}}]',29,1),(3248,'2022-07-18 09:42:46.163886','86','Pilates -- Диана',2,'[{\"changed\": {\"fields\": [\"date\"]}}]',29,1),(3249,'2022-07-18 09:42:46.165624','76','Lady class -- Алена',2,'[{\"changed\": {\"fields\": [\"date\"]}}]',29,1),(3250,'2022-07-18 09:42:46.167382','75','Stretch -- Алена',2,'[{\"changed\": {\"fields\": [\"date\"]}}]',29,1),(3251,'2022-07-18 09:42:46.169078','74','Yoga -- Юлия П.',2,'[{\"changed\": {\"fields\": [\"date\"]}}]',29,1),(3252,'2022-07-18 09:42:46.170773','73','ABL -- Юлия П.',2,'[{\"changed\": {\"fields\": [\"date\"]}}]',29,1),(3253,'2022-07-18 09:42:46.172473','69','Abs+Stretch -- Юлия П.',2,'[{\"changed\": {\"fields\": [\"date\"]}}]',29,1),(3254,'2022-07-18 09:42:46.174182','68','Interval training (55 мин.) -- Диана',2,'[{\"changed\": {\"fields\": [\"date\"]}}]',29,1),(3255,'2022-07-18 09:42:46.175894','147','Рукопашный бой -- Роман',2,'[{\"changed\": {\"fields\": [\"date\"]}}]',29,1),(3256,'2022-07-18 09:42:46.177625','93','Power class -- Денис',2,'[{\"changed\": {\"fields\": [\"date\"]}}]',29,1),(3257,'2022-07-18 09:42:46.179333','92','Tabata -- Денис',2,'[{\"changed\": {\"fields\": [\"date\"]}}]',29,1),(3258,'2022-07-18 09:42:46.181018','89','Stretch -- Анастасия',2,'[{\"changed\": {\"fields\": [\"date\"]}}]',29,1),(3259,'2022-07-18 09:42:46.182741','85','Functional training -- Денис',2,'[{\"changed\": {\"fields\": [\"date\"]}}]',29,1),(3260,'2022-07-18 09:42:46.184481','83','MFR+Stretch -- Денис',2,'[{\"changed\": {\"fields\": [\"date\"]}}]',29,1),(3261,'2022-07-18 09:42:46.186228','82','Хатха Йога (1,5 часа) -- Алексей',2,'[{\"changed\": {\"fields\": [\"date\"]}}]',29,1),(3262,'2022-07-18 09:42:46.187906','81','Zumba -- Юлия Г.',2,'[{\"changed\": {\"fields\": [\"date\"]}}]',29,1),(3263,'2022-07-18 09:42:46.189669','78','Aero Yoga -- Ирина',2,'[{\"changed\": {\"fields\": [\"date\"]}}]',29,1),(3264,'2022-07-18 09:42:46.191441','141','Aero Yoga -- Наталья',2,'[{\"changed\": {\"fields\": [\"date\"]}}]',29,1),(3265,'2022-07-18 09:42:46.193221','136','ОФП -- Соня',2,'[{\"changed\": {\"fields\": [\"date\"]}}]',29,1),(3266,'2022-07-18 09:42:46.195454','131','Карате -- Илья',2,'[{\"changed\": {\"fields\": [\"date\"]}}]',29,1),(3267,'2022-07-18 09:42:46.197247','127','TRX -- Денис',2,'[{\"changed\": {\"fields\": [\"date\"]}}]',29,1),(3268,'2022-07-18 09:42:46.198975','100','Yoga -- Наталья',2,'[{\"changed\": {\"fields\": [\"date\"]}}]',29,1),(3269,'2022-07-18 09:42:46.200652','99','ABL -- Юлия Г.',2,'[{\"changed\": {\"fields\": [\"date\"]}}]',29,1),(3270,'2022-07-18 09:42:46.202430','98','Stretch -- Алена',2,'[{\"changed\": {\"fields\": [\"date\"]}}]',29,1),(3271,'2022-07-18 09:42:46.204142','94','Dance Mix -- Алена',2,'[{\"changed\": {\"fields\": [\"date\"]}}]',29,1),(3272,'2022-07-18 09:42:46.205888','91','Pilates -- Юлия Г.',2,'[{\"changed\": {\"fields\": [\"date\"]}}]',29,1),(3273,'2022-07-18 09:42:46.213112','90','Круговая тренировка -- Юлия Г.',2,'[{\"changed\": {\"fields\": [\"date\"]}}]',29,1),(3274,'2022-07-18 09:42:46.214911','84','Power class -- Наталья',2,'[{\"changed\": {\"fields\": [\"date\"]}}]',29,1),(3275,'2022-07-18 09:42:46.216677','150','Stretch -- Галина',2,'[{\"changed\": {\"fields\": [\"date\"]}}]',29,1),(3276,'2022-07-18 09:42:46.218411','149','Lady class -- Галина',2,'[{\"changed\": {\"fields\": [\"date\"]}}]',29,1),(3277,'2022-07-18 09:42:46.220160','148','Dance Mix -- Галина',2,'[{\"changed\": {\"fields\": [\"date\"]}}]',29,1),(3278,'2022-07-18 09:42:46.221931','140','Рукопашный бой -- Михаил',2,'[{\"changed\": {\"fields\": [\"date\"]}}]',29,1),(3279,'2022-07-18 09:42:46.223692','119','MFR+Stretch -- Денис',2,'[{\"changed\": {\"fields\": [\"date\"]}}]',29,1),(3280,'2022-07-18 09:42:46.225434','111','Tabata -- Денис',2,'[{\"changed\": {\"fields\": [\"date\"]}}]',29,1),(3281,'2022-07-18 09:42:46.227231','101','Хатха Йога (1,5 часа) -- Алексей',2,'[{\"changed\": {\"fields\": [\"date\"]}}]',29,1),(3282,'2022-07-18 09:42:46.228998','129','ABL -- Юлия Г.',2,'[{\"changed\": {\"fields\": [\"date\"]}}]',29,1),(3283,'2022-07-18 09:42:46.230756','124','Stretch -- Анастасия',2,'[{\"changed\": {\"fields\": [\"date\"]}}]',29,1),(3284,'2022-07-18 09:42:46.232615','123','Zumba -- Юлия Г.',2,'[{\"changed\": {\"fields\": [\"date\"]}}]',29,1),(3285,'2022-07-18 09:42:46.234559','122','Круговая тренировка -- Анастасия',2,'[{\"changed\": {\"fields\": [\"date\"]}}]',29,1),(3286,'2022-07-25 08:34:33.054557','144','Tabata -- Наталья',2,'[{\"changed\": {\"fields\": [\"date\"]}}]',29,1),(3287,'2022-07-25 08:34:33.057066','143','Yoga -- Юлия П.',2,'[{\"changed\": {\"fields\": [\"date\"]}}]',29,1),(3288,'2022-07-25 08:34:33.058867','142','Power class -- Юлия П.',2,'[{\"changed\": {\"fields\": [\"date\"]}}]',29,1),(3289,'2022-07-25 08:34:33.060593','137','Круговая тренировка -- Юлия П.',2,'[{\"changed\": {\"fields\": [\"date\"]}}]',29,1),(3290,'2022-07-25 08:34:33.062385','66','Stretch -- Галина',2,'[{\"changed\": {\"fields\": [\"date\"]}}]',29,1),(3291,'2022-07-25 08:34:33.064064','65','Здоровая спина+MFR -- Юлия П.',2,'[{\"changed\": {\"fields\": [\"date\"]}}]',29,1),(3292,'2022-07-25 08:34:33.065799','32','Pilates -- Наталья',2,'[{\"changed\": {\"fields\": [\"date\"]}}]',29,1),(3293,'2022-07-25 08:34:33.067611','25','Танец живота -- Галина',2,'[{\"changed\": {\"fields\": [\"date\"]}}]',29,1),(3294,'2022-07-25 08:34:33.069376','14','Aero Yoga -- Наталья',2,'[{\"changed\": {\"fields\": [\"date\"]}}]',29,1),(3295,'2022-07-25 08:34:33.071211','138','Power step -- Денис',2,'[{\"changed\": {\"fields\": [\"date\"]}}]',29,1),(3296,'2022-07-25 08:34:33.073020','133','Рукопашный бой -- Роман',2,'[{\"changed\": {\"fields\": [\"date\"]}}]',29,1),(3297,'2022-07-25 08:34:33.075839','118','Tabata -- Наталья',2,'[{\"changed\": {\"fields\": [\"date\"]}}]',29,1),(3298,'2022-07-25 08:34:33.077606','117','Хатха Йога (1,5 часа) -- Алексей',2,'[{\"changed\": {\"fields\": [\"date\"]}}]',29,1),(3299,'2022-07-25 08:34:33.079371','114','Functional training -- Денис',2,'[{\"changed\": {\"fields\": [\"date\"]}}]',29,1),(3300,'2022-07-25 08:34:33.081194','72','Здоровая спина+MFR -- Анастасия',2,'[{\"changed\": {\"fields\": [\"date\"]}}]',29,1),(3301,'2022-07-25 08:34:33.083037','67','Круговая тренировка -- Анастасия',2,'[{\"changed\": {\"fields\": [\"date\"]}}]',29,1),(3302,'2022-07-25 08:34:33.084814','59','Pilates -- Наталья',2,'[{\"changed\": {\"fields\": [\"date\"]}}]',29,1),(3303,'2022-07-25 08:34:33.086601','38','Aero Yoga -- Наталья',2,'[{\"changed\": {\"fields\": [\"date\"]}}]',29,1),(3304,'2022-07-25 08:34:33.088390','139','Круговая тренировка -- Юлия П.',2,'[{\"changed\": {\"fields\": [\"date\"]}}]',29,1),(3305,'2022-07-25 08:34:33.090134','135','ОФП -- Соня',2,'[{\"changed\": {\"fields\": [\"date\"]}}]',29,1),(3306,'2022-07-25 08:34:33.091910','130','Карате -- Илья',2,'[{\"changed\": {\"fields\": [\"date\"]}}]',29,1),(3307,'2022-07-25 08:34:33.093665','125','TRX -- Денис',2,'[{\"changed\": {\"fields\": [\"date\"]}}]',29,1),(3308,'2022-07-25 08:34:33.095405','86','Pilates -- Диана',2,'[{\"changed\": {\"fields\": [\"date\"]}}]',29,1),(3309,'2022-07-25 08:34:33.097252','76','Lady class -- Алена',2,'[{\"changed\": {\"fields\": [\"date\"]}}]',29,1),(3310,'2022-07-25 08:34:33.099095','75','Stretch -- Алена',2,'[{\"changed\": {\"fields\": [\"date\"]}}]',29,1),(3311,'2022-07-25 08:34:33.100979','74','Yoga -- Юлия П.',2,'[{\"changed\": {\"fields\": [\"date\"]}}]',29,1),(3312,'2022-07-25 08:34:33.102852','73','ABL -- Юлия П.',2,'[{\"changed\": {\"fields\": [\"date\"]}}]',29,1),(3313,'2022-07-25 08:34:33.104668','69','Abs+Stretch -- Юлия П.',2,'[{\"changed\": {\"fields\": [\"date\"]}}]',29,1),(3314,'2022-07-25 08:34:33.108093','68','Interval training (55 мин.) -- Диана',2,'[{\"changed\": {\"fields\": [\"date\"]}}]',29,1),(3315,'2022-07-25 08:34:33.111730','147','Рукопашный бой -- Роман',2,'[{\"changed\": {\"fields\": [\"date\"]}}]',29,1),(3316,'2022-07-25 08:34:33.113654','93','Power class -- Денис',2,'[{\"changed\": {\"fields\": [\"date\"]}}]',29,1),(3317,'2022-07-25 08:34:33.115597','92','Tabata -- Денис',2,'[{\"changed\": {\"fields\": [\"date\"]}}]',29,1),(3318,'2022-07-25 08:34:33.117496','89','Stretch -- Анастасия',2,'[{\"changed\": {\"fields\": [\"date\"]}}]',29,1),(3319,'2022-07-25 08:34:33.119505','85','Functional training -- Денис',2,'[{\"changed\": {\"fields\": [\"date\"]}}]',29,1),(3320,'2022-07-25 08:34:33.121393','83','MFR+Stretch -- Денис',2,'[{\"changed\": {\"fields\": [\"date\"]}}]',29,1),(3321,'2022-07-25 08:34:33.123246','82','Хатха Йога (1,5 часа) -- Алексей',2,'[{\"changed\": {\"fields\": [\"date\"]}}]',29,1),(3322,'2022-07-25 08:34:33.125081','81','Zumba -- Юлия Г.',2,'[{\"changed\": {\"fields\": [\"date\"]}}]',29,1),(3323,'2022-07-25 08:34:33.126943','78','Aero Yoga -- Ирина',2,'[{\"changed\": {\"fields\": [\"date\"]}}]',29,1),(3324,'2022-07-25 08:34:33.128776','141','Aero Yoga -- Наталья',2,'[{\"changed\": {\"fields\": [\"date\"]}}]',29,1),(3325,'2022-07-25 08:34:33.130611','136','ОФП -- Соня',2,'[{\"changed\": {\"fields\": [\"date\"]}}]',29,1),(3326,'2022-07-25 08:34:33.132445','131','Карате -- Илья',2,'[{\"changed\": {\"fields\": [\"date\"]}}]',29,1),(3327,'2022-07-25 08:34:33.134529','127','TRX -- Денис',2,'[{\"changed\": {\"fields\": [\"date\"]}}]',29,1),(3328,'2022-07-25 08:34:33.136574','100','Yoga -- Наталья',2,'[{\"changed\": {\"fields\": [\"date\"]}}]',29,1),(3329,'2022-07-25 08:34:33.138930','99','ABL -- Юлия Г.',2,'[{\"changed\": {\"fields\": [\"date\"]}}]',29,1),(3330,'2022-07-25 08:34:33.140900','98','Stretch -- Алена',2,'[{\"changed\": {\"fields\": [\"date\"]}}]',29,1),(3331,'2022-07-25 08:34:33.142659','94','Dance Mix -- Алена',2,'[{\"changed\": {\"fields\": [\"date\"]}}]',29,1),(3332,'2022-07-25 08:34:33.144601','91','Pilates -- Юлия Г.',2,'[{\"changed\": {\"fields\": [\"date\"]}}]',29,1),(3333,'2022-07-25 08:34:33.146445','90','Круговая тренировка -- Юлия Г.',2,'[{\"changed\": {\"fields\": [\"date\"]}}]',29,1),(3334,'2022-07-25 08:34:33.148294','84','Power class -- Наталья',2,'[{\"changed\": {\"fields\": [\"date\"]}}]',29,1),(3335,'2022-07-25 08:34:33.150114','150','Stretch -- Галина',2,'[{\"changed\": {\"fields\": [\"date\"]}}]',29,1),(3336,'2022-07-25 08:34:33.151982','149','Lady class -- Галина',2,'[{\"changed\": {\"fields\": [\"date\"]}}]',29,1),(3337,'2022-07-25 08:34:33.153813','148','Dance Mix -- Галина',2,'[{\"changed\": {\"fields\": [\"date\"]}}]',29,1),(3338,'2022-07-25 08:34:33.155612','140','Рукопашный бой -- Михаил',2,'[{\"changed\": {\"fields\": [\"date\"]}}]',29,1),(3339,'2022-07-25 08:34:33.157417','119','MFR+Stretch -- Денис',2,'[{\"changed\": {\"fields\": [\"date\"]}}]',29,1),(3340,'2022-07-25 08:34:33.159228','111','Tabata -- Денис',2,'[{\"changed\": {\"fields\": [\"date\"]}}]',29,1),(3341,'2022-07-25 08:34:33.161095','101','Хатха Йога (1,5 часа) -- Алексей',2,'[{\"changed\": {\"fields\": [\"date\"]}}]',29,1),(3342,'2022-07-25 08:34:33.162912','129','ABL -- Юлия Г.',2,'[{\"changed\": {\"fields\": [\"date\"]}}]',29,1),(3343,'2022-07-25 08:34:33.164663','124','Stretch -- Анастасия',2,'[{\"changed\": {\"fields\": [\"date\"]}}]',29,1),(3344,'2022-07-25 08:34:33.166435','123','Zumba -- Юлия Г.',2,'[{\"changed\": {\"fields\": [\"date\"]}}]',29,1),(3345,'2022-07-25 08:34:33.168323','122','Круговая тренировка -- Анастасия',2,'[{\"changed\": {\"fields\": [\"date\"]}}]',29,1),(3346,'2022-08-01 07:34:42.146839','144','Tabata -- Наталья',2,'[{\"changed\": {\"fields\": [\"date\"]}}]',29,1),(3347,'2022-08-01 07:34:42.149507','143','Yoga -- Юлия П.',2,'[{\"changed\": {\"fields\": [\"date\"]}}]',29,1),(3348,'2022-08-01 07:34:42.151406','142','Power class -- Юлия П.',2,'[{\"changed\": {\"fields\": [\"date\"]}}]',29,1),(3349,'2022-08-01 07:34:42.153116','137','Круговая тренировка -- Юлия П.',2,'[{\"changed\": {\"fields\": [\"date\"]}}]',29,1),(3350,'2022-08-01 07:34:42.154860','66','Stretch -- Галина',2,'[{\"changed\": {\"fields\": [\"date\"]}}]',29,1),(3351,'2022-08-01 07:34:42.156606','65','Здоровая спина+MFR -- Юлия П.',2,'[{\"changed\": {\"fields\": [\"date\"]}}]',29,1),(3352,'2022-08-01 07:34:42.158304','32','Pilates -- Наталья',2,'[{\"changed\": {\"fields\": [\"date\"]}}]',29,1),(3353,'2022-08-01 07:34:42.160111','25','Танец живота -- Галина',2,'[{\"changed\": {\"fields\": [\"date\"]}}]',29,1),(3354,'2022-08-01 07:34:42.161853','14','Aero Yoga -- Наталья',2,'[{\"changed\": {\"fields\": [\"date\"]}}]',29,1),(3355,'2022-08-01 07:34:42.163689','138','Power step -- Денис',2,'[{\"changed\": {\"fields\": [\"date\"]}}]',29,1),(3356,'2022-08-01 07:34:42.165387','133','Рукопашный бой -- Роман',2,'[{\"changed\": {\"fields\": [\"date\"]}}]',29,1),(3357,'2022-08-01 07:34:42.167123','118','Tabata -- Наталья',2,'[{\"changed\": {\"fields\": [\"date\"]}}]',29,1),(3358,'2022-08-01 07:34:42.168865','117','Хатха Йога (1,5 часа) -- Алексей',2,'[{\"changed\": {\"fields\": [\"date\"]}}]',29,1),(3359,'2022-08-01 07:34:42.170635','114','Functional training -- Денис',2,'[{\"changed\": {\"fields\": [\"date\"]}}]',29,1),(3360,'2022-08-01 07:34:42.172397','72','Здоровая спина+MFR -- Анастасия',2,'[{\"changed\": {\"fields\": [\"date\"]}}]',29,1),(3361,'2022-08-01 07:34:42.174139','67','Круговая тренировка -- Анастасия',2,'[{\"changed\": {\"fields\": [\"date\"]}}]',29,1),(3362,'2022-08-01 07:34:42.175946','59','Pilates -- Наталья',2,'[{\"changed\": {\"fields\": [\"date\"]}}]',29,1),(3363,'2022-08-01 07:34:42.177743','38','Aero Yoga -- Наталья',2,'[{\"changed\": {\"fields\": [\"date\"]}}]',29,1),(3364,'2022-08-01 07:34:42.179553','139','Круговая тренировка -- Юлия П.',2,'[{\"changed\": {\"fields\": [\"date\"]}}]',29,1),(3365,'2022-08-01 07:34:42.181328','135','ОФП -- Соня',2,'[{\"changed\": {\"fields\": [\"date\"]}}]',29,1),(3366,'2022-08-01 07:34:42.183195','130','Карате -- Илья',2,'[{\"changed\": {\"fields\": [\"date\"]}}]',29,1),(3367,'2022-08-01 07:34:42.185026','125','TRX -- Денис',2,'[{\"changed\": {\"fields\": [\"date\"]}}]',29,1),(3368,'2022-08-01 07:34:42.186828','86','Pilates -- Диана',2,'[{\"changed\": {\"fields\": [\"date\"]}}]',29,1),(3369,'2022-08-01 07:34:42.188599','76','Lady class -- Алена',2,'[{\"changed\": {\"fields\": [\"date\"]}}]',29,1),(3370,'2022-08-01 07:34:42.190352','75','Stretch -- Алена',2,'[{\"changed\": {\"fields\": [\"date\"]}}]',29,1),(3371,'2022-08-01 07:34:42.192172','74','Yoga -- Юлия П.',2,'[{\"changed\": {\"fields\": [\"date\"]}}]',29,1),(3372,'2022-08-01 07:34:42.193867','73','ABL -- Юлия П.',2,'[{\"changed\": {\"fields\": [\"date\"]}}]',29,1),(3373,'2022-08-01 07:34:42.195586','69','Abs+Stretch -- Юлия П.',2,'[{\"changed\": {\"fields\": [\"date\"]}}]',29,1),(3374,'2022-08-01 07:34:42.197401','68','Interval training (55 мин.) -- Диана',2,'[{\"changed\": {\"fields\": [\"date\"]}}]',29,1),(3375,'2022-08-01 07:34:42.199254','147','Рукопашный бой -- Роман',2,'[{\"changed\": {\"fields\": [\"date\"]}}]',29,1),(3376,'2022-08-01 07:34:42.201183','93','Power class -- Денис',2,'[{\"changed\": {\"fields\": [\"date\"]}}]',29,1),(3377,'2022-08-01 07:34:42.202971','92','Tabata -- Денис',2,'[{\"changed\": {\"fields\": [\"date\"]}}]',29,1),(3378,'2022-08-01 07:34:42.204718','89','Stretch -- Анастасия',2,'[{\"changed\": {\"fields\": [\"date\"]}}]',29,1),(3379,'2022-08-01 07:34:42.206422','85','Functional training -- Денис',2,'[{\"changed\": {\"fields\": [\"date\"]}}]',29,1),(3380,'2022-08-01 07:34:42.208276','83','MFR+Stretch -- Денис',2,'[{\"changed\": {\"fields\": [\"date\"]}}]',29,1),(3381,'2022-08-01 07:34:42.210014','82','Хатха Йога (1,5 часа) -- Алексей',2,'[{\"changed\": {\"fields\": [\"date\"]}}]',29,1),(3382,'2022-08-01 07:34:42.211779','81','Zumba -- Юлия Г.',2,'[{\"changed\": {\"fields\": [\"date\"]}}]',29,1),(3383,'2022-08-01 07:34:42.213594','78','Aero Yoga -- Ирина',2,'[{\"changed\": {\"fields\": [\"date\"]}}]',29,1),(3384,'2022-08-01 07:34:42.215393','141','Aero Yoga -- Наталья',2,'[{\"changed\": {\"fields\": [\"date\"]}}]',29,1),(3385,'2022-08-01 07:34:42.217129','136','ОФП -- Соня',2,'[{\"changed\": {\"fields\": [\"date\"]}}]',29,1),(3386,'2022-08-01 07:34:42.219072','131','Карате -- Илья',2,'[{\"changed\": {\"fields\": [\"date\"]}}]',29,1),(3387,'2022-08-01 07:34:42.220999','127','TRX -- Денис',2,'[{\"changed\": {\"fields\": [\"date\"]}}]',29,1),(3388,'2022-08-01 07:34:42.222850','100','Yoga -- Наталья',2,'[{\"changed\": {\"fields\": [\"date\"]}}]',29,1),(3389,'2022-08-01 07:34:42.224749','99','ABL -- Юлия Г.',2,'[{\"changed\": {\"fields\": [\"date\"]}}]',29,1),(3390,'2022-08-01 07:34:42.226553','98','Stretch -- Алена',2,'[{\"changed\": {\"fields\": [\"date\"]}}]',29,1),(3391,'2022-08-01 07:34:42.228350','94','Dance Mix -- Алена',2,'[{\"changed\": {\"fields\": [\"date\"]}}]',29,1),(3392,'2022-08-01 07:34:42.230166','91','Pilates -- Юлия Г.',2,'[{\"changed\": {\"fields\": [\"date\"]}}]',29,1),(3393,'2022-08-01 07:34:42.231909','90','Круговая тренировка -- Юлия Г.',2,'[{\"changed\": {\"fields\": [\"date\"]}}]',29,1),(3394,'2022-08-01 07:34:42.233680','84','Power class -- Наталья',2,'[{\"changed\": {\"fields\": [\"date\"]}}]',29,1),(3395,'2022-08-01 07:34:42.235554','150','Stretch -- Галина',2,'[{\"changed\": {\"fields\": [\"date\"]}}]',29,1),(3396,'2022-08-01 07:34:42.237405','149','Lady class -- Галина',2,'[{\"changed\": {\"fields\": [\"date\"]}}]',29,1),(3397,'2022-08-01 07:34:42.239341','148','Dance Mix -- Галина',2,'[{\"changed\": {\"fields\": [\"date\"]}}]',29,1),(3398,'2022-08-01 07:34:42.241213','140','Рукопашный бой -- Михаил',2,'[{\"changed\": {\"fields\": [\"date\"]}}]',29,1),(3399,'2022-08-01 07:34:42.243148','119','MFR+Stretch -- Денис',2,'[{\"changed\": {\"fields\": [\"date\"]}}]',29,1),(3400,'2022-08-01 07:34:42.245117','111','Tabata -- Денис',2,'[{\"changed\": {\"fields\": [\"date\"]}}]',29,1),(3401,'2022-08-01 07:34:42.246971','101','Хатха Йога (1,5 часа) -- Алексей',2,'[{\"changed\": {\"fields\": [\"date\"]}}]',29,1),(3402,'2022-08-01 07:34:42.248823','129','ABL -- Юлия Г.',2,'[{\"changed\": {\"fields\": [\"date\"]}}]',29,1),(3403,'2022-08-01 07:34:42.250631','124','Stretch -- Анастасия',2,'[{\"changed\": {\"fields\": [\"date\"]}}]',29,1),(3404,'2022-08-01 07:34:42.252472','123','Zumba -- Юлия Г.',2,'[{\"changed\": {\"fields\": [\"date\"]}}]',29,1),(3405,'2022-08-01 07:34:42.254332','122','Круговая тренировка -- Анастасия',2,'[{\"changed\": {\"fields\": [\"date\"]}}]',29,1),(3406,'2022-08-08 08:32:49.159547','144','Tabata -- Наталья',2,'[{\"changed\": {\"fields\": [\"date\"]}}]',29,1),(3407,'2022-08-08 08:32:49.162471','143','Yoga -- Юлия П.',2,'[{\"changed\": {\"fields\": [\"date\"]}}]',29,1),(3408,'2022-08-08 08:32:49.169367','142','Power class -- Юлия П.',2,'[{\"changed\": {\"fields\": [\"date\"]}}]',29,1),(3409,'2022-08-08 08:32:49.171226','137','Круговая тренировка -- Юлия П.',2,'[{\"changed\": {\"fields\": [\"date\"]}}]',29,1),(3410,'2022-08-08 08:32:49.173171','66','Stretch -- Галина',2,'[{\"changed\": {\"fields\": [\"date\"]}}]',29,1),(3411,'2022-08-08 08:32:49.175031','65','Здоровая спина+MFR -- Юлия П.',2,'[{\"changed\": {\"fields\": [\"date\"]}}]',29,1),(3412,'2022-08-08 08:32:49.176886','32','Pilates -- Наталья',2,'[{\"changed\": {\"fields\": [\"date\"]}}]',29,1),(3413,'2022-08-08 08:32:49.178756','25','Танец живота -- Галина',2,'[{\"changed\": {\"fields\": [\"date\"]}}]',29,1),(3414,'2022-08-08 08:32:49.180620','14','Aero Yoga -- Наталья',2,'[{\"changed\": {\"fields\": [\"date\"]}}]',29,1),(3415,'2022-08-08 08:32:49.182565','138','Power step -- Денис',2,'[{\"changed\": {\"fields\": [\"date\"]}}]',29,1),(3416,'2022-08-08 08:32:49.184527','133','Рукопашный бой -- Роман',2,'[{\"changed\": {\"fields\": [\"date\"]}}]',29,1),(3417,'2022-08-08 08:32:49.186390','118','Tabata -- Наталья',2,'[{\"changed\": {\"fields\": [\"date\"]}}]',29,1),(3418,'2022-08-08 08:32:49.190052','117','Хатха Йога (1,5 часа) -- Алексей',2,'[{\"changed\": {\"fields\": [\"date\"]}}]',29,1),(3419,'2022-08-08 08:32:49.191950','114','Functional training -- Денис',2,'[{\"changed\": {\"fields\": [\"date\"]}}]',29,1),(3420,'2022-08-08 08:32:49.193914','72','Здоровая спина+MFR -- Анастасия',2,'[{\"changed\": {\"fields\": [\"date\"]}}]',29,1),(3421,'2022-08-08 08:32:49.195927','67','Круговая тренировка -- Анастасия',2,'[{\"changed\": {\"fields\": [\"date\"]}}]',29,1),(3422,'2022-08-08 08:32:49.197641','59','Pilates -- Наталья',2,'[{\"changed\": {\"fields\": [\"date\"]}}]',29,1),(3423,'2022-08-08 08:32:49.199485','38','Aero Yoga -- Наталья',2,'[{\"changed\": {\"fields\": [\"date\"]}}]',29,1),(3424,'2022-08-08 08:32:49.201263','139','Круговая тренировка -- Юлия П.',2,'[{\"changed\": {\"fields\": [\"date\"]}}]',29,1),(3425,'2022-08-08 08:32:49.203047','135','ОФП -- Соня',2,'[{\"changed\": {\"fields\": [\"date\"]}}]',29,1),(3426,'2022-08-08 08:32:49.204821','130','Карате -- Илья',2,'[{\"changed\": {\"fields\": [\"date\"]}}]',29,1),(3427,'2022-08-08 08:32:49.206615','125','TRX -- Денис',2,'[{\"changed\": {\"fields\": [\"date\"]}}]',29,1),(3428,'2022-08-08 08:32:49.208485','86','Pilates -- Диана',2,'[{\"changed\": {\"fields\": [\"date\"]}}]',29,1),(3429,'2022-08-08 08:32:49.210374','76','Lady class -- Алена',2,'[{\"changed\": {\"fields\": [\"date\"]}}]',29,1),(3430,'2022-08-08 08:32:49.212200','75','Stretch -- Алена',2,'[{\"changed\": {\"fields\": [\"date\"]}}]',29,1),(3431,'2022-08-08 08:32:49.213978','74','Yoga -- Юлия П.',2,'[{\"changed\": {\"fields\": [\"date\"]}}]',29,1),(3432,'2022-08-08 08:32:49.215713','73','ABL -- Юлия П.',2,'[{\"changed\": {\"fields\": [\"date\"]}}]',29,1),(3433,'2022-08-08 08:32:49.217470','69','Abs+Stretch -- Юлия П.',2,'[{\"changed\": {\"fields\": [\"date\"]}}]',29,1),(3434,'2022-08-08 08:32:49.219234','68','Interval training (55 мин.) -- Диана',2,'[{\"changed\": {\"fields\": [\"date\"]}}]',29,1),(3435,'2022-08-08 08:32:49.221040','147','Рукопашный бой -- Роман',2,'[{\"changed\": {\"fields\": [\"date\"]}}]',29,1),(3436,'2022-08-08 08:32:49.222852','93','Power class -- Денис',2,'[{\"changed\": {\"fields\": [\"date\"]}}]',29,1),(3437,'2022-08-08 08:32:49.224728','92','Tabata -- Денис',2,'[{\"changed\": {\"fields\": [\"date\"]}}]',29,1),(3438,'2022-08-08 08:32:49.226540','89','Stretch -- Анастасия',2,'[{\"changed\": {\"fields\": [\"date\"]}}]',29,1),(3439,'2022-08-08 08:32:49.228469','85','Functional training -- Денис',2,'[{\"changed\": {\"fields\": [\"date\"]}}]',29,1),(3440,'2022-08-08 08:32:49.230350','83','MFR+Stretch -- Денис',2,'[{\"changed\": {\"fields\": [\"date\"]}}]',29,1),(3441,'2022-08-08 08:32:49.232097','82','Хатха Йога (1,5 часа) -- Алексей',2,'[{\"changed\": {\"fields\": [\"date\"]}}]',29,1),(3442,'2022-08-08 08:32:49.233922','81','Zumba -- Юлия Г.',2,'[{\"changed\": {\"fields\": [\"date\"]}}]',29,1),(3443,'2022-08-08 08:32:49.235673','78','Aero Yoga -- Ирина',2,'[{\"changed\": {\"fields\": [\"date\"]}}]',29,1),(3444,'2022-08-08 08:32:49.237479','141','Aero Yoga -- Наталья',2,'[{\"changed\": {\"fields\": [\"date\"]}}]',29,1),(3445,'2022-08-08 08:32:49.239234','136','ОФП -- Соня',2,'[{\"changed\": {\"fields\": [\"date\"]}}]',29,1),(3446,'2022-08-08 08:32:49.241025','131','Карате -- Илья',2,'[{\"changed\": {\"fields\": [\"date\"]}}]',29,1),(3447,'2022-08-08 08:32:49.242814','127','TRX -- Денис',2,'[{\"changed\": {\"fields\": [\"date\"]}}]',29,1),(3448,'2022-08-08 08:32:49.244605','100','Yoga -- Наталья',2,'[{\"changed\": {\"fields\": [\"date\"]}}]',29,1),(3449,'2022-08-08 08:32:49.246405','99','ABL -- Юлия Г.',2,'[{\"changed\": {\"fields\": [\"date\"]}}]',29,1),(3450,'2022-08-08 08:32:49.248209','98','Stretch -- Алена',2,'[{\"changed\": {\"fields\": [\"date\"]}}]',29,1),(3451,'2022-08-08 08:32:49.249972','94','Dance Mix -- Алена',2,'[{\"changed\": {\"fields\": [\"date\"]}}]',29,1),(3452,'2022-08-08 08:32:49.251692','91','Pilates -- Юлия Г.',2,'[{\"changed\": {\"fields\": [\"date\"]}}]',29,1),(3453,'2022-08-08 08:32:49.253440','90','Круговая тренировка -- Юлия Г.',2,'[{\"changed\": {\"fields\": [\"date\"]}}]',29,1),(3454,'2022-08-08 08:32:49.255275','84','Power class -- Наталья',2,'[{\"changed\": {\"fields\": [\"date\"]}}]',29,1),(3455,'2022-08-08 08:32:49.256997','150','Stretch -- Галина',2,'[{\"changed\": {\"fields\": [\"date\"]}}]',29,1),(3456,'2022-08-08 08:32:49.258727','149','Lady class -- Галина',2,'[{\"changed\": {\"fields\": [\"date\"]}}]',29,1),(3457,'2022-08-08 08:32:49.260457','148','Dance Mix -- Галина',2,'[{\"changed\": {\"fields\": [\"date\"]}}]',29,1),(3458,'2022-08-08 08:32:49.262187','140','Рукопашный бой -- Михаил',2,'[{\"changed\": {\"fields\": [\"date\"]}}]',29,1),(3459,'2022-08-08 08:32:49.263966','119','MFR+Stretch -- Денис',2,'[{\"changed\": {\"fields\": [\"date\"]}}]',29,1),(3460,'2022-08-08 08:32:49.265728','111','Tabata -- Денис',2,'[{\"changed\": {\"fields\": [\"date\"]}}]',29,1),(3461,'2022-08-08 08:32:49.267416','101','Хатха Йога (1,5 часа) -- Алексей',2,'[{\"changed\": {\"fields\": [\"date\"]}}]',29,1),(3462,'2022-08-08 08:32:49.269104','129','ABL -- Юлия Г.',2,'[{\"changed\": {\"fields\": [\"date\"]}}]',29,1),(3463,'2022-08-08 08:32:49.271027','124','Stretch -- Анастасия',2,'[{\"changed\": {\"fields\": [\"date\"]}}]',29,1),(3464,'2022-08-08 08:32:49.272837','123','Zumba -- Юлия Г.',2,'[{\"changed\": {\"fields\": [\"date\"]}}]',29,1),(3465,'2022-08-08 08:32:49.274536','122','Круговая тренировка -- Анастасия',2,'[{\"changed\": {\"fields\": [\"date\"]}}]',29,1),(3466,'2022-08-15 10:06:06.308004','144','Tabata -- Наталья',2,'[{\"changed\": {\"fields\": [\"date\"]}}]',29,1),(3467,'2022-08-15 10:06:06.311335','143','Yoga -- Юлия П.',2,'[{\"changed\": {\"fields\": [\"date\"]}}]',29,1),(3468,'2022-08-15 10:06:06.313320','142','Power class -- Юлия П.',2,'[{\"changed\": {\"fields\": [\"date\"]}}]',29,1),(3469,'2022-08-15 10:06:06.315266','137','Круговая тренировка -- Юлия П.',2,'[{\"changed\": {\"fields\": [\"date\"]}}]',29,1),(3470,'2022-08-15 10:06:06.317048','66','Stretch -- Галина',2,'[{\"changed\": {\"fields\": [\"date\"]}}]',29,1),(3471,'2022-08-15 10:06:06.318818','65','Здоровая спина+MFR -- Юлия П.',2,'[{\"changed\": {\"fields\": [\"date\"]}}]',29,1),(3472,'2022-08-15 10:06:06.320603','32','Pilates -- Наталья',2,'[{\"changed\": {\"fields\": [\"date\"]}}]',29,1),(3473,'2022-08-15 10:06:06.322393','25','Танец живота -- Галина',2,'[{\"changed\": {\"fields\": [\"date\"]}}]',29,1),(3474,'2022-08-15 10:06:06.324136','14','Aero Yoga -- Наталья',2,'[{\"changed\": {\"fields\": [\"date\"]}}]',29,1),(3475,'2022-08-15 10:06:06.326079','138','Power step -- Денис',2,'[{\"changed\": {\"fields\": [\"date\"]}}]',29,1),(3476,'2022-08-15 10:06:06.328032','133','Рукопашный бой -- Роман',2,'[{\"changed\": {\"fields\": [\"date\"]}}]',29,1),(3477,'2022-08-15 10:06:06.329811','118','Tabata -- Наталья',2,'[{\"changed\": {\"fields\": [\"date\"]}}]',29,1),(3478,'2022-08-15 10:06:06.331593','117','Хатха Йога (1,5 часа) -- Алексей',2,'[{\"changed\": {\"fields\": [\"date\"]}}]',29,1),(3479,'2022-08-15 10:06:06.333354','114','Functional training -- Денис',2,'[{\"changed\": {\"fields\": [\"date\"]}}]',29,1),(3480,'2022-08-15 10:06:06.335139','72','Здоровая спина+MFR -- Анастасия',2,'[{\"changed\": {\"fields\": [\"date\"]}}]',29,1),(3481,'2022-08-15 10:06:06.337071','67','Круговая тренировка -- Анастасия',2,'[{\"changed\": {\"fields\": [\"date\"]}}]',29,1),(3482,'2022-08-15 10:06:06.338988','59','Pilates -- Наталья',2,'[{\"changed\": {\"fields\": [\"date\"]}}]',29,1),(3483,'2022-08-15 10:06:06.340985','38','Aero Yoga -- Наталья',2,'[{\"changed\": {\"fields\": [\"date\"]}}]',29,1),(3484,'2022-08-15 10:06:06.342703','139','Круговая тренировка -- Юлия П.',2,'[{\"changed\": {\"fields\": [\"date\"]}}]',29,1),(3485,'2022-08-15 10:06:06.344457','135','ОФП -- Соня',2,'[{\"changed\": {\"fields\": [\"date\"]}}]',29,1),(3486,'2022-08-15 10:06:06.346213','130','Карате -- Илья',2,'[{\"changed\": {\"fields\": [\"date\"]}}]',29,1),(3487,'2022-08-15 10:06:06.348225','125','TRX -- Денис',2,'[{\"changed\": {\"fields\": [\"date\"]}}]',29,1),(3488,'2022-08-15 10:06:06.350044','86','Pilates -- Диана',2,'[{\"changed\": {\"fields\": [\"date\"]}}]',29,1),(3489,'2022-08-15 10:06:06.351873','76','Lady class -- Алена',2,'[{\"changed\": {\"fields\": [\"date\"]}}]',29,1),(3490,'2022-08-15 10:06:06.353687','75','Stretch -- Алена',2,'[{\"changed\": {\"fields\": [\"date\"]}}]',29,1),(3491,'2022-08-15 10:06:06.355510','74','Yoga -- Юлия П.',2,'[{\"changed\": {\"fields\": [\"date\"]}}]',29,1),(3492,'2022-08-15 10:06:06.357321','73','ABL -- Юлия П.',2,'[{\"changed\": {\"fields\": [\"date\"]}}]',29,1),(3493,'2022-08-15 10:06:06.359075','69','Abs+Stretch -- Юлия П.',2,'[{\"changed\": {\"fields\": [\"date\"]}}]',29,1),(3494,'2022-08-15 10:06:06.367738','68','Interval training (55 мин.) -- Диана',2,'[{\"changed\": {\"fields\": [\"date\"]}}]',29,1),(3495,'2022-08-15 10:06:06.369705','147','Рукопашный бой -- Роман',2,'[{\"changed\": {\"fields\": [\"date\"]}}]',29,1),(3496,'2022-08-15 10:06:06.371558','93','Power class -- Денис',2,'[{\"changed\": {\"fields\": [\"date\"]}}]',29,1),(3497,'2022-08-15 10:06:06.373400','92','Tabata -- Денис',2,'[{\"changed\": {\"fields\": [\"date\"]}}]',29,1),(3498,'2022-08-15 10:06:06.375224','89','Stretch -- Анастасия',2,'[{\"changed\": {\"fields\": [\"date\"]}}]',29,1),(3499,'2022-08-15 10:06:06.377007','85','Functional training -- Денис',2,'[{\"changed\": {\"fields\": [\"date\"]}}]',29,1),(3500,'2022-08-15 10:06:06.378780','83','MFR+Stretch -- Денис',2,'[{\"changed\": {\"fields\": [\"date\"]}}]',29,1),(3501,'2022-08-15 10:06:06.380572','82','Хатха Йога (1,5 часа) -- Алексей',2,'[{\"changed\": {\"fields\": [\"date\"]}}]',29,1),(3502,'2022-08-15 10:06:06.382497','81','Zumba -- Юлия Г.',2,'[{\"changed\": {\"fields\": [\"date\"]}}]',29,1),(3503,'2022-08-15 10:06:06.384311','78','Aero Yoga -- Ирина',2,'[{\"changed\": {\"fields\": [\"date\"]}}]',29,1),(3504,'2022-08-15 10:06:06.386182','141','Aero Yoga -- Наталья',2,'[{\"changed\": {\"fields\": [\"date\"]}}]',29,1),(3505,'2022-08-15 10:06:06.387969','136','ОФП -- Соня',2,'[{\"changed\": {\"fields\": [\"date\"]}}]',29,1),(3506,'2022-08-15 10:06:06.389700','131','Карате -- Илья',2,'[{\"changed\": {\"fields\": [\"date\"]}}]',29,1),(3507,'2022-08-15 10:06:06.391575','127','TRX -- Денис',2,'[{\"changed\": {\"fields\": [\"date\"]}}]',29,1),(3508,'2022-08-15 10:06:06.393392','100','Yoga -- Наталья',2,'[{\"changed\": {\"fields\": [\"date\"]}}]',29,1),(3509,'2022-08-15 10:06:06.395215','99','ABL -- Юлия Г.',2,'[{\"changed\": {\"fields\": [\"date\"]}}]',29,1),(3510,'2022-08-15 10:06:06.397042','98','Stretch -- Алена',2,'[{\"changed\": {\"fields\": [\"date\"]}}]',29,1),(3511,'2022-08-15 10:06:06.398863','94','Dance Mix -- Алена',2,'[{\"changed\": {\"fields\": [\"date\"]}}]',29,1),(3512,'2022-08-15 10:06:06.400705','91','Pilates -- Юлия Г.',2,'[{\"changed\": {\"fields\": [\"date\"]}}]',29,1),(3513,'2022-08-15 10:06:06.402530','90','Круговая тренировка -- Юлия Г.',2,'[{\"changed\": {\"fields\": [\"date\"]}}]',29,1),(3514,'2022-08-15 10:06:06.404336','84','Power class -- Наталья',2,'[{\"changed\": {\"fields\": [\"date\"]}}]',29,1),(3515,'2022-08-15 10:06:06.406160','150','Stretch -- Галина',2,'[{\"changed\": {\"fields\": [\"date\"]}}]',29,1),(3516,'2022-08-15 10:06:06.408019','149','Lady class -- Галина',2,'[{\"changed\": {\"fields\": [\"date\"]}}]',29,1),(3517,'2022-08-15 10:06:06.409798','148','Dance Mix -- Галина',2,'[{\"changed\": {\"fields\": [\"date\"]}}]',29,1),(3518,'2022-08-15 10:06:06.411603','140','Рукопашный бой -- Михаил',2,'[{\"changed\": {\"fields\": [\"date\"]}}]',29,1),(3519,'2022-08-15 10:06:06.413403','119','MFR+Stretch -- Денис',2,'[{\"changed\": {\"fields\": [\"date\"]}}]',29,1),(3520,'2022-08-15 10:06:06.415353','111','Tabata -- Денис',2,'[{\"changed\": {\"fields\": [\"date\"]}}]',29,1),(3521,'2022-08-15 10:06:06.417174','101','Хатха Йога (1,5 часа) -- Алексей',2,'[{\"changed\": {\"fields\": [\"date\"]}}]',29,1),(3522,'2022-08-15 10:06:06.418964','129','ABL -- Юлия Г.',2,'[{\"changed\": {\"fields\": [\"date\"]}}]',29,1),(3523,'2022-08-15 10:06:06.420759','124','Stretch -- Анастасия',2,'[{\"changed\": {\"fields\": [\"date\"]}}]',29,1),(3524,'2022-08-15 10:06:06.422613','123','Zumba -- Юлия Г.',2,'[{\"changed\": {\"fields\": [\"date\"]}}]',29,1),(3525,'2022-08-15 10:06:06.424384','122','Круговая тренировка -- Анастасия',2,'[{\"changed\": {\"fields\": [\"date\"]}}]',29,1),(3526,'2022-08-22 10:26:15.596891','144','Tabata -- Наталья',2,'[{\"changed\": {\"fields\": [\"date\"]}}]',29,1),(3527,'2022-08-22 10:26:15.599860','143','Yoga -- Юлия П.',2,'[{\"changed\": {\"fields\": [\"date\"]}}]',29,1),(3528,'2022-08-22 10:26:15.602008','142','Power class -- Юлия П.',2,'[{\"changed\": {\"fields\": [\"date\"]}}]',29,1),(3529,'2022-08-22 10:26:15.604120','137','Круговая тренировка -- Юлия П.',2,'[{\"changed\": {\"fields\": [\"date\"]}}]',29,1),(3530,'2022-08-22 10:26:15.606247','66','Stretch -- Галина',2,'[{\"changed\": {\"fields\": [\"date\"]}}]',29,1),(3531,'2022-08-22 10:26:15.608352','65','Здоровая спина+MFR -- Юлия П.',2,'[{\"changed\": {\"fields\": [\"date\"]}}]',29,1),(3532,'2022-08-22 10:26:15.610451','32','Pilates -- Наталья',2,'[{\"changed\": {\"fields\": [\"date\"]}}]',29,1),(3533,'2022-08-22 10:26:15.612560','25','Танец живота -- Галина',2,'[{\"changed\": {\"fields\": [\"date\"]}}]',29,1),(3534,'2022-08-22 10:26:15.614660','14','Aero Yoga -- Наталья',2,'[{\"changed\": {\"fields\": [\"date\"]}}]',29,1),(3535,'2022-08-22 10:26:15.616756','138','Power step -- Денис',2,'[{\"changed\": {\"fields\": [\"date\"]}}]',29,1),(3536,'2022-08-22 10:26:15.618853','133','Рукопашный бой -- Роман',2,'[{\"changed\": {\"fields\": [\"date\"]}}]',29,1),(3537,'2022-08-22 10:26:15.620965','118','Tabata -- Наталья',2,'[{\"changed\": {\"fields\": [\"date\"]}}]',29,1),(3538,'2022-08-22 10:26:15.623078','117','Хатха Йога (1,5 часа) -- Алексей',2,'[{\"changed\": {\"fields\": [\"date\"]}}]',29,1),(3539,'2022-08-22 10:26:15.625198','114','Functional training -- Денис',2,'[{\"changed\": {\"fields\": [\"date\"]}}]',29,1),(3540,'2022-08-22 10:26:15.627315','72','Здоровая спина+MFR -- Анастасия',2,'[{\"changed\": {\"fields\": [\"date\"]}}]',29,1),(3541,'2022-08-22 10:26:15.629415','67','Круговая тренировка -- Анастасия',2,'[{\"changed\": {\"fields\": [\"date\"]}}]',29,1),(3542,'2022-08-22 10:26:15.631522','59','Pilates -- Наталья',2,'[{\"changed\": {\"fields\": [\"date\"]}}]',29,1),(3543,'2022-08-22 10:26:15.638355','38','Aero Yoga -- Наталья',2,'[{\"changed\": {\"fields\": [\"date\"]}}]',29,1),(3544,'2022-08-22 10:26:15.640706','139','Круговая тренировка -- Юлия П.',2,'[{\"changed\": {\"fields\": [\"date\"]}}]',29,1),(3545,'2022-08-22 10:26:15.642839','135','ОФП -- Соня',2,'[{\"changed\": {\"fields\": [\"date\"]}}]',29,1),(3546,'2022-08-22 10:26:15.644997','130','Карате -- Илья',2,'[{\"changed\": {\"fields\": [\"date\"]}}]',29,1),(3547,'2022-08-22 10:26:15.647151','125','TRX -- Денис',2,'[{\"changed\": {\"fields\": [\"date\"]}}]',29,1),(3548,'2022-08-22 10:26:15.649288','86','Pilates -- Диана',2,'[{\"changed\": {\"fields\": [\"date\"]}}]',29,1),(3549,'2022-08-22 10:26:15.651417','76','Lady class -- Алена',2,'[{\"changed\": {\"fields\": [\"date\"]}}]',29,1),(3550,'2022-08-22 10:26:15.653580','75','Stretch -- Алена',2,'[{\"changed\": {\"fields\": [\"date\"]}}]',29,1),(3551,'2022-08-22 10:26:15.655769','74','Yoga -- Юлия П.',2,'[{\"changed\": {\"fields\": [\"date\"]}}]',29,1),(3552,'2022-08-22 10:26:15.658924','73','ABL -- Юлия П.',2,'[{\"changed\": {\"fields\": [\"date\"]}}]',29,1),(3553,'2022-08-22 10:26:15.661101','69','Abs+Stretch -- Юлия П.',2,'[{\"changed\": {\"fields\": [\"date\"]}}]',29,1),(3554,'2022-08-22 10:26:15.663311','68','Interval training (55 мин.) -- Диана',2,'[{\"changed\": {\"fields\": [\"date\"]}}]',29,1),(3555,'2022-08-22 10:26:15.665447','147','Рукопашный бой -- Роман',2,'[{\"changed\": {\"fields\": [\"date\"]}}]',29,1),(3556,'2022-08-22 10:26:15.667613','93','Power class -- Денис',2,'[{\"changed\": {\"fields\": [\"date\"]}}]',29,1),(3557,'2022-08-22 10:26:15.669801','92','Tabata -- Денис',2,'[{\"changed\": {\"fields\": [\"date\"]}}]',29,1),(3558,'2022-08-22 10:26:15.671998','89','Stretch -- Анастасия',2,'[{\"changed\": {\"fields\": [\"date\"]}}]',29,1),(3559,'2022-08-22 10:26:15.674178','85','Functional training -- Денис',2,'[{\"changed\": {\"fields\": [\"date\"]}}]',29,1),(3560,'2022-08-22 10:26:15.676387','83','MFR+Stretch -- Денис',2,'[{\"changed\": {\"fields\": [\"date\"]}}]',29,1),(3561,'2022-08-22 10:26:15.678591','82','Хатха Йога (1,5 часа) -- Алексей',2,'[{\"changed\": {\"fields\": [\"date\"]}}]',29,1),(3562,'2022-08-22 10:26:15.680835','81','Zumba -- Юлия Г.',2,'[{\"changed\": {\"fields\": [\"date\"]}}]',29,1),(3563,'2022-08-22 10:26:15.683021','78','Aero Yoga -- Ирина',2,'[{\"changed\": {\"fields\": [\"date\"]}}]',29,1),(3564,'2022-08-22 10:26:15.685251','141','Aero Yoga -- Наталья',2,'[{\"changed\": {\"fields\": [\"date\"]}}]',29,1),(3565,'2022-08-22 10:26:15.687749','136','ОФП -- Соня',2,'[{\"changed\": {\"fields\": [\"date\"]}}]',29,1),(3566,'2022-08-22 10:26:15.690003','131','Карате -- Илья',2,'[{\"changed\": {\"fields\": [\"date\"]}}]',29,1),(3567,'2022-08-22 10:26:15.692398','127','TRX -- Денис',2,'[{\"changed\": {\"fields\": [\"date\"]}}]',29,1),(3568,'2022-08-22 10:26:15.694597','100','Yoga -- Наталья',2,'[{\"changed\": {\"fields\": [\"date\"]}}]',29,1),(3569,'2022-08-22 10:26:15.696830','99','ABL -- Юлия Г.',2,'[{\"changed\": {\"fields\": [\"date\"]}}]',29,1),(3570,'2022-08-22 10:26:15.699081','98','Stretch -- Алена',2,'[{\"changed\": {\"fields\": [\"date\"]}}]',29,1),(3571,'2022-08-22 10:26:15.701352','94','Dance Mix -- Алена',2,'[{\"changed\": {\"fields\": [\"date\"]}}]',29,1),(3572,'2022-08-22 10:26:15.703584','91','Pilates -- Юлия Г.',2,'[{\"changed\": {\"fields\": [\"date\"]}}]',29,1),(3573,'2022-08-22 10:26:15.705837','90','Круговая тренировка -- Юлия Г.',2,'[{\"changed\": {\"fields\": [\"date\"]}}]',29,1),(3574,'2022-08-22 10:26:15.708096','84','Power class -- Наталья',2,'[{\"changed\": {\"fields\": [\"date\"]}}]',29,1),(3575,'2022-08-22 10:26:15.710331','150','Stretch -- Галина',2,'[{\"changed\": {\"fields\": [\"date\"]}}]',29,1),(3576,'2022-08-22 10:26:15.712541','149','Lady class -- Галина',2,'[{\"changed\": {\"fields\": [\"date\"]}}]',29,1),(3577,'2022-08-22 10:26:15.714785','148','Dance Mix -- Галина',2,'[{\"changed\": {\"fields\": [\"date\"]}}]',29,1),(3578,'2022-08-22 10:26:15.717052','140','Рукопашный бой -- Михаил',2,'[{\"changed\": {\"fields\": [\"date\"]}}]',29,1),(3579,'2022-08-22 10:26:15.719440','119','MFR+Stretch -- Денис',2,'[{\"changed\": {\"fields\": [\"date\"]}}]',29,1),(3580,'2022-08-22 10:26:15.721670','111','Tabata -- Денис',2,'[{\"changed\": {\"fields\": [\"date\"]}}]',29,1),(3581,'2022-08-22 10:26:15.723887','101','Хатха Йога (1,5 часа) -- Алексей',2,'[{\"changed\": {\"fields\": [\"date\"]}}]',29,1),(3582,'2022-08-22 10:26:15.726115','129','ABL -- Юлия Г.',2,'[{\"changed\": {\"fields\": [\"date\"]}}]',29,1),(3583,'2022-08-22 10:26:15.728352','124','Stretch -- Анастасия',2,'[{\"changed\": {\"fields\": [\"date\"]}}]',29,1),(3584,'2022-08-22 10:26:15.730589','123','Zumba -- Юлия Г.',2,'[{\"changed\": {\"fields\": [\"date\"]}}]',29,1),(3585,'2022-08-22 10:26:15.732835','122','Круговая тренировка -- Анастасия',2,'[{\"changed\": {\"fields\": [\"date\"]}}]',29,1),(3586,'2022-08-29 10:07:48.735958','144','Tabata -- Наталья',2,'[{\"changed\": {\"fields\": [\"date\"]}}]',29,1),(3587,'2022-08-29 10:07:48.738815','143','Yoga -- Юлия П.',2,'[{\"changed\": {\"fields\": [\"date\"]}}]',29,1),(3588,'2022-08-29 10:07:48.740720','142','Power class -- Юлия П.',2,'[{\"changed\": {\"fields\": [\"date\"]}}]',29,1),(3589,'2022-08-29 10:07:48.742569','137','Круговая тренировка -- Юлия П.',2,'[{\"changed\": {\"fields\": [\"date\"]}}]',29,1),(3590,'2022-08-29 10:07:48.744532','66','Stretch -- Галина',2,'[{\"changed\": {\"fields\": [\"date\"]}}]',29,1),(3591,'2022-08-29 10:07:48.746400','65','Здоровая спина+MFR -- Юлия П.',2,'[{\"changed\": {\"fields\": [\"date\"]}}]',29,1),(3592,'2022-08-29 10:07:48.748193','32','Pilates -- Наталья',2,'[{\"changed\": {\"fields\": [\"date\"]}}]',29,1),(3593,'2022-08-29 10:07:48.750041','25','Танец живота -- Галина',2,'[{\"changed\": {\"fields\": [\"date\"]}}]',29,1),(3594,'2022-08-29 10:07:48.751841','14','Aero Yoga -- Наталья',2,'[{\"changed\": {\"fields\": [\"date\"]}}]',29,1),(3595,'2022-08-29 10:07:48.753559','138','Power step -- Денис',2,'[{\"changed\": {\"fields\": [\"date\"]}}]',29,1),(3596,'2022-08-29 10:07:48.755442','133','Рукопашный бой -- Роман',2,'[{\"changed\": {\"fields\": [\"date\"]}}]',29,1),(3597,'2022-08-29 10:07:48.757276','118','Tabata -- Наталья',2,'[{\"changed\": {\"fields\": [\"date\"]}}]',29,1),(3598,'2022-08-29 10:07:48.759074','117','Хатха Йога (1,5 часа) -- Алексей',2,'[{\"changed\": {\"fields\": [\"date\"]}}]',29,1),(3599,'2022-08-29 10:07:48.760897','114','Functional training -- Денис',2,'[{\"changed\": {\"fields\": [\"date\"]}}]',29,1),(3600,'2022-08-29 10:07:48.762709','72','Здоровая спина+MFR -- Анастасия',2,'[{\"changed\": {\"fields\": [\"date\"]}}]',29,1),(3601,'2022-08-29 10:07:48.764433','67','Круговая тренировка -- Анастасия',2,'[{\"changed\": {\"fields\": [\"date\"]}}]',29,1),(3602,'2022-08-29 10:07:48.766205','59','Pilates -- Наталья',2,'[{\"changed\": {\"fields\": [\"date\"]}}]',29,1),(3603,'2022-08-29 10:07:48.767910','38','Aero Yoga -- Наталья',2,'[{\"changed\": {\"fields\": [\"date\"]}}]',29,1),(3604,'2022-08-29 10:07:48.769636','139','Круговая тренировка -- Юлия П.',2,'[{\"changed\": {\"fields\": [\"date\"]}}]',29,1),(3605,'2022-08-29 10:07:48.771326','135','ОФП -- Соня',2,'[{\"changed\": {\"fields\": [\"date\"]}}]',29,1),(3606,'2022-08-29 10:07:48.773119','130','Карате -- Илья',2,'[{\"changed\": {\"fields\": [\"date\"]}}]',29,1),(3607,'2022-08-29 10:07:48.775003','125','TRX -- Денис',2,'[{\"changed\": {\"fields\": [\"date\"]}}]',29,1),(3608,'2022-08-29 10:07:48.776880','86','Pilates -- Диана',2,'[{\"changed\": {\"fields\": [\"date\"]}}]',29,1),(3609,'2022-08-29 10:07:48.778724','76','Lady class -- Алена',2,'[{\"changed\": {\"fields\": [\"date\"]}}]',29,1),(3610,'2022-08-29 10:07:48.780547','75','Stretch -- Алена',2,'[{\"changed\": {\"fields\": [\"date\"]}}]',29,1),(3611,'2022-08-29 10:07:48.782381','74','Yoga -- Юлия П.',2,'[{\"changed\": {\"fields\": [\"date\"]}}]',29,1),(3612,'2022-08-29 10:07:48.784160','73','ABL -- Юлия П.',2,'[{\"changed\": {\"fields\": [\"date\"]}}]',29,1),(3613,'2022-08-29 10:07:48.786041','69','Abs+Stretch -- Юлия П.',2,'[{\"changed\": {\"fields\": [\"date\"]}}]',29,1),(3614,'2022-08-29 10:07:48.788723','68','Interval training (55 мин.) -- Диана',2,'[{\"changed\": {\"fields\": [\"date\"]}}]',29,1),(3615,'2022-08-29 10:07:48.790873','147','Рукопашный бой -- Роман',2,'[{\"changed\": {\"fields\": [\"date\"]}}]',29,1),(3616,'2022-08-29 10:07:48.792766','93','Power class -- Денис',2,'[{\"changed\": {\"fields\": [\"date\"]}}]',29,1),(3617,'2022-08-29 10:07:48.794578','92','Tabata -- Денис',2,'[{\"changed\": {\"fields\": [\"date\"]}}]',29,1),(3618,'2022-08-29 10:07:48.796383','89','Stretch -- Анастасия',2,'[{\"changed\": {\"fields\": [\"date\"]}}]',29,1),(3619,'2022-08-29 10:07:48.798288','85','Functional training -- Денис',2,'[{\"changed\": {\"fields\": [\"date\"]}}]',29,1),(3620,'2022-08-29 10:07:48.800121','83','MFR+Stretch -- Денис',2,'[{\"changed\": {\"fields\": [\"date\"]}}]',29,1),(3621,'2022-08-29 10:07:48.801970','82','Хатха Йога (1,5 часа) -- Алексей',2,'[{\"changed\": {\"fields\": [\"date\"]}}]',29,1),(3622,'2022-08-29 10:07:48.803799','81','Zumba -- Юлия Г.',2,'[{\"changed\": {\"fields\": [\"date\"]}}]',29,1),(3623,'2022-08-29 10:07:48.805597','78','Aero Yoga -- Ирина',2,'[{\"changed\": {\"fields\": [\"date\"]}}]',29,1),(3624,'2022-08-29 10:07:48.807414','141','Aero Yoga -- Наталья',2,'[{\"changed\": {\"fields\": [\"date\"]}}]',29,1),(3625,'2022-08-29 10:07:48.809264','136','ОФП -- Соня',2,'[{\"changed\": {\"fields\": [\"date\"]}}]',29,1),(3626,'2022-08-29 10:07:48.811134','131','Карате -- Илья',2,'[{\"changed\": {\"fields\": [\"date\"]}}]',29,1),(3627,'2022-08-29 10:07:48.812969','127','TRX -- Денис',2,'[{\"changed\": {\"fields\": [\"date\"]}}]',29,1),(3628,'2022-08-29 10:07:48.814767','100','Yoga -- Наталья',2,'[{\"changed\": {\"fields\": [\"date\"]}}]',29,1),(3629,'2022-08-29 10:07:48.816561','99','ABL -- Юлия Г.',2,'[{\"changed\": {\"fields\": [\"date\"]}}]',29,1),(3630,'2022-08-29 10:07:48.818389','98','Stretch -- Алена',2,'[{\"changed\": {\"fields\": [\"date\"]}}]',29,1),(3631,'2022-08-29 10:07:48.820396','94','Dance Mix -- Алена',2,'[{\"changed\": {\"fields\": [\"date\"]}}]',29,1),(3632,'2022-08-29 10:07:48.822314','91','Pilates -- Юлия Г.',2,'[{\"changed\": {\"fields\": [\"date\"]}}]',29,1),(3633,'2022-08-29 10:07:48.824181','90','Круговая тренировка -- Юлия Г.',2,'[{\"changed\": {\"fields\": [\"date\"]}}]',29,1),(3634,'2022-08-29 10:07:48.826012','84','Power class -- Наталья',2,'[{\"changed\": {\"fields\": [\"date\"]}}]',29,1),(3635,'2022-08-29 10:07:48.827837','150','Stretch -- Галина',2,'[{\"changed\": {\"fields\": [\"date\"]}}]',29,1),(3636,'2022-08-29 10:07:48.829759','149','Lady class -- Галина',2,'[{\"changed\": {\"fields\": [\"date\"]}}]',29,1),(3637,'2022-08-29 10:07:48.831698','148','Dance Mix -- Галина',2,'[{\"changed\": {\"fields\": [\"date\"]}}]',29,1),(3638,'2022-08-29 10:07:48.833572','140','Рукопашный бой -- Михаил',2,'[{\"changed\": {\"fields\": [\"date\"]}}]',29,1),(3639,'2022-08-29 10:07:48.835576','119','MFR+Stretch -- Денис',2,'[{\"changed\": {\"fields\": [\"date\"]}}]',29,1),(3640,'2022-08-29 10:07:48.837468','111','Tabata -- Денис',2,'[{\"changed\": {\"fields\": [\"date\"]}}]',29,1),(3641,'2022-08-29 10:07:48.839345','101','Хатха Йога (1,5 часа) -- Алексей',2,'[{\"changed\": {\"fields\": [\"date\"]}}]',29,1),(3642,'2022-08-29 10:07:48.841228','129','ABL -- Юлия Г.',2,'[{\"changed\": {\"fields\": [\"date\"]}}]',29,1),(3643,'2022-08-29 10:07:48.843235','124','Stretch -- Анастасия',2,'[{\"changed\": {\"fields\": [\"date\"]}}]',29,1),(3644,'2022-08-29 10:07:48.845134','123','Zumba -- Юлия Г.',2,'[{\"changed\": {\"fields\": [\"date\"]}}]',29,1),(3645,'2022-08-29 10:07:48.846959','122','Круговая тренировка -- Анастасия',2,'[{\"changed\": {\"fields\": [\"date\"]}}]',29,1),(3646,'2022-08-30 00:43:52.587057','25','Почувствуй себя студентом!',1,'[{\"added\": {}}]',21,2),(3647,'2022-09-05 04:08:00.657215','144','Tabata -- Наталья',2,'[{\"changed\": {\"fields\": [\"date\"]}}]',29,1),(3648,'2022-09-05 04:08:00.660215','143','Yoga -- Юлия П.',2,'[{\"changed\": {\"fields\": [\"date\"]}}]',29,1),(3649,'2022-09-05 04:08:00.661990','142','Power class -- Юлия П.',2,'[{\"changed\": {\"fields\": [\"date\"]}}]',29,1),(3650,'2022-09-05 04:08:00.663952','137','Круговая тренировка -- Юлия П.',2,'[{\"changed\": {\"fields\": [\"date\"]}}]',29,1),(3651,'2022-09-05 04:08:00.665767','66','Stretch -- Галина',2,'[{\"changed\": {\"fields\": [\"date\"]}}]',29,1),(3652,'2022-09-05 04:08:00.667581','65','Здоровая спина+MFR -- Юлия П.',2,'[{\"changed\": {\"fields\": [\"date\"]}}]',29,1),(3653,'2022-09-05 04:08:00.669676','32','Pilates -- Наталья',2,'[{\"changed\": {\"fields\": [\"date\"]}}]',29,1),(3654,'2022-09-05 04:08:00.671517','25','Танец живота -- Галина',2,'[{\"changed\": {\"fields\": [\"date\"]}}]',29,1),(3655,'2022-09-05 04:08:00.673342','14','Aero Yoga -- Наталья',2,'[{\"changed\": {\"fields\": [\"date\"]}}]',29,1),(3656,'2022-09-05 04:08:00.675136','138','Power step -- Денис',2,'[{\"changed\": {\"fields\": [\"date\"]}}]',29,1),(3657,'2022-09-05 04:08:00.677062','133','Рукопашный бой -- Роман',2,'[{\"changed\": {\"fields\": [\"date\"]}}]',29,1),(3658,'2022-09-05 04:08:00.678949','118','Tabata -- Наталья',2,'[{\"changed\": {\"fields\": [\"date\"]}}]',29,1),(3659,'2022-09-05 04:08:00.680961','117','Хатха Йога (1,5 часа) -- Алексей',2,'[{\"changed\": {\"fields\": [\"date\"]}}]',29,1),(3660,'2022-09-05 04:08:00.682777','114','Functional training -- Денис',2,'[{\"changed\": {\"fields\": [\"date\"]}}]',29,1),(3661,'2022-09-05 04:08:00.684696','72','Здоровая спина+MFR -- Анастасия',2,'[{\"changed\": {\"fields\": [\"date\"]}}]',29,1),(3662,'2022-09-05 04:08:00.686662','67','Круговая тренировка -- Анастасия',2,'[{\"changed\": {\"fields\": [\"date\"]}}]',29,1),(3663,'2022-09-05 04:08:00.689100','59','Pilates -- Наталья',2,'[{\"changed\": {\"fields\": [\"date\"]}}]',29,1),(3664,'2022-09-05 04:08:00.691237','38','Aero Yoga -- Наталья',2,'[{\"changed\": {\"fields\": [\"date\"]}}]',29,1),(3665,'2022-09-05 04:08:00.693354','139','Круговая тренировка -- Юлия П.',2,'[{\"changed\": {\"fields\": [\"date\"]}}]',29,1),(3666,'2022-09-05 04:08:00.695389','135','ОФП -- Соня',2,'[{\"changed\": {\"fields\": [\"date\"]}}]',29,1),(3667,'2022-09-05 04:08:00.697414','130','Карате -- Илья',2,'[{\"changed\": {\"fields\": [\"date\"]}}]',29,1),(3668,'2022-09-05 04:08:00.699514','125','TRX -- Денис',2,'[{\"changed\": {\"fields\": [\"date\"]}}]',29,1),(3669,'2022-09-05 04:08:00.701560','86','Pilates -- Диана',2,'[{\"changed\": {\"fields\": [\"date\"]}}]',29,1),(3670,'2022-09-05 04:08:00.703616','76','Lady class -- Алена',2,'[{\"changed\": {\"fields\": [\"date\"]}}]',29,1),(3671,'2022-09-05 04:08:00.705598','75','Stretch -- Алена',2,'[{\"changed\": {\"fields\": [\"date\"]}}]',29,1),(3672,'2022-09-05 04:08:00.707532','74','Yoga -- Юлия П.',2,'[{\"changed\": {\"fields\": [\"date\"]}}]',29,1),(3673,'2022-09-05 04:08:00.709448','73','ABL -- Юлия П.',2,'[{\"changed\": {\"fields\": [\"date\"]}}]',29,1),(3674,'2022-09-05 04:08:00.711442','69','Abs+Stretch -- Юлия П.',2,'[{\"changed\": {\"fields\": [\"date\"]}}]',29,1),(3675,'2022-09-05 04:08:00.713415','68','Interval training (55 мин.) -- Диана',2,'[{\"changed\": {\"fields\": [\"date\"]}}]',29,1),(3676,'2022-09-05 04:08:00.715466','147','Рукопашный бой -- Роман',2,'[{\"changed\": {\"fields\": [\"date\"]}}]',29,1),(3677,'2022-09-05 04:08:00.717459','93','Power class -- Денис',2,'[{\"changed\": {\"fields\": [\"date\"]}}]',29,1),(3678,'2022-09-05 04:08:00.719388','92','Tabata -- Денис',2,'[{\"changed\": {\"fields\": [\"date\"]}}]',29,1),(3679,'2022-09-05 04:08:00.722769','89','Stretch -- Анастасия',2,'[{\"changed\": {\"fields\": [\"date\"]}}]',29,1),(3680,'2022-09-05 04:08:00.724841','85','Functional training -- Денис',2,'[{\"changed\": {\"fields\": [\"date\"]}}]',29,1),(3681,'2022-09-05 04:08:00.726835','83','MFR+Stretch -- Денис',2,'[{\"changed\": {\"fields\": [\"date\"]}}]',29,1),(3682,'2022-09-05 04:08:00.729083','82','Хатха Йога (1,5 часа) -- Алексей',2,'[{\"changed\": {\"fields\": [\"date\"]}}]',29,1),(3683,'2022-09-05 04:08:00.731199','81','Zumba -- Юлия Г.',2,'[{\"changed\": {\"fields\": [\"date\"]}}]',29,1),(3684,'2022-09-05 04:08:00.733173','78','Aero Yoga -- Ирина',2,'[{\"changed\": {\"fields\": [\"date\"]}}]',29,1),(3685,'2022-09-05 04:08:00.735096','141','Aero Yoga -- Наталья',2,'[{\"changed\": {\"fields\": [\"date\"]}}]',29,1),(3686,'2022-09-05 04:08:00.736992','136','ОФП -- Соня',2,'[{\"changed\": {\"fields\": [\"date\"]}}]',29,1),(3687,'2022-09-05 04:08:00.738974','131','Карате -- Илья',2,'[{\"changed\": {\"fields\": [\"date\"]}}]',29,1),(3688,'2022-09-05 04:08:00.740889','127','TRX -- Денис',2,'[{\"changed\": {\"fields\": [\"date\"]}}]',29,1),(3689,'2022-09-05 04:08:00.742769','100','Yoga -- Наталья',2,'[{\"changed\": {\"fields\": [\"date\"]}}]',29,1),(3690,'2022-09-05 04:08:00.744652','99','ABL -- Юлия Г.',2,'[{\"changed\": {\"fields\": [\"date\"]}}]',29,1),(3691,'2022-09-05 04:08:00.746513','98','Stretch -- Алена',2,'[{\"changed\": {\"fields\": [\"date\"]}}]',29,1),(3692,'2022-09-05 04:08:00.748370','94','Dance Mix -- Алена',2,'[{\"changed\": {\"fields\": [\"date\"]}}]',29,1),(3693,'2022-09-05 04:08:00.750201','91','Pilates -- Юлия Г.',2,'[{\"changed\": {\"fields\": [\"date\"]}}]',29,1),(3694,'2022-09-05 04:08:00.752023','90','Круговая тренировка -- Юлия Г.',2,'[{\"changed\": {\"fields\": [\"date\"]}}]',29,1),(3695,'2022-09-05 04:08:00.753862','84','Power class -- Наталья',2,'[{\"changed\": {\"fields\": [\"date\"]}}]',29,1),(3696,'2022-09-05 04:08:00.755673','150','Stretch -- Галина',2,'[{\"changed\": {\"fields\": [\"date\"]}}]',29,1),(3697,'2022-09-05 04:08:00.757530','149','Lady class -- Галина',2,'[{\"changed\": {\"fields\": [\"date\"]}}]',29,1),(3698,'2022-09-05 04:08:00.759352','148','Dance Mix -- Галина',2,'[{\"changed\": {\"fields\": [\"date\"]}}]',29,1),(3699,'2022-09-05 04:08:00.761214','140','Рукопашный бой -- Михаил',2,'[{\"changed\": {\"fields\": [\"date\"]}}]',29,1),(3700,'2022-09-05 04:08:00.763018','119','MFR+Stretch -- Денис',2,'[{\"changed\": {\"fields\": [\"date\"]}}]',29,1),(3701,'2022-09-05 04:08:00.764827','111','Tabata -- Денис',2,'[{\"changed\": {\"fields\": [\"date\"]}}]',29,1),(3702,'2022-09-05 04:08:00.766645','101','Хатха Йога (1,5 часа) -- Алексей',2,'[{\"changed\": {\"fields\": [\"date\"]}}]',29,1),(3703,'2022-09-05 04:08:00.768435','129','ABL -- Юлия Г.',2,'[{\"changed\": {\"fields\": [\"date\"]}}]',29,1),(3704,'2022-09-05 04:08:00.770224','124','Stretch -- Анастасия',2,'[{\"changed\": {\"fields\": [\"date\"]}}]',29,1),(3705,'2022-09-05 04:08:00.772062','123','Zumba -- Юлия Г.',2,'[{\"changed\": {\"fields\": [\"date\"]}}]',29,1),(3706,'2022-09-05 04:08:00.774540','122','Круговая тренировка -- Анастасия',2,'[{\"changed\": {\"fields\": [\"date\"]}}]',29,1),(3707,'2022-09-08 15:32:55.133385','7','НИ В ЧЕМ СЕБЕ НЕ ОТКАЗЫВАЙ!',2,'[{\"changed\": {\"fields\": [\"body\"]}}]',21,1),(3708,'2022-09-08 15:33:26.739657','10','Не забудь добавить Фитнес в свое расписание!',2,'[{\"changed\": {\"fields\": [\"body\"]}}]',21,1),(3709,'2022-09-08 15:34:01.615095','22','Наши скидки такие же жаркие, как и угли в твоем мангале!',2,'[{\"changed\": {\"fields\": [\"body\"]}}]',21,1),(3710,'2022-09-08 15:34:21.248007','25','Почувствуй себя студентом!',2,'[{\"changed\": {\"fields\": [\"body\"]}}]',21,1),(3711,'2022-09-08 15:39:15.251083','26','Открыт набор на детские направления!',1,'[{\"added\": {}}]',21,1),(3712,'2022-09-08 15:42:13.939643','26','Открыт набор на детские направления!',2,'[{\"changed\": {\"fields\": [\"body\"]}}]',21,1),(3713,'2022-09-08 15:42:34.723672','26','Открыт набор на детские направления!',2,'[{\"changed\": {\"fields\": [\"body\"]}}]',21,1),(3714,'2022-09-08 15:43:12.459656','26','Открыт набор на детские направления!',2,'[{\"changed\": {\"fields\": [\"body\"]}}]',21,1),(3715,'2022-09-08 15:44:16.127000','26','Открыт набор на детские направления!',2,'[{\"changed\": {\"fields\": [\"body\"]}}]',21,1),(3716,'2022-09-08 15:47:50.148338','27','Классные цены на фитнес!',1,'[{\"added\": {}}]',21,1),(3717,'2022-09-08 15:48:58.674319','27','Классные цены на фитнес!',2,'[{\"changed\": {\"fields\": [\"body\"]}}]',21,1),(3718,'2022-09-15 19:48:26.244925','7','НИ В ЧЕМ СЕБЕ НЕ ОТКАЗЫВАЙ!',2,'[{\"changed\": {\"fields\": [\"publicated\"]}}]',21,1),(3719,'2022-09-15 19:48:34.232862','10','Не забудь добавить Фитнес в свое расписание!',2,'[{\"changed\": {\"fields\": [\"publicated\"]}}]',21,1),(3720,'2022-09-15 19:48:44.279338','18','Идеальный абонемент чтобы достичь идеальной формы!',2,'[{\"changed\": {\"fields\": [\"publicated\"]}}]',21,1),(3721,'2022-09-15 19:48:54.144767','22','Наши скидки такие же жаркие, как и угли в твоем мангале!',2,'[{\"changed\": {\"fields\": [\"publicated\"]}}]',21,1),(3722,'2022-09-27 01:46:23.849028','28','Только 5 дней - фитнес за 8 900₽!',1,'[{\"added\": {}}]',21,2),(3723,'2022-09-27 01:46:30.495381','27','Классные цены на фитнес!',2,'[{\"changed\": {\"fields\": [\"publicated\"]}}]',21,2),(3724,'2022-10-06 00:32:48.634439','28','Только 5 дней - фитнес за 8 900₽!',2,'[{\"changed\": {\"fields\": [\"publicated\"]}}]',21,2),(3725,'2022-10-06 00:36:26.697158','29','Для учителей и их учеников!',1,'[{\"added\": {}}]',21,2),(3726,'2022-10-06 00:37:22.678111','25','Почувствуй себя студентом!',2,'[{\"changed\": {\"fields\": [\"body\"]}}]',21,2),(3727,'2022-10-10 11:37:35.910018','25','Почувствуй себя студентом!',2,'[{\"changed\": {\"fields\": [\"publicated\"]}}]',21,1),(3728,'2022-10-10 11:37:49.059370','29','Для учителей и их учеников!',2,'[{\"changed\": {\"fields\": [\"publicated\"]}}]',21,1),(3729,'2022-10-11 16:32:55.624124','1','ВСЁ ЛУЧШЕЕ ДЕТЯМ!',3,'',21,2),(3730,'2022-10-11 16:34:09.960667','7','НИ В ЧЕМ СЕБЕ НЕ ОТКАЗЫВАЙ!',2,'[{\"changed\": {\"fields\": [\"publicated\"]}}]',21,2),(3731,'2022-10-11 16:35:34.079991','9','Студенческий год за 9900',2,'[{\"changed\": {\"fields\": [\"publicated\"]}}]',21,2),(3732,'2022-10-11 16:36:23.830684','10','Не забудь добавить Фитнес в свое расписание!',2,'[{\"changed\": {\"fields\": [\"publicated\"]}}]',21,2),(3733,'2022-10-11 16:37:39.628447','10','Не забудь добавить Фитнес в свое расписание!',3,'',21,2),(3734,'2022-10-11 16:39:23.993422','13','Супер выгодно!',3,'',21,2),(3735,'2022-10-11 16:39:51.086243','14','Начинаем тотальную распродажу сегодня!',3,'',21,2),(3736,'2022-10-11 16:40:39.598352','15','Новый год уже близко, а значит, самое время подводить итоги!',3,'',21,2),(3737,'2022-10-11 16:41:54.770234','18','Идеальный абонемент чтобы достичь идеальной формы!',3,'',21,2),(3738,'2022-10-11 16:42:35.153155','19','Крутые подарки к абонементам',3,'',21,2),(3739,'2022-10-11 16:49:52.512182','29','Для учителей и их учеников!',3,'',21,2),(3740,'2022-10-12 16:13:05.932507','17','Старт проекта «Total Evolution»!',1,'[{\"added\": {}}]',20,1),(3741,'2022-10-12 16:40:01.004438','16','ВНИМАНИЕ КОНКУРС!',2,'[{\"changed\": {\"fields\": [\"body\"]}}]',20,1),(3742,'2022-10-15 10:56:52.625750','30','Счастливые часы на фитнес!',1,'[{\"added\": {}}]',21,2),(3743,'2022-10-27 16:57:47.029254','31','Страшно выгодно!',1,'[{\"added\": {}}]',21,2),(3744,'2022-11-01 12:10:16.009295','31','Страшно выгодно!',2,'[{\"changed\": {\"fields\": [\"publicated\"]}}]',21,2),(3745,'2022-11-03 18:18:34.335253','18','Фитнес-проект «Total Evolution» - стартовал!',1,'[{\"added\": {}}]',20,2),(3746,'2022-11-03 18:19:48.456864','18','Фитнес-проект «Total Evolution» - стартовал!',2,'[{\"changed\": {\"fields\": [\"body\"]}}]',20,2),(3747,'2022-11-03 18:20:24.462528','18','Фитнес-проект «Total Evolution» - стартовал!',2,'[{\"changed\": {\"fields\": [\"body\"]}}]',20,2),(3748,'2022-11-07 17:48:57.484704','32','11.11 - 11 месяцев безлимитного фитнеса за 11 000₽',1,'[{\"added\": {}}]',21,2),(3749,'2022-11-14 16:16:20.690608','19','Мы все этого очень ждали!',1,'[{\"added\": {}}]',20,2),(3750,'2022-11-14 16:18:56.740042','32','11.11 - 11 месяцев безлимитного фитнеса за 11 000₽',2,'[{\"changed\": {\"fields\": [\"publicated\"]}}]',21,2),(3751,'2022-11-14 16:19:08.134820','32','11.11 - 11 месяцев безлимитного фитнеса за 11 000₽',3,'',21,2),(3752,'2022-11-14 16:19:45.587888','4','ЮЛИЯ ГОРЕЛОВА',3,'',22,2),(3753,'2022-11-14 16:20:12.414634','12','НИКИТА СОРОКИН',3,'',22,2),(3754,'2022-11-15 21:05:32.815926','33','12 месяцев дневного фитнеса + 90 дней заморозки за 8 000₽!',1,'[{\"added\": {}}]',21,2),(3755,'2022-11-21 23:32:42.855272','34','Чёрная пятница в Фитнес Клубe Эволюция',1,'[{\"added\": {}}]',21,2),(3756,'2022-11-21 23:32:59.108904','34','Чёрная пятница в Фитнес Клубe Эволюция',2,'[{\"changed\": {\"fields\": [\"announcement\"]}}]',21,2),(3757,'2022-12-19 20:38:20.878565','35','Лучший подарок к Новому году!',1,'[{\"added\": {}}]',21,2),(3758,'2023-01-12 12:06:07.845804','33','12 месяцев дневного фитнеса + 90 дней заморозки за 8 000₽!',2,'[{\"changed\": {\"fields\": [\"publicated\"]}}]',21,2),(3759,'2023-01-12 12:06:23.600862','34','Чёрная пятница в Фитнес Клубe Эволюция',3,'',21,2),(3760,'2023-01-16 22:19:38.470237','36','То, что сегодня кажется невозможным, завтра станет вашей разминкой.',1,'[{\"added\": {}}]',21,2),(3761,'2023-01-16 22:20:38.553231','35','Лучший подарок к Новому году!',2,'[{\"changed\": {\"fields\": [\"publicated\"]}}]',21,2),(3762,'2023-02-03 13:57:24.179050','36','То, что сегодня кажется невозможным, завтра станет вашей разминкой.',2,'[{\"changed\": {\"fields\": [\"publicated\"]}}]',21,2),(3763,'2023-02-03 13:58:57.519670','37','Для влюблённых в фитнес!',1,'[{\"added\": {}}]',21,2),(3764,'2023-02-03 13:59:45.550192','37','Для влюблённых в фитнес!',2,'[{\"changed\": {\"fields\": [\"announcement\"]}}]',21,2),(3765,'2023-02-17 12:34:38.712598','38','Для сильных телом и духом',1,'[{\"added\": {}}]',21,1),(3766,'2023-02-17 12:36:16.516142','38','Для сильных телом и духом',2,'[{\"changed\": {\"fields\": [\"body\"]}}]',21,1),(3767,'2023-02-17 12:36:34.848833','38','Для сильных телом и духом',2,'[{\"changed\": {\"fields\": [\"body\"]}}]',21,1),(3768,'2023-02-17 12:37:36.504242','38','Для сильных телом и духом',2,'[{\"changed\": {\"fields\": [\"body\"]}}]',21,1),(3769,'2023-03-21 16:53:49.084640','38','Для сильных телом и духом',2,'[{\"changed\": {\"fields\": [\"publicated\"]}}]',21,1),(3770,'2023-04-20 10:19:07.061485','20','20 апреля санитарный день!',1,'[{\"added\": {}}]',20,2),(3771,'2023-04-27 13:13:22.183843','39','Фитнес год за 9 000₽!',1,'[{\"added\": {}}]',21,2),(3772,'2023-05-10 12:44:00.115425','40','Фитнес с тренером от 6 000₽!',1,'[{\"added\": {}}]',21,2),(3773,'2023-05-10 12:45:08.262295','40','Занимайся с тренером от 6000₽!',2,'[{\"changed\": {\"fields\": [\"title\"]}}]',21,2),(3774,'2023-05-10 12:45:45.249251','39','Фитнес год за 9 000₽!',2,'[{\"changed\": {\"fields\": [\"publicated\"]}}]',21,2),(3775,'2023-06-28 00:14:37.788538','21','29 июня Фитнес Клуб Эволюция отмечает свой четвертый день рождения!',1,'[{\"added\": {}}]',20,2),(3776,'2023-07-28 12:53:45.148501','41','Очень выгодное предложение!',1,'[{\"added\": {}}]',21,2),(3777,'2023-09-14 13:06:05.077783','41','Очень выгодное предложение!',2,'[{\"changed\": {\"fields\": [\"publicated\"]}}]',21,1),(3778,'2023-09-14 13:06:22.641647','40','Занимайся с тренером от 6000₽!',2,'[{\"changed\": {\"fields\": [\"publicated\"]}}]',21,1),(3779,'2023-09-14 13:06:42.537066','37','Для влюблённых в фитнес!',2,'[{\"changed\": {\"fields\": [\"publicated\"]}}]',21,1),(3780,'2023-09-14 14:13:35.341628','42','12 месяцев дневного фитнеса - 8 000₽!',1,'[{\"added\": {}}]',21,1),(3781,'2023-09-14 14:14:57.335202','42','12 месяцев дневного фитнеса - 8 000₽!',2,'[{\"changed\": {\"fields\": [\"body\"]}}]',21,1),(3782,'2023-09-14 14:15:28.777688','42','12 месяцев дневного фитнеса - 8 000₽!',2,'[{\"changed\": {\"fields\": [\"body\"]}}]',21,1),(3783,'2023-09-14 14:15:54.185965','42','12 месяцев дневного фитнеса - 8 000₽!',2,'[{\"changed\": {\"fields\": [\"body\"]}}]',21,1),(3784,'2023-09-14 14:17:02.463348','30','Счастливые часы на фитнес!',2,'[{\"changed\": {\"fields\": [\"body\"]}}]',21,1),(3785,'2023-09-14 14:18:26.948437','42','12 месяцев дневного фитнеса - 8 000₽!',2,'[{\"changed\": {\"fields\": [\"body\"]}}]',21,1),(3786,'2023-09-14 14:19:26.345702','26','Открыт набор на детские направления!',2,'[{\"changed\": {\"fields\": [\"body\"]}}]',21,1),(3787,'2023-09-14 14:20:43.402292','7','НИ В ЧЕМ СЕБЕ НЕ ОТКАЗЫВАЙ!',2,'[{\"changed\": {\"fields\": [\"body\"]}}]',21,1),(3788,'2023-10-02 11:22:35.578148','7','ЛЮДМИЛА БИЗЮКОВА',2,'[{\"changed\": {\"fields\": [\"title\"]}}]',22,1);
/*!40000 ALTER TABLE `django_admin_log` ENABLE KEYS */;
UNLOCK TABLES;

--
-- Table structure for table `django_content_type`
--

DROP TABLE IF EXISTS `django_content_type`;
/*!40101 SET @saved_cs_client     = @@character_set_client */;
/*!40101 SET character_set_client = utf8 */;
CREATE TABLE `django_content_type` (
  `id` int(11) NOT NULL AUTO_INCREMENT,
  `app_label` varchar(100) NOT NULL,
  `model` varchar(100) NOT NULL,
  PRIMARY KEY (`id`),
  UNIQUE KEY `django_content_type_app_label_model_76bd3d3b_uniq` (`app_label`,`model`)
) ENGINE=InnoDB AUTO_INCREMENT=34 DEFAULT CHARSET=utf8;
/*!40101 SET character_set_client = @saved_cs_client */;

--
-- Dumping data for table `django_content_type`
--

LOCK TABLES `django_content_type` WRITE;
/*!40000 ALTER TABLE `django_content_type` DISABLE KEYS */;
INSERT INTO `django_content_type` VALUES (1,'admin','logentry'),(4,'auth','group'),(3,'auth','permission'),(2,'auth','user'),(5,'contenttypes','contenttype'),(25,'easy_thumbnails','source'),(26,'easy_thumbnails','thumbnail'),(24,'easy_thumbnails','thumbnaildimensions'),(9,'itm_main','htmlblock'),(13,'itm_main','imageblock'),(12,'itm_main','metadata'),(10,'itm_main','page'),(7,'itm_main','sliderblock'),(11,'itm_main','sliderblockslide'),(14,'itm_main','stringblock'),(8,'itm_main','textblock'),(17,'main','benefits'),(15,'main','characteristics'),(16,'main','slide'),(18,'main','sociallinks'),(19,'news','imagesnews'),(20,'news','news'),(6,'sessions','session'),(21,'stock','stock'),(33,'team','requestviewfrm'),(29,'team','schedule'),(31,'team','scheduleclasses'),(28,'team','scheduledirections'),(30,'team','schedulehall'),(27,'team','scheduleinstructors'),(32,'team','scheduletime'),(22,'team','team'),(23,'team','workout');
/*!40000 ALTER TABLE `django_content_type` ENABLE KEYS */;
UNLOCK TABLES;

--
-- Table structure for table `django_migrations`
--

DROP TABLE IF EXISTS `django_migrations`;
/*!40101 SET @saved_cs_client     = @@character_set_client */;
/*!40101 SET character_set_client = utf8 */;
CREATE TABLE `django_migrations` (
  `id` int(11) NOT NULL AUTO_INCREMENT,
  `app` varchar(255) NOT NULL,
  `name` varchar(255) NOT NULL,
  `applied` datetime(6) NOT NULL,
  PRIMARY KEY (`id`)
) ENGINE=InnoDB AUTO_INCREMENT=42 DEFAULT CHARSET=utf8;
/*!40101 SET character_set_client = @saved_cs_client */;

--
-- Dumping data for table `django_migrations`
--

LOCK TABLES `django_migrations` WRITE;
/*!40000 ALTER TABLE `django_migrations` DISABLE KEYS */;
INSERT INTO `django_migrations` VALUES (1,'contenttypes','0001_initial','2021-08-09 17:36:13.426526'),(2,'auth','0001_initial','2021-08-09 17:36:13.516271'),(3,'admin','0001_initial','2021-08-09 17:36:13.679609'),(4,'admin','0002_logentry_remove_auto_add','2021-08-09 17:36:13.710161'),(5,'admin','0003_logentry_add_action_flag_choices','2021-08-09 17:36:13.735437'),(6,'contenttypes','0002_remove_content_type_name','2021-08-09 17:36:13.773856'),(7,'auth','0002_alter_permission_name_max_length','2021-08-09 17:36:13.787213'),(8,'auth','0003_alter_user_email_max_length','2021-08-09 17:36:13.806445'),(9,'auth','0004_alter_user_username_opts','2021-08-09 17:36:13.817110'),(10,'auth','0005_alter_user_last_login_null','2021-08-09 17:36:13.834331'),(11,'auth','0006_require_contenttypes_0002','2021-08-09 17:36:13.835437'),(12,'auth','0007_alter_validators_add_error_messages','2021-08-09 17:36:13.849310'),(13,'auth','0008_alter_user_username_max_length','2021-08-09 17:36:13.869416'),(14,'auth','0009_alter_user_last_name_max_length','2021-08-09 17:36:13.887509'),(15,'auth','0010_alter_group_name_max_length','2021-08-09 17:36:13.904152'),(16,'auth','0011_update_proxy_permissions','2021-08-09 17:36:13.914844'),(17,'sessions','0001_initial','2021-08-09 17:36:13.925487'),(18,'easy_thumbnails','0001_initial','2021-08-09 17:46:34.869514'),(19,'easy_thumbnails','0002_thumbnaildimensions','2021-08-09 17:46:34.934164'),(20,'itm_main','0001_initial','2021-08-09 17:46:35.050511'),(21,'itm_main','0002_auto_20210809_1746','2021-08-09 17:46:35.208823'),(22,'main','0001_initial','2021-08-09 17:46:35.247245'),(23,'main','0002_characteristics','2021-08-09 17:46:35.271945'),(24,'main','0003_remove_characteristics_link','2021-08-09 17:46:35.287151'),(25,'main','0004_auto_20210809_1435','2021-08-09 17:46:35.305785'),(26,'main','0005_auto_20210809_1445','2021-08-09 17:46:35.334817'),(27,'main','0006_auto_20210809_1746','2021-08-09 17:46:35.383669'),(28,'news','0001_initial','2021-08-09 17:46:35.427699'),(29,'news','0002_news_announcement','2021-08-09 17:46:35.477178'),(30,'news','0003_auto_20210809_1746','2021-08-09 17:46:35.533556'),(31,'stock','0001_initial','2021-08-09 17:46:35.557030'),(32,'stock','0002_auto_20210809_1746','2021-08-09 17:46:35.576060'),(33,'team','0001_initial','2021-08-09 17:46:35.599028'),(34,'team','0002_workout','2021-08-09 17:46:35.625287'),(35,'team','0003_workout_note','2021-08-09 17:46:35.644390'),(36,'team','0004_auto_20210809_1746','2021-08-09 17:46:35.692059'),(37,'team','0005_schedule_scheduleclasses_scheduledirections_schedulehall_scheduleinstructors','2021-08-19 15:10:27.286720'),(38,'team','0006_auto_20210819_1539','2021-08-19 15:39:29.251081'),(39,'team','0007_auto_20210819_1634','2021-08-19 16:34:52.440292'),(40,'team','0008_auto_20210819_1650','2021-08-19 16:50:55.700851'),(41,'team','0009_requestviewfrm','2021-08-27 13:17:35.527000');
/*!40000 ALTER TABLE `django_migrations` ENABLE KEYS */;
UNLOCK TABLES;

--
-- Table structure for table `django_session`
--

DROP TABLE IF EXISTS `django_session`;
/*!40101 SET @saved_cs_client     = @@character_set_client */;
/*!40101 SET character_set_client = utf8 */;
CREATE TABLE `django_session` (
  `session_key` varchar(40) NOT NULL,
  `session_data` longtext NOT NULL,
  `expire_date` datetime(6) NOT NULL,
  PRIMARY KEY (`session_key`),
  KEY `django_session_expire_date_a5c62663` (`expire_date`)
) ENGINE=InnoDB DEFAULT CHARSET=utf8;
/*!40101 SET character_set_client = @saved_cs_client */;

--
-- Dumping data for table `django_session`
--

LOCK TABLES `django_session` WRITE;
/*!40000 ALTER TABLE `django_session` DISABLE KEYS */;
INSERT INTO `django_session` VALUES ('017rs2n12g9tfo3nyme2svlw1ozblblz','NzZkODI2ODA0ZmIyZGExMjkyYjE3OWI1OWNmMjBjNGVmZjJhMjhlNzp7Il9hdXRoX3VzZXJfaGFzaCI6ImIxYzY5YzllZTU5YjUwYTVjYTUyNWI4NzFkYWVjZGFlN2E0MmM4NTQiLCJfYXV0aF91c2VyX2lkIjoiMiIsIl9hdXRoX3VzZXJfYmFja2VuZCI6ImRqYW5nby5jb250cmliLmF1dGguYmFja2VuZHMuTW9kZWxCYWNrZW5kIn0=','2022-11-21 17:47:09.844118'),('08nerhub9nh9c9j1beexzli6dk5kb3r0','NWRiNjQ0ZGZiN2MwM2MzYTU3ZmM4NDY3ZjAwYmIxNmJiYmIwMmIyYzp7Il9hdXRoX3VzZXJfYmFja2VuZCI6ImRqYW5nby5jb250cmliLmF1dGguYmFja2VuZHMuTW9kZWxCYWNrZW5kIiwiX2F1dGhfdXNlcl9pZCI6IjIiLCJfYXV0aF91c2VyX2hhc2giOiJiMWM2OWM5ZWU1OWI1MGE1Y2E1MjViODcxZGFlY2RhZTdhNDJjODU0In0=','2021-09-02 15:04:01.494289'),('0bngz3w0odbm5aasi6bco00w1u6eohoe','MjJlMGIwYWEwZjgwMGU3OTM3ZmI2ODMwMmIyYjUzNDQ1ZmZlYmJmZTp7Il9hdXRoX3VzZXJfaWQiOiIxIiwiX2F1dGhfdXNlcl9iYWNrZW5kIjoiZGphbmdvLmNvbnRyaWIuYXV0aC5iYWNrZW5kcy5Nb2RlbEJhY2tlbmQiLCJfYXV0aF91c2VyX2hhc2giOiJjYzQ4MWRhM2NjNTIxMGM4ZTljNzZiMmMwOTVkOWM4MTk4N2YxMmMxIn0=','2021-09-29 16:37:38.346237'),('1ois41w91ggd8y3snsbxgoo6ykj20inh','NDY2OTk2YjQ5YWMwYzIxZmE5OGNkZjk4YzlmYmU5YTE0MWU5YmI3Mzp7Il9hdXRoX3VzZXJfaWQiOiIyIiwiX2F1dGhfdXNlcl9iYWNrZW5kIjoiZGphbmdvLmNvbnRyaWIuYXV0aC5iYWNrZW5kcy5Nb2RlbEJhY2tlbmQiLCJfYXV0aF91c2VyX2hhc2giOiJiMWM2OWM5ZWU1OWI1MGE1Y2E1MjViODcxZGFlY2RhZTdhNDJjODU0In0=','2022-05-26 14:26:33.057739'),('1xhunv2615ue4etr1m9q6kd49z87cbvw','ZDMyN2IyMjZlMTY2ZmMyY2NiNTQxYTIzZjBmNWJiZGIyMGUzMmY4Nzp7Il9hdXRoX3VzZXJfaGFzaCI6ImIxYzY5YzllZTU5YjUwYTVjYTUyNWI4NzFkYWVjZGFlN2E0MmM4NTQiLCJfYXV0aF91c2VyX2JhY2tlbmQiOiJkamFuZ28uY29udHJpYi5hdXRoLmJhY2tlbmRzLk1vZGVsQmFja2VuZCIsIl9hdXRoX3VzZXJfaWQiOiIyIn0=','2023-01-02 20:37:08.301117'),('203mskfyha3n41s6bognqbojq36kzwv3','ZDMyN2IyMjZlMTY2ZmMyY2NiNTQxYTIzZjBmNWJiZGIyMGUzMmY4Nzp7Il9hdXRoX3VzZXJfaGFzaCI6ImIxYzY5YzllZTU5YjUwYTVjYTUyNWI4NzFkYWVjZGFlN2E0MmM4NTQiLCJfYXV0aF91c2VyX2JhY2tlbmQiOiJkamFuZ28uY29udHJpYi5hdXRoLmJhY2tlbmRzLk1vZGVsQmFja2VuZCIsIl9hdXRoX3VzZXJfaWQiOiIyIn0=','2023-05-11 13:11:18.095078'),('20zr2f7hnnot26orpa8c0kjp9mdr4s5z','YTFiMzMyZDdiNjUxMDc5ZTFmZGMyYzZlZTliYjg0YzFmY2ZiN2I5Zjp7Il9hdXRoX3VzZXJfaWQiOiIyIiwiX2F1dGhfdXNlcl9oYXNoIjoiYjFjNjljOWVlNTliNTBhNWNhNTI1Yjg3MWRhZWNkYWU3YTQyYzg1NCIsIl9hdXRoX3VzZXJfYmFja2VuZCI6ImRqYW5nby5jb250cmliLmF1dGguYmFja2VuZHMuTW9kZWxCYWNrZW5kIn0=','2022-03-18 12:56:13.423310'),('246cj6911xsd5b06n8i20tt5ptqsjb0r','ZDMyN2IyMjZlMTY2ZmMyY2NiNTQxYTIzZjBmNWJiZGIyMGUzMmY4Nzp7Il9hdXRoX3VzZXJfaGFzaCI6ImIxYzY5YzllZTU5YjUwYTVjYTUyNWI4NzFkYWVjZGFlN2E0MmM4NTQiLCJfYXV0aF91c2VyX2JhY2tlbmQiOiJkamFuZ28uY29udHJpYi5hdXRoLmJhY2tlbmRzLk1vZGVsQmFja2VuZCIsIl9hdXRoX3VzZXJfaWQiOiIyIn0=','2023-01-26 11:40:08.444229'),('2j46tym7wkqf5796522ql22rwa457390','MjJlMGIwYWEwZjgwMGU3OTM3ZmI2ODMwMmIyYjUzNDQ1ZmZlYmJmZTp7Il9hdXRoX3VzZXJfaWQiOiIxIiwiX2F1dGhfdXNlcl9iYWNrZW5kIjoiZGphbmdvLmNvbnRyaWIuYXV0aC5iYWNrZW5kcy5Nb2RlbEJhY2tlbmQiLCJfYXV0aF91c2VyX2hhc2giOiJjYzQ4MWRhM2NjNTIxMGM4ZTljNzZiMmMwOTVkOWM4MTk4N2YxMmMxIn0=','2023-03-02 13:59:31.811378'),('2j9ok9a56tj5vgtbjuj8mcb1s5zh1qkh','NzZkODI2ODA0ZmIyZGExMjkyYjE3OWI1OWNmMjBjNGVmZjJhMjhlNzp7Il9hdXRoX3VzZXJfaGFzaCI6ImIxYzY5YzllZTU5YjUwYTVjYTUyNWI4NzFkYWVjZGFlN2E0MmM4NTQiLCJfYXV0aF91c2VyX2lkIjoiMiIsIl9hdXRoX3VzZXJfYmFja2VuZCI6ImRqYW5nby5jb250cmliLmF1dGguYmFja2VuZHMuTW9kZWxCYWNrZW5kIn0=','2021-12-30 15:19:37.505360'),('3d3gvruvqesxhb1r8m2czhhkje0s1tke','NDY2OTk2YjQ5YWMwYzIxZmE5OGNkZjk4YzlmYmU5YTE0MWU5YmI3Mzp7Il9hdXRoX3VzZXJfaWQiOiIyIiwiX2F1dGhfdXNlcl9iYWNrZW5kIjoiZGphbmdvLmNvbnRyaWIuYXV0aC5iYWNrZW5kcy5Nb2RlbEJhY2tlbmQiLCJfYXV0aF91c2VyX2hhc2giOiJiMWM2OWM5ZWU1OWI1MGE1Y2E1MjViODcxZGFlY2RhZTdhNDJjODU0In0=','2022-12-05 23:31:38.772734'),('411t7k1f3jdsfepllh173q27hsy9ksy6','NTlmMzg2NTBiOTEzMTEzODkyYTY1NzVmNzllYzE3YmYwZjlmZDUyNDp7Il9hdXRoX3VzZXJfaGFzaCI6ImNjNDgxZGEzY2M1MjEwYzhlOWM3NmIyYzA5NWQ5YzgxOTg3ZjEyYzEiLCJfYXV0aF91c2VyX2lkIjoiMSIsIl9hdXRoX3VzZXJfYmFja2VuZCI6ImRqYW5nby5jb250cmliLmF1dGguYmFja2VuZHMuTW9kZWxCYWNrZW5kIn0=','2022-09-29 19:47:54.149721'),('4ycz4jsq8gwq0rdmks3u2bne3xsphwvs','NDY2OTk2YjQ5YWMwYzIxZmE5OGNkZjk4YzlmYmU5YTE0MWU5YmI3Mzp7Il9hdXRoX3VzZXJfaWQiOiIyIiwiX2F1dGhfdXNlcl9iYWNrZW5kIjoiZGphbmdvLmNvbnRyaWIuYXV0aC5iYWNrZW5kcy5Nb2RlbEJhY2tlbmQiLCJfYXV0aF91c2VyX2hhc2giOiJiMWM2OWM5ZWU1OWI1MGE1Y2E1MjViODcxZGFlY2RhZTdhNDJjODU0In0=','2021-12-05 19:44:11.751439'),('59kb4r3imgug3fa8oy0wwltj1w39n6lc','MjJlMGIwYWEwZjgwMGU3OTM3ZmI2ODMwMmIyYjUzNDQ1ZmZlYmJmZTp7Il9hdXRoX3VzZXJfaWQiOiIxIiwiX2F1dGhfdXNlcl9iYWNrZW5kIjoiZGphbmdvLmNvbnRyaWIuYXV0aC5iYWNrZW5kcy5Nb2RlbEJhY2tlbmQiLCJfYXV0aF91c2VyX2hhc2giOiJjYzQ4MWRhM2NjNTIxMGM4ZTljNzZiMmMwOTVkOWM4MTk4N2YxMmMxIn0=','2022-06-13 10:14:49.982612'),('5i7rouh5txc6mz2tecvqml2hjg7wo790','ZjJmMGI4ZTc2Nzg3ZmVmNzBkOWM2ODg4YjU5ZjExY2FlMGNhOGNjOTp7Il9hdXRoX3VzZXJfYmFja2VuZCI6ImRqYW5nby5jb250cmliLmF1dGguYmFja2VuZHMuTW9kZWxCYWNrZW5kIiwiX2F1dGhfdXNlcl9oYXNoIjoiY2M0ODFkYTNjYzUyMTBjOGU5Yzc2YjJjMDk1ZDljODE5ODdmMTJjMSIsIl9hdXRoX3VzZXJfaWQiOiIxIn0=','2022-04-25 03:40:05.017724'),('6tfnbtmjrk4ispwy2j34ehqbv7plthqe','.eJxVjM0OwiAQhN-FsyEuPwU9eu8zkGUXpGogKe3J-O62SQ96m8z3zbxFwHUpYe1pDhOLqwBx-u0i0jPVHfAD671JanWZpyh3RR60y7Fxet0O9--gYC_bmmwEz9rnaEgnRxzzeVDgUTnmTOkClL3TNDhMYLcI1igAY7OJDEaLzxcFmTgy:1mD2xg:fMd_LpgOVL3_0U-mQpTjRJ3LVymGfUQ13i7PmsaoYUw','2021-08-23 13:56:52.783000'),('74hkfoto6gtbonx39hmn308e89woskrl','NDY2OTk2YjQ5YWMwYzIxZmE5OGNkZjk4YzlmYmU5YTE0MWU5YmI3Mzp7Il9hdXRoX3VzZXJfaWQiOiIyIiwiX2F1dGhfdXNlcl9iYWNrZW5kIjoiZGphbmdvLmNvbnRyaWIuYXV0aC5iYWNrZW5kcy5Nb2RlbEJhY2tlbmQiLCJfYXV0aF91c2VyX2hhc2giOiJiMWM2OWM5ZWU1OWI1MGE1Y2E1MjViODcxZGFlY2RhZTdhNDJjODU0In0=','2022-06-20 18:35:56.524265'),('7kxqihiirle8ek2f0axwbg184xlu83ct','YTFiMzMyZDdiNjUxMDc5ZTFmZGMyYzZlZTliYjg0YzFmY2ZiN2I5Zjp7Il9hdXRoX3VzZXJfaWQiOiIyIiwiX2F1dGhfdXNlcl9oYXNoIjoiYjFjNjljOWVlNTliNTBhNWNhNTI1Yjg3MWRhZWNkYWU3YTQyYzg1NCIsIl9hdXRoX3VzZXJfYmFja2VuZCI6ImRqYW5nby5jb250cmliLmF1dGguYmFja2VuZHMuTW9kZWxCYWNrZW5kIn0=','2023-05-24 12:41:51.223093'),('7uo521h0ktq0lt4rbp7dl5lwqqd7o3sq','YTFiMzMyZDdiNjUxMDc5ZTFmZGMyYzZlZTliYjg0YzFmY2ZiN2I5Zjp7Il9hdXRoX3VzZXJfaWQiOiIyIiwiX2F1dGhfdXNlcl9oYXNoIjoiYjFjNjljOWVlNTliNTBhNWNhNTI1Yjg3MWRhZWNkYWU3YTQyYzg1NCIsIl9hdXRoX3VzZXJfYmFja2VuZCI6ImRqYW5nby5jb250cmliLmF1dGguYmFja2VuZHMuTW9kZWxCYWNrZW5kIn0=','2022-06-10 12:49:54.431080'),('88rjib1yzmg7tpg3avl7k30uy4uz57cf','ZDMyN2IyMjZlMTY2ZmMyY2NiNTQxYTIzZjBmNWJiZGIyMGUzMmY4Nzp7Il9hdXRoX3VzZXJfaGFzaCI6ImIxYzY5YzllZTU5YjUwYTVjYTUyNWI4NzFkYWVjZGFlN2E0MmM4NTQiLCJfYXV0aF91c2VyX2JhY2tlbmQiOiJkamFuZ28uY29udHJpYi5hdXRoLmJhY2tlbmRzLk1vZGVsQmFja2VuZCIsIl9hdXRoX3VzZXJfaWQiOiIyIn0=','2022-07-27 21:12:38.404007'),('8ecp0psjz4c9n0j9kj8n3otnlfvxyeap','ZDMyN2IyMjZlMTY2ZmMyY2NiNTQxYTIzZjBmNWJiZGIyMGUzMmY4Nzp7Il9hdXRoX3VzZXJfaGFzaCI6ImIxYzY5YzllZTU5YjUwYTVjYTUyNWI4NzFkYWVjZGFlN2E0MmM4NTQiLCJfYXV0aF91c2VyX2JhY2tlbmQiOiJkamFuZ28uY29udHJpYi5hdXRoLmJhY2tlbmRzLk1vZGVsQmFja2VuZCIsIl9hdXRoX3VzZXJfaWQiOiIyIn0=','2021-08-23 17:56:36.083174'),('8szm5s0f16299gckfjrffvnrqwapwrsf','NWRiNjQ0ZGZiN2MwM2MzYTU3ZmM4NDY3ZjAwYmIxNmJiYmIwMmIyYzp7Il9hdXRoX3VzZXJfYmFja2VuZCI6ImRqYW5nby5jb250cmliLmF1dGguYmFja2VuZHMuTW9kZWxCYWNrZW5kIiwiX2F1dGhfdXNlcl9pZCI6IjIiLCJfYXV0aF91c2VyX2hhc2giOiJiMWM2OWM5ZWU1OWI1MGE1Y2E1MjViODcxZGFlY2RhZTdhNDJjODU0In0=','2022-06-10 12:34:16.013659'),('9aqn73vb99v16boex7crcngn26al7dcg','ZjJmMGI4ZTc2Nzg3ZmVmNzBkOWM2ODg4YjU5ZjExY2FlMGNhOGNjOTp7Il9hdXRoX3VzZXJfYmFja2VuZCI6ImRqYW5nby5jb250cmliLmF1dGguYmFja2VuZHMuTW9kZWxCYWNrZW5kIiwiX2F1dGhfdXNlcl9oYXNoIjoiY2M0ODFkYTNjYzUyMTBjOGU5Yzc2YjJjMDk1ZDljODE5ODdmMTJjMSIsIl9hdXRoX3VzZXJfaWQiOiIxIn0=','2022-01-03 04:21:13.227240'),('9t6xjvmhq7oj7l2qtncj6dccoh7g4hy9','YTA0MGZkMDFmNTI2YjU0NGJkNWYxY2I0ZjRhMjFhYjUyZWQ2NmRkNzp7Il9hdXRoX3VzZXJfYmFja2VuZCI6ImRqYW5nby5jb250cmliLmF1dGguYmFja2VuZHMuTW9kZWxCYWNrZW5kIiwiX2F1dGhfdXNlcl9oYXNoIjoiYjFjNjljOWVlNTliNTBhNWNhNTI1Yjg3MWRhZWNkYWU3YTQyYzg1NCIsIl9hdXRoX3VzZXJfaWQiOiIyIn0=','2022-05-30 17:58:49.970862'),('9y7vk08goyr70ayx80br14fb1p9hkdnz','NzhmZmI5YmY1NTcwNTgwOTFiNjRlOWFiZTBlOGIwOWNiODRlZDcwYzp7Il9hdXRoX3VzZXJfaGFzaCI6ImNjNDgxZGEzY2M1MjEwYzhlOWM3NmIyYzA5NWQ5YzgxOTg3ZjEyYzEiLCJfYXV0aF91c2VyX2JhY2tlbmQiOiJkamFuZ28uY29udHJpYi5hdXRoLmJhY2tlbmRzLk1vZGVsQmFja2VuZCIsIl9hdXRoX3VzZXJfaWQiOiIxIn0=','2023-02-02 00:05:54.195943'),('a3ssk9qot5x42gll7zzecl3s5i9rp6eo','MmU5ZmRjNzM1OGI1ODljZjkyY2Y4ODhlMDk1NTgyYTEyY2MyNzhjZDp7Il9hdXRoX3VzZXJfYmFja2VuZCI6ImRqYW5nby5jb250cmliLmF1dGguYmFja2VuZHMuTW9kZWxCYWNrZW5kIiwiX2F1dGhfdXNlcl9pZCI6IjEiLCJfYXV0aF91c2VyX2hhc2giOiJjYzQ4MWRhM2NjNTIxMGM4ZTljNzZiMmMwOTVkOWM4MTk4N2YxMmMxIn0=','2022-05-09 07:38:45.707055'),('akw69667i7lb2mh5ik0u2b108tdztsey','ZDMyN2IyMjZlMTY2ZmMyY2NiNTQxYTIzZjBmNWJiZGIyMGUzMmY4Nzp7Il9hdXRoX3VzZXJfaGFzaCI6ImIxYzY5YzllZTU5YjUwYTVjYTUyNWI4NzFkYWVjZGFlN2E0MmM4NTQiLCJfYXV0aF91c2VyX2JhY2tlbmQiOiJkamFuZ28uY29udHJpYi5hdXRoLmJhY2tlbmRzLk1vZGVsQmFja2VuZCIsIl9hdXRoX3VzZXJfaWQiOiIyIn0=','2023-01-30 22:15:43.612436'),('akw9pubxpbzgubjfv1p6s9y8gy2ie7i3','NzZkODI2ODA0ZmIyZGExMjkyYjE3OWI1OWNmMjBjNGVmZjJhMjhlNzp7Il9hdXRoX3VzZXJfaGFzaCI6ImIxYzY5YzllZTU5YjUwYTVjYTUyNWI4NzFkYWVjZGFlN2E0MmM4NTQiLCJfYXV0aF91c2VyX2lkIjoiMiIsIl9hdXRoX3VzZXJfYmFja2VuZCI6ImRqYW5nby5jb250cmliLmF1dGguYmFja2VuZHMuTW9kZWxCYWNrZW5kIn0=','2021-11-21 16:47:53.130278'),('b14ytag9ikmukg5ra7wc0xokn9plpqey','ZjJmMGI4ZTc2Nzg3ZmVmNzBkOWM2ODg4YjU5ZjExY2FlMGNhOGNjOTp7Il9hdXRoX3VzZXJfYmFja2VuZCI6ImRqYW5nby5jb250cmliLmF1dGguYmFja2VuZHMuTW9kZWxCYWNrZW5kIiwiX2F1dGhfdXNlcl9oYXNoIjoiY2M0ODFkYTNjYzUyMTBjOGU5Yzc2YjJjMDk1ZDljODE5ODdmMTJjMSIsIl9hdXRoX3VzZXJfaWQiOiIxIn0=','2022-04-05 10:12:20.505074'),('bdvuehrrm5osdr4xk1dohwe2j4086vkt','ZDMyN2IyMjZlMTY2ZmMyY2NiNTQxYTIzZjBmNWJiZGIyMGUzMmY4Nzp7Il9hdXRoX3VzZXJfaGFzaCI6ImIxYzY5YzllZTU5YjUwYTVjYTUyNWI4NzFkYWVjZGFlN2E0MmM4NTQiLCJfYXV0aF91c2VyX2JhY2tlbmQiOiJkamFuZ28uY29udHJpYi5hdXRoLmJhY2tlbmRzLk1vZGVsQmFja2VuZCIsIl9hdXRoX3VzZXJfaWQiOiIyIn0=','2022-06-09 16:12:24.118739'),('cemntzpsin818d2nonjs5w98ro8f0f65','YjQ4MDFmYmYxMDlmZWUxODA4MDk5NTIyYmQ4N2I5YWI0NWM2ODQ3Mzp7Il9hdXRoX3VzZXJfaWQiOiIxIiwiX2F1dGhfdXNlcl9oYXNoIjoiY2M0ODFkYTNjYzUyMTBjOGU5Yzc2YjJjMDk1ZDljODE5ODdmMTJjMSIsIl9hdXRoX3VzZXJfYmFja2VuZCI6ImRqYW5nby5jb250cmliLmF1dGguYmFja2VuZHMuTW9kZWxCYWNrZW5kIn0=','2021-12-17 13:23:56.600393'),('cv38vpxzynr8uyauac379sly7riwvyn7','YTA0MGZkMDFmNTI2YjU0NGJkNWYxY2I0ZjRhMjFhYjUyZWQ2NmRkNzp7Il9hdXRoX3VzZXJfYmFja2VuZCI6ImRqYW5nby5jb250cmliLmF1dGguYmFja2VuZHMuTW9kZWxCYWNrZW5kIiwiX2F1dGhfdXNlcl9oYXNoIjoiYjFjNjljOWVlNTliNTBhNWNhNTI1Yjg3MWRhZWNkYWU3YTQyYzg1NCIsIl9hdXRoX3VzZXJfaWQiOiIyIn0=','2022-11-28 16:13:03.598085'),('dj1i4vxgg5f7e1fibpyu28zb1ht1lpaa','ZDMyN2IyMjZlMTY2ZmMyY2NiNTQxYTIzZjBmNWJiZGIyMGUzMmY4Nzp7Il9hdXRoX3VzZXJfaGFzaCI6ImIxYzY5YzllZTU5YjUwYTVjYTUyNWI4NzFkYWVjZGFlN2E0MmM4NTQiLCJfYXV0aF91c2VyX2JhY2tlbmQiOiJkamFuZ28uY29udHJpYi5hdXRoLmJhY2tlbmRzLk1vZGVsQmFja2VuZCIsIl9hdXRoX3VzZXJfaWQiOiIyIn0=','2021-10-01 13:49:47.520167'),('dje6hhh7l5ribqqh1458826o691tf9p1','NzZkODI2ODA0ZmIyZGExMjkyYjE3OWI1OWNmMjBjNGVmZjJhMjhlNzp7Il9hdXRoX3VzZXJfaGFzaCI6ImIxYzY5YzllZTU5YjUwYTVjYTUyNWI4NzFkYWVjZGFlN2E0MmM4NTQiLCJfYXV0aF91c2VyX2lkIjoiMiIsIl9hdXRoX3VzZXJfYmFja2VuZCI6ImRqYW5nby5jb250cmliLmF1dGguYmFja2VuZHMuTW9kZWxCYWNrZW5kIn0=','2022-03-08 17:34:54.980220'),('dpl84dicuprxpwk06m4cw8xmllw9uyfw','NWRiNjQ0ZGZiN2MwM2MzYTU3ZmM4NDY3ZjAwYmIxNmJiYmIwMmIyYzp7Il9hdXRoX3VzZXJfYmFja2VuZCI6ImRqYW5nby5jb250cmliLmF1dGguYmFja2VuZHMuTW9kZWxCYWNrZW5kIiwiX2F1dGhfdXNlcl9pZCI6IjIiLCJfYXV0aF91c2VyX2hhc2giOiJiMWM2OWM5ZWU1OWI1MGE1Y2E1MjViODcxZGFlY2RhZTdhNDJjODU0In0=','2021-11-09 21:34:30.015762'),('e7q22xgcclu1nkhqj5xaj5kmoer2wdjn','YTFiMzMyZDdiNjUxMDc5ZTFmZGMyYzZlZTliYjg0YzFmY2ZiN2I5Zjp7Il9hdXRoX3VzZXJfaWQiOiIyIiwiX2F1dGhfdXNlcl9oYXNoIjoiYjFjNjljOWVlNTliNTBhNWNhNTI1Yjg3MWRhZWNkYWU3YTQyYzg1NCIsIl9hdXRoX3VzZXJfYmFja2VuZCI6ImRqYW5nby5jb250cmliLmF1dGguYmFja2VuZHMuTW9kZWxCYWNrZW5kIn0=','2023-02-17 13:57:01.113260'),('eg6lkrocym74ceqscf144m4e2vmiu89g','ZDMyN2IyMjZlMTY2ZmMyY2NiNTQxYTIzZjBmNWJiZGIyMGUzMmY4Nzp7Il9hdXRoX3VzZXJfaGFzaCI6ImIxYzY5YzllZTU5YjUwYTVjYTUyNWI4NzFkYWVjZGFlN2E0MmM4NTQiLCJfYXV0aF91c2VyX2JhY2tlbmQiOiJkamFuZ28uY29udHJpYi5hdXRoLmJhY2tlbmRzLk1vZGVsQmFja2VuZCIsIl9hdXRoX3VzZXJfaWQiOiIyIn0=','2023-05-04 10:15:09.463368'),('fbrzzp2mpgkieeqx1x2w7sjixb9dooq0','ZjJmMGI4ZTc2Nzg3ZmVmNzBkOWM2ODg4YjU5ZjExY2FlMGNhOGNjOTp7Il9hdXRoX3VzZXJfYmFja2VuZCI6ImRqYW5nby5jb250cmliLmF1dGguYmFja2VuZHMuTW9kZWxCYWNrZW5kIiwiX2F1dGhfdXNlcl9oYXNoIjoiY2M0ODFkYTNjYzUyMTBjOGU5Yzc2YjJjMDk1ZDljODE5ODdmMTJjMSIsIl9hdXRoX3VzZXJfaWQiOiIxIn0=','2021-09-10 13:40:05.384256'),('fz02jt4fh7s0lrizxezq1x4ejpqwgmk7','ZjJmMGI4ZTc2Nzg3ZmVmNzBkOWM2ODg4YjU5ZjExY2FlMGNhOGNjOTp7Il9hdXRoX3VzZXJfYmFja2VuZCI6ImRqYW5nby5jb250cmliLmF1dGguYmFja2VuZHMuTW9kZWxCYWNrZW5kIiwiX2F1dGhfdXNlcl9oYXNoIjoiY2M0ODFkYTNjYzUyMTBjOGU5Yzc2YjJjMDk1ZDljODE5ODdmMTJjMSIsIl9hdXRoX3VzZXJfaWQiOiIxIn0=','2022-11-07 13:07:31.348374'),('gckfka5eq5abv9yh7z1bvuou0rxxvezc','NzZkODI2ODA0ZmIyZGExMjkyYjE3OWI1OWNmMjBjNGVmZjJhMjhlNzp7Il9hdXRoX3VzZXJfaGFzaCI6ImIxYzY5YzllZTU5YjUwYTVjYTUyNWI4NzFkYWVjZGFlN2E0MmM4NTQiLCJfYXV0aF91c2VyX2lkIjoiMiIsIl9hdXRoX3VzZXJfYmFja2VuZCI6ImRqYW5nby5jb250cmliLmF1dGguYmFja2VuZHMuTW9kZWxCYWNrZW5kIn0=','2021-11-09 15:32:22.931005'),('ge08fczaehlcgodrsdt45wgsma7uq6ql','YjQ4MDFmYmYxMDlmZWUxODA4MDk5NTIyYmQ4N2I5YWI0NWM2ODQ3Mzp7Il9hdXRoX3VzZXJfaWQiOiIxIiwiX2F1dGhfdXNlcl9oYXNoIjoiY2M0ODFkYTNjYzUyMTBjOGU5Yzc2YjJjMDk1ZDljODE5ODdmMTJjMSIsIl9hdXRoX3VzZXJfYmFja2VuZCI6ImRqYW5nby5jb250cmliLmF1dGguYmFja2VuZHMuTW9kZWxCYWNrZW5kIn0=','2022-01-17 20:37:13.638348'),('gi102kvzhzvjsrzptjactjwyogyq13wj','YTFiMzMyZDdiNjUxMDc5ZTFmZGMyYzZlZTliYjg0YzFmY2ZiN2I5Zjp7Il9hdXRoX3VzZXJfaWQiOiIyIiwiX2F1dGhfdXNlcl9oYXNoIjoiYjFjNjljOWVlNTliNTBhNWNhNTI1Yjg3MWRhZWNkYWU3YTQyYzg1NCIsIl9hdXRoX3VzZXJfYmFja2VuZCI6ImRqYW5nby5jb250cmliLmF1dGguYmFja2VuZHMuTW9kZWxCYWNrZW5kIn0=','2021-08-27 15:11:50.291471'),('gsy0dp3zw1lb6gjnua3vxdyx9mq6qs46','NWRiNjQ0ZGZiN2MwM2MzYTU3ZmM4NDY3ZjAwYmIxNmJiYmIwMmIyYzp7Il9hdXRoX3VzZXJfYmFja2VuZCI6ImRqYW5nby5jb250cmliLmF1dGguYmFja2VuZHMuTW9kZWxCYWNrZW5kIiwiX2F1dGhfdXNlcl9pZCI6IjIiLCJfYXV0aF91c2VyX2hhc2giOiJiMWM2OWM5ZWU1OWI1MGE1Y2E1MjViODcxZGFlY2RhZTdhNDJjODU0In0=','2023-07-12 00:12:21.349123'),('h0lio5hxc93k0k0dio56bu9pgvu09ezv','NDY2OTk2YjQ5YWMwYzIxZmE5OGNkZjk4YzlmYmU5YTE0MWU5YmI3Mzp7Il9hdXRoX3VzZXJfaWQiOiIyIiwiX2F1dGhfdXNlcl9iYWNrZW5kIjoiZGphbmdvLmNvbnRyaWIuYXV0aC5iYWNrZW5kcy5Nb2RlbEJhY2tlbmQiLCJfYXV0aF91c2VyX2hhc2giOiJiMWM2OWM5ZWU1OWI1MGE1Y2E1MjViODcxZGFlY2RhZTdhNDJjODU0In0=','2022-11-10 16:55:47.576840'),('i991msgdf6u4x30uol9lpp6ufmchfphm','YTA0MGZkMDFmNTI2YjU0NGJkNWYxY2I0ZjRhMjFhYjUyZWQ2NmRkNzp7Il9hdXRoX3VzZXJfYmFja2VuZCI6ImRqYW5nby5jb250cmliLmF1dGguYmFja2VuZHMuTW9kZWxCYWNrZW5kIiwiX2F1dGhfdXNlcl9oYXNoIjoiYjFjNjljOWVlNTliNTBhNWNhNTI1Yjg3MWRhZWNkYWU3YTQyYzg1NCIsIl9hdXRoX3VzZXJfaWQiOiIyIn0=','2021-12-20 17:41:16.835269'),('id88m07cljjllwihu1216r5aj9d84an9','MjJlMGIwYWEwZjgwMGU3OTM3ZmI2ODMwMmIyYjUzNDQ1ZmZlYmJmZTp7Il9hdXRoX3VzZXJfaWQiOiIxIiwiX2F1dGhfdXNlcl9iYWNrZW5kIjoiZGphbmdvLmNvbnRyaWIuYXV0aC5iYWNrZW5kcy5Nb2RlbEJhY2tlbmQiLCJfYXV0aF91c2VyX2hhc2giOiJjYzQ4MWRhM2NjNTIxMGM4ZTljNzZiMmMwOTVkOWM4MTk4N2YxMmMxIn0=','2022-03-07 03:45:57.488364'),('igfumczdd624ld7kdku8t2p7ltaa5e31','NzhmZmI5YmY1NTcwNTgwOTFiNjRlOWFiZTBlOGIwOWNiODRlZDcwYzp7Il9hdXRoX3VzZXJfaGFzaCI6ImNjNDgxZGEzY2M1MjEwYzhlOWM3NmIyYzA5NWQ5YzgxOTg3ZjEyYzEiLCJfYXV0aF91c2VyX2JhY2tlbmQiOiJkamFuZ28uY29udHJpYi5hdXRoLmJhY2tlbmRzLk1vZGVsQmFja2VuZCIsIl9hdXRoX3VzZXJfaWQiOiIxIn0=','2022-09-12 10:05:18.059152'),('ihtv4pxh5dtisyxb04ypwg6s4p4ts10c','MmU5ZmRjNzM1OGI1ODljZjkyY2Y4ODhlMDk1NTgyYTEyY2MyNzhjZDp7Il9hdXRoX3VzZXJfYmFja2VuZCI6ImRqYW5nby5jb250cmliLmF1dGguYmFja2VuZHMuTW9kZWxCYWNrZW5kIiwiX2F1dGhfdXNlcl9pZCI6IjEiLCJfYXV0aF91c2VyX2hhc2giOiJjYzQ4MWRhM2NjNTIxMGM4ZTljNzZiMmMwOTVkOWM4MTk4N2YxMmMxIn0=','2023-10-16 11:21:51.449371'),('j0pux2rw6hpqf41ov6ic2nj85xjc3q94','ZjJmMGI4ZTc2Nzg3ZmVmNzBkOWM2ODg4YjU5ZjExY2FlMGNhOGNjOTp7Il9hdXRoX3VzZXJfYmFja2VuZCI6ImRqYW5nby5jb250cmliLmF1dGguYmFja2VuZHMuTW9kZWxCYWNrZW5kIiwiX2F1dGhfdXNlcl9oYXNoIjoiY2M0ODFkYTNjYzUyMTBjOGU5Yzc2YjJjMDk1ZDljODE5ODdmMTJjMSIsIl9hdXRoX3VzZXJfaWQiOiIxIn0=','2023-04-04 16:52:57.455104'),('j2l2ywxy4fs48qjhsjabqeounsa6zdf4','YjQ4MDFmYmYxMDlmZWUxODA4MDk5NTIyYmQ4N2I5YWI0NWM2ODQ3Mzp7Il9hdXRoX3VzZXJfaWQiOiIxIiwiX2F1dGhfdXNlcl9oYXNoIjoiY2M0ODFkYTNjYzUyMTBjOGU5Yzc2YjJjMDk1ZDljODE5ODdmMTJjMSIsIl9hdXRoX3VzZXJfYmFja2VuZCI6ImRqYW5nby5jb250cmliLmF1dGguYmFja2VuZHMuTW9kZWxCYWNrZW5kIn0=','2022-08-15 07:32:04.708308'),('j6n0o6pgwkcm7sm789rui2l4thayki00','YTFiMzMyZDdiNjUxMDc5ZTFmZGMyYzZlZTliYjg0YzFmY2ZiN2I5Zjp7Il9hdXRoX3VzZXJfaWQiOiIyIiwiX2F1dGhfdXNlcl9oYXNoIjoiYjFjNjljOWVlNTliNTBhNWNhNTI1Yjg3MWRhZWNkYWU3YTQyYzg1NCIsIl9hdXRoX3VzZXJfYmFja2VuZCI6ImRqYW5nby5jb250cmliLmF1dGguYmFja2VuZHMuTW9kZWxCYWNrZW5kIn0=','2021-11-16 09:50:40.244374'),('j7n921w33q136jl1bzlrobqvimxsnt91','YTFiMzMyZDdiNjUxMDc5ZTFmZGMyYzZlZTliYjg0YzFmY2ZiN2I5Zjp7Il9hdXRoX3VzZXJfaWQiOiIyIiwiX2F1dGhfdXNlcl9oYXNoIjoiYjFjNjljOWVlNTliNTBhNWNhNTI1Yjg3MWRhZWNkYWU3YTQyYzg1NCIsIl9hdXRoX3VzZXJfYmFja2VuZCI6ImRqYW5nby5jb250cmliLmF1dGguYmFja2VuZHMuTW9kZWxCYWNrZW5kIn0=','2022-06-14 19:28:20.816965'),('j86cjb20pphfrg6duo6ukjvdjqc5n1zb','YTA0MGZkMDFmNTI2YjU0NGJkNWYxY2I0ZjRhMjFhYjUyZWQ2NmRkNzp7Il9hdXRoX3VzZXJfYmFja2VuZCI6ImRqYW5nby5jb250cmliLmF1dGguYmFja2VuZHMuTW9kZWxCYWNrZW5kIiwiX2F1dGhfdXNlcl9oYXNoIjoiYjFjNjljOWVlNTliNTBhNWNhNTI1Yjg3MWRhZWNkYWU3YTQyYzg1NCIsIl9hdXRoX3VzZXJfaWQiOiIyIn0=','2023-08-11 12:50:20.650960'),('jbpnxtbheeswa02jcnyjomo3r4zmx5hx','NzZkODI2ODA0ZmIyZGExMjkyYjE3OWI1OWNmMjBjNGVmZjJhMjhlNzp7Il9hdXRoX3VzZXJfaGFzaCI6ImIxYzY5YzllZTU5YjUwYTVjYTUyNWI4NzFkYWVjZGFlN2E0MmM4NTQiLCJfYXV0aF91c2VyX2lkIjoiMiIsIl9hdXRoX3VzZXJfYmFja2VuZCI6ImRqYW5nby5jb250cmliLmF1dGguYmFja2VuZHMuTW9kZWxCYWNrZW5kIn0=','2022-10-20 00:32:29.570731'),('jcadlw094lc9bma2en6ab6774fp6kx7j','NzZkODI2ODA0ZmIyZGExMjkyYjE3OWI1OWNmMjBjNGVmZjJhMjhlNzp7Il9hdXRoX3VzZXJfaGFzaCI6ImIxYzY5YzllZTU5YjUwYTVjYTUyNWI4NzFkYWVjZGFlN2E0MmM4NTQiLCJfYXV0aF91c2VyX2lkIjoiMiIsIl9hdXRoX3VzZXJfYmFja2VuZCI6ImRqYW5nby5jb250cmliLmF1dGguYmFja2VuZHMuTW9kZWxCYWNrZW5kIn0=','2021-11-22 12:27:05.795229'),('jdbs8wv4aqg0y4pqgxjoh8cm56re4588','NDY2OTk2YjQ5YWMwYzIxZmE5OGNkZjk4YzlmYmU5YTE0MWU5YmI3Mzp7Il9hdXRoX3VzZXJfaWQiOiIyIiwiX2F1dGhfdXNlcl9iYWNrZW5kIjoiZGphbmdvLmNvbnRyaWIuYXV0aC5iYWNrZW5kcy5Nb2RlbEJhY2tlbmQiLCJfYXV0aF91c2VyX2hhc2giOiJiMWM2OWM5ZWU1OWI1MGE1Y2E1MjViODcxZGFlY2RhZTdhNDJjODU0In0=','2021-09-02 12:47:13.065683'),('jdk4whnbxq21fdq3e1k4njo7niqfbxnh','YTA0MGZkMDFmNTI2YjU0NGJkNWYxY2I0ZjRhMjFhYjUyZWQ2NmRkNzp7Il9hdXRoX3VzZXJfYmFja2VuZCI6ImRqYW5nby5jb250cmliLmF1dGguYmFja2VuZHMuTW9kZWxCYWNrZW5kIiwiX2F1dGhfdXNlcl9oYXNoIjoiYjFjNjljOWVlNTliNTBhNWNhNTI1Yjg3MWRhZWNkYWU3YTQyYzg1NCIsIl9hdXRoX3VzZXJfaWQiOiIyIn0=','2021-09-07 11:54:48.591193'),('jf6bdx2s6m6hvf2k25ee8bc3xgzx07xq','MmU5ZmRjNzM1OGI1ODljZjkyY2Y4ODhlMDk1NTgyYTEyY2MyNzhjZDp7Il9hdXRoX3VzZXJfYmFja2VuZCI6ImRqYW5nby5jb250cmliLmF1dGguYmFja2VuZHMuTW9kZWxCYWNrZW5kIiwiX2F1dGhfdXNlcl9pZCI6IjEiLCJfYXV0aF91c2VyX2hhc2giOiJjYzQ4MWRhM2NjNTIxMGM4ZTljNzZiMmMwOTVkOWM4MTk4N2YxMmMxIn0=','2021-09-10 14:02:13.098988'),('jstbc06gva18vlwrulln4fn6umnzqsdd','YjQ4MDFmYmYxMDlmZWUxODA4MDk5NTIyYmQ4N2I5YWI0NWM2ODQ3Mzp7Il9hdXRoX3VzZXJfaWQiOiIxIiwiX2F1dGhfdXNlcl9oYXNoIjoiY2M0ODFkYTNjYzUyMTBjOGU5Yzc2YjJjMDk1ZDljODE5ODdmMTJjMSIsIl9hdXRoX3VzZXJfYmFja2VuZCI6ImRqYW5nby5jb250cmliLmF1dGguYmFja2VuZHMuTW9kZWxCYWNrZW5kIn0=','2021-08-23 17:52:59.525569'),('ke0rabxvvm5vjbpuqx7im0bbuzpop4he','YTFiMzMyZDdiNjUxMDc5ZTFmZGMyYzZlZTliYjg0YzFmY2ZiN2I5Zjp7Il9hdXRoX3VzZXJfaWQiOiIyIiwiX2F1dGhfdXNlcl9oYXNoIjoiYjFjNjljOWVlNTliNTBhNWNhNTI1Yjg3MWRhZWNkYWU3YTQyYzg1NCIsIl9hdXRoX3VzZXJfYmFja2VuZCI6ImRqYW5nby5jb250cmliLmF1dGguYmFja2VuZHMuTW9kZWxCYWNrZW5kIn0=','2021-12-06 17:14:32.181350'),('lbrl9rqvuljwxkme5snenswhbymb51mn','YTFiMzMyZDdiNjUxMDc5ZTFmZGMyYzZlZTliYjg0YzFmY2ZiN2I5Zjp7Il9hdXRoX3VzZXJfaWQiOiIyIiwiX2F1dGhfdXNlcl9oYXNoIjoiYjFjNjljOWVlNTliNTBhNWNhNTI1Yjg3MWRhZWNkYWU3YTQyYzg1NCIsIl9hdXRoX3VzZXJfYmFja2VuZCI6ImRqYW5nby5jb250cmliLmF1dGguYmFja2VuZHMuTW9kZWxCYWNrZW5kIn0=','2021-12-08 11:09:49.001027'),('lgbjif989zxzocu0ljadkcap0gmzb87b','NWRiNjQ0ZGZiN2MwM2MzYTU3ZmM4NDY3ZjAwYmIxNmJiYmIwMmIyYzp7Il9hdXRoX3VzZXJfYmFja2VuZCI6ImRqYW5nby5jb250cmliLmF1dGguYmFja2VuZHMuTW9kZWxCYWNrZW5kIiwiX2F1dGhfdXNlcl9pZCI6IjIiLCJfYXV0aF91c2VyX2hhc2giOiJiMWM2OWM5ZWU1OWI1MGE1Y2E1MjViODcxZGFlY2RhZTdhNDJjODU0In0=','2022-02-07 22:51:28.101299'),('lqwvc571bdx29fagn0luo734u3ctzk3a','NDY2OTk2YjQ5YWMwYzIxZmE5OGNkZjk4YzlmYmU5YTE0MWU5YmI3Mzp7Il9hdXRoX3VzZXJfaWQiOiIyIiwiX2F1dGhfdXNlcl9iYWNrZW5kIjoiZGphbmdvLmNvbnRyaWIuYXV0aC5iYWNrZW5kcy5Nb2RlbEJhY2tlbmQiLCJfYXV0aF91c2VyX2hhc2giOiJiMWM2OWM5ZWU1OWI1MGE1Y2E1MjViODcxZGFlY2RhZTdhNDJjODU0In0=','2022-07-06 00:11:05.118829'),('m6oclfz92wrwcz6kpai9hii396sv8nlr','YTFiMzMyZDdiNjUxMDc5ZTFmZGMyYzZlZTliYjg0YzFmY2ZiN2I5Zjp7Il9hdXRoX3VzZXJfaWQiOiIyIiwiX2F1dGhfdXNlcl9oYXNoIjoiYjFjNjljOWVlNTliNTBhNWNhNTI1Yjg3MWRhZWNkYWU3YTQyYzg1NCIsIl9hdXRoX3VzZXJfYmFja2VuZCI6ImRqYW5nby5jb250cmliLmF1dGguYmFja2VuZHMuTW9kZWxCYWNrZW5kIn0=','2022-10-25 16:31:32.591106'),('mdcz7018uswz2f5lelmvmr72lh0v1wao','NzZkODI2ODA0ZmIyZGExMjkyYjE3OWI1OWNmMjBjNGVmZjJhMjhlNzp7Il9hdXRoX3VzZXJfaGFzaCI6ImIxYzY5YzllZTU5YjUwYTVjYTUyNWI4NzFkYWVjZGFlN2E0MmM4NTQiLCJfYXV0aF91c2VyX2lkIjoiMiIsIl9hdXRoX3VzZXJfYmFja2VuZCI6ImRqYW5nby5jb250cmliLmF1dGguYmFja2VuZHMuTW9kZWxCYWNrZW5kIn0=','2022-05-27 16:37:01.508707'),('meinviws9krg7i9dwjdx48dhc1v1lgwq','ZDMyN2IyMjZlMTY2ZmMyY2NiNTQxYTIzZjBmNWJiZGIyMGUzMmY4Nzp7Il9hdXRoX3VzZXJfaGFzaCI6ImIxYzY5YzllZTU5YjUwYTVjYTUyNWI4NzFkYWVjZGFlN2E0MmM4NTQiLCJfYXV0aF91c2VyX2JhY2tlbmQiOiJkamFuZ28uY29udHJpYi5hdXRoLmJhY2tlbmRzLk1vZGVsQmFja2VuZCIsIl9hdXRoX3VzZXJfaWQiOiIyIn0=','2022-01-27 18:22:04.577484'),('mi6aw8w0za8f4yvbzt4ws8ykb60yhi1u','ZjJmMGI4ZTc2Nzg3ZmVmNzBkOWM2ODg4YjU5ZjExY2FlMGNhOGNjOTp7Il9hdXRoX3VzZXJfYmFja2VuZCI6ImRqYW5nby5jb250cmliLmF1dGguYmFja2VuZHMuTW9kZWxCYWNrZW5kIiwiX2F1dGhfdXNlcl9oYXNoIjoiY2M0ODFkYTNjYzUyMTBjOGU5Yzc2YjJjMDk1ZDljODE5ODdmMTJjMSIsIl9hdXRoX3VzZXJfaWQiOiIxIn0=','2022-07-25 08:52:10.678155'),('mkag2ddg77ku5a6v1qc4uewhuj8hdb64','NzhmZmI5YmY1NTcwNTgwOTFiNjRlOWFiZTBlOGIwOWNiODRlZDcwYzp7Il9hdXRoX3VzZXJfaGFzaCI6ImNjNDgxZGEzY2M1MjEwYzhlOWM3NmIyYzA5NWQ5YzgxOTg3ZjEyYzEiLCJfYXV0aF91c2VyX2JhY2tlbmQiOiJkamFuZ28uY29udHJpYi5hdXRoLmJhY2tlbmRzLk1vZGVsQmFja2VuZCIsIl9hdXRoX3VzZXJfaWQiOiIxIn0=','2022-10-24 11:34:36.241327'),('nl2ogh9dgtse5ja3o3durd5qqfp15xrb','NDY2OTk2YjQ5YWMwYzIxZmE5OGNkZjk4YzlmYmU5YTE0MWU5YmI3Mzp7Il9hdXRoX3VzZXJfaWQiOiIyIiwiX2F1dGhfdXNlcl9iYWNrZW5kIjoiZGphbmdvLmNvbnRyaWIuYXV0aC5iYWNrZW5kcy5Nb2RlbEJhY2tlbmQiLCJfYXV0aF91c2VyX2hhc2giOiJiMWM2OWM5ZWU1OWI1MGE1Y2E1MjViODcxZGFlY2RhZTdhNDJjODU0In0=','2022-06-28 21:46:11.047878'),('nngnzbrn148tcrq90edizgeqdj7v9hg3','ZjJmMGI4ZTc2Nzg3ZmVmNzBkOWM2ODg4YjU5ZjExY2FlMGNhOGNjOTp7Il9hdXRoX3VzZXJfYmFja2VuZCI6ImRqYW5nby5jb250cmliLmF1dGguYmFja2VuZHMuTW9kZWxCYWNrZW5kIiwiX2F1dGhfdXNlcl9oYXNoIjoiY2M0ODFkYTNjYzUyMTBjOGU5Yzc2YjJjMDk1ZDljODE5ODdmMTJjMSIsIl9hdXRoX3VzZXJfaWQiOiIxIn0=','2022-02-21 03:02:31.367843'),('o641j823tkoysbugrb13qgtb3tipb49t','YTA0MGZkMDFmNTI2YjU0NGJkNWYxY2I0ZjRhMjFhYjUyZWQ2NmRkNzp7Il9hdXRoX3VzZXJfYmFja2VuZCI6ImRqYW5nby5jb250cmliLmF1dGguYmFja2VuZHMuTW9kZWxCYWNrZW5kIiwiX2F1dGhfdXNlcl9oYXNoIjoiYjFjNjljOWVlNTliNTBhNWNhNTI1Yjg3MWRhZWNkYWU3YTQyYzg1NCIsIl9hdXRoX3VzZXJfaWQiOiIyIn0=','2022-05-20 14:55:16.545522'),('odyqwe1dxt150oqvyaf7gigzjdixtt3c','NWRiNjQ0ZGZiN2MwM2MzYTU3ZmM4NDY3ZjAwYmIxNmJiYmIwMmIyYzp7Il9hdXRoX3VzZXJfYmFja2VuZCI6ImRqYW5nby5jb250cmliLmF1dGguYmFja2VuZHMuTW9kZWxCYWNrZW5kIiwiX2F1dGhfdXNlcl9pZCI6IjIiLCJfYXV0aF91c2VyX2hhc2giOiJiMWM2OWM5ZWU1OWI1MGE1Y2E1MjViODcxZGFlY2RhZTdhNDJjODU0In0=','2022-09-13 00:40:26.361605'),('oqhom47mkdvl5yh6at9sracqrfrd9yeh','NzZkODI2ODA0ZmIyZGExMjkyYjE3OWI1OWNmMjBjNGVmZjJhMjhlNzp7Il9hdXRoX3VzZXJfaGFzaCI6ImIxYzY5YzllZTU5YjUwYTVjYTUyNWI4NzFkYWVjZGFlN2E0MmM4NTQiLCJfYXV0aF91c2VyX2lkIjoiMiIsIl9hdXRoX3VzZXJfYmFja2VuZCI6ImRqYW5nby5jb250cmliLmF1dGguYmFja2VuZHMuTW9kZWxCYWNrZW5kIn0=','2022-01-05 22:13:08.464880'),('orrgplfx5kkeko2jguz038y74f3d1fpq','NzhmZmI5YmY1NTcwNTgwOTFiNjRlOWFiZTBlOGIwOWNiODRlZDcwYzp7Il9hdXRoX3VzZXJfaGFzaCI6ImNjNDgxZGEzY2M1MjEwYzhlOWM3NmIyYzA5NWQ5YzgxOTg3ZjEyYzEiLCJfYXV0aF91c2VyX2JhY2tlbmQiOiJkamFuZ28uY29udHJpYi5hdXRoLmJhY2tlbmRzLk1vZGVsQmFja2VuZCIsIl9hdXRoX3VzZXJfaWQiOiIxIn0=','2022-02-07 02:49:33.246229'),('phnajxxbtu10g43ayx63cv2865t0fe6g','YTA0MGZkMDFmNTI2YjU0NGJkNWYxY2I0ZjRhMjFhYjUyZWQ2NmRkNzp7Il9hdXRoX3VzZXJfYmFja2VuZCI6ImRqYW5nby5jb250cmliLmF1dGguYmFja2VuZHMuTW9kZWxCYWNrZW5kIiwiX2F1dGhfdXNlcl9oYXNoIjoiYjFjNjljOWVlNTliNTBhNWNhNTI1Yjg3MWRhZWNkYWU3YTQyYzg1NCIsIl9hdXRoX3VzZXJfaWQiOiIyIn0=','2022-11-15 12:09:58.843363'),('pv19d29vxiu3cx36glnw3ti673q0iwam','NTlmMzg2NTBiOTEzMTEzODkyYTY1NzVmNzllYzE3YmYwZjlmZDUyNDp7Il9hdXRoX3VzZXJfaGFzaCI6ImNjNDgxZGEzY2M1MjEwYzhlOWM3NmIyYzA5NWQ5YzgxOTg3ZjEyYzEiLCJfYXV0aF91c2VyX2lkIjoiMSIsIl9hdXRoX3VzZXJfYmFja2VuZCI6ImRqYW5nby5jb250cmliLmF1dGguYmFja2VuZHMuTW9kZWxCYWNrZW5kIn0=','2022-05-23 10:09:40.053835'),('q8lwj2c58qy1jcnb5yhqnb1kdoey2fjq','YTFiMzMyZDdiNjUxMDc5ZTFmZGMyYzZlZTliYjg0YzFmY2ZiN2I5Zjp7Il9hdXRoX3VzZXJfaWQiOiIyIiwiX2F1dGhfdXNlcl9oYXNoIjoiYjFjNjljOWVlNTliNTBhNWNhNTI1Yjg3MWRhZWNkYWU3YTQyYzg1NCIsIl9hdXRoX3VzZXJfYmFja2VuZCI6ImRqYW5nby5jb250cmliLmF1dGguYmFja2VuZHMuTW9kZWxCYWNrZW5kIn0=','2022-11-29 21:03:17.988575'),('qxcjyhg6b9oh8w6vkbz6ouw66vaajxhp','ZDMyN2IyMjZlMTY2ZmMyY2NiNTQxYTIzZjBmNWJiZGIyMGUzMmY4Nzp7Il9hdXRoX3VzZXJfaGFzaCI6ImIxYzY5YzllZTU5YjUwYTVjYTUyNWI4NzFkYWVjZGFlN2E0MmM4NTQiLCJfYXV0aF91c2VyX2JhY2tlbmQiOiJkamFuZ28uY29udHJpYi5hdXRoLmJhY2tlbmRzLk1vZGVsQmFja2VuZCIsIl9hdXRoX3VzZXJfaWQiOiIyIn0=','2022-04-29 13:37:21.617637'),('rd55q4zx8xty6xpnkz5eglpco1f0s523','YTFiMzMyZDdiNjUxMDc5ZTFmZGMyYzZlZTliYjg0YzFmY2ZiN2I5Zjp7Il9hdXRoX3VzZXJfaWQiOiIyIiwiX2F1dGhfdXNlcl9oYXNoIjoiYjFjNjljOWVlNTliNTBhNWNhNTI1Yjg3MWRhZWNkYWU3YTQyYzg1NCIsIl9hdXRoX3VzZXJfYmFja2VuZCI6ImRqYW5nby5jb250cmliLmF1dGguYmFja2VuZHMuTW9kZWxCYWNrZW5kIn0=','2022-10-11 01:44:24.443839'),('rm6z3bdrqbz2ekzl18u00z0hdyy3stuz','NzhmZmI5YmY1NTcwNTgwOTFiNjRlOWFiZTBlOGIwOWNiODRlZDcwYzp7Il9hdXRoX3VzZXJfaGFzaCI6ImNjNDgxZGEzY2M1MjEwYzhlOWM3NmIyYzA5NWQ5YzgxOTg3ZjEyYzEiLCJfYXV0aF91c2VyX2JhY2tlbmQiOiJkamFuZ28uY29udHJpYi5hdXRoLmJhY2tlbmRzLk1vZGVsQmFja2VuZCIsIl9hdXRoX3VzZXJfaWQiOiIxIn0=','2021-11-08 10:19:52.819574'),('rw044i7jzyf2y1i70wy5bexhs0q8up4g','NWRiNjQ0ZGZiN2MwM2MzYTU3ZmM4NDY3ZjAwYmIxNmJiYmIwMmIyYzp7Il9hdXRoX3VzZXJfYmFja2VuZCI6ImRqYW5nby5jb250cmliLmF1dGguYmFja2VuZHMuTW9kZWxCYWNrZW5kIiwiX2F1dGhfdXNlcl9pZCI6IjIiLCJfYXV0aF91c2VyX2hhc2giOiJiMWM2OWM5ZWU1OWI1MGE1Y2E1MjViODcxZGFlY2RhZTdhNDJjODU0In0=','2022-07-03 10:53:34.268630'),('s1zxv6bcpln4nuhz3rikgwe4izuw8uvh','NTlmMzg2NTBiOTEzMTEzODkyYTY1NzVmNzllYzE3YmYwZjlmZDUyNDp7Il9hdXRoX3VzZXJfaGFzaCI6ImNjNDgxZGEzY2M1MjEwYzhlOWM3NmIyYzA5NWQ5YzgxOTg3ZjEyYzEiLCJfYXV0aF91c2VyX2lkIjoiMSIsIl9hdXRoX3VzZXJfYmFja2VuZCI6ImRqYW5nby5jb250cmliLmF1dGguYmFja2VuZHMuTW9kZWxCYWNrZW5kIn0=','2021-10-25 01:26:28.461756'),('szg2d9yw4mgzf6m5roef8cu15rfjm7vw','YTFiMzMyZDdiNjUxMDc5ZTFmZGMyYzZlZTliYjg0YzFmY2ZiN2I5Zjp7Il9hdXRoX3VzZXJfaWQiOiIyIiwiX2F1dGhfdXNlcl9oYXNoIjoiYjFjNjljOWVlNTliNTBhNWNhNTI1Yjg3MWRhZWNkYWU3YTQyYzg1NCIsIl9hdXRoX3VzZXJfYmFja2VuZCI6ImRqYW5nby5jb250cmliLmF1dGguYmFja2VuZHMuTW9kZWxCYWNrZW5kIn0=','2021-09-10 16:09:36.733713'),('tr0qb45p9nvjmvi6ge6rv4qvprsj1dkr','ZjJmMGI4ZTc2Nzg3ZmVmNzBkOWM2ODg4YjU5ZjExY2FlMGNhOGNjOTp7Il9hdXRoX3VzZXJfYmFja2VuZCI6ImRqYW5nby5jb250cmliLmF1dGguYmFja2VuZHMuTW9kZWxCYWNrZW5kIiwiX2F1dGhfdXNlcl9oYXNoIjoiY2M0ODFkYTNjYzUyMTBjOGU5Yzc2YjJjMDk1ZDljODE5ODdmMTJjMSIsIl9hdXRoX3VzZXJfaWQiOiIxIn0=','2022-08-29 10:04:09.603272'),('tswok3ywd20lnsie08ighwlsa38c810n','NzhmZmI5YmY1NTcwNTgwOTFiNjRlOWFiZTBlOGIwOWNiODRlZDcwYzp7Il9hdXRoX3VzZXJfaGFzaCI6ImNjNDgxZGEzY2M1MjEwYzhlOWM3NmIyYzA5NWQ5YzgxOTg3ZjEyYzEiLCJfYXV0aF91c2VyX2JhY2tlbmQiOiJkamFuZ28uY29udHJpYi5hdXRoLmJhY2tlbmRzLk1vZGVsQmFja2VuZCIsIl9hdXRoX3VzZXJfaWQiOiIxIn0=','2021-11-29 09:42:00.329408'),('tuy215kh07oxkm2ia963aisi9zu89v2t','MjJlMGIwYWEwZjgwMGU3OTM3ZmI2ODMwMmIyYjUzNDQ1ZmZlYmJmZTp7Il9hdXRoX3VzZXJfaWQiOiIxIiwiX2F1dGhfdXNlcl9iYWNrZW5kIjoiZGphbmdvLmNvbnRyaWIuYXV0aC5iYWNrZW5kcy5Nb2RlbEJhY2tlbmQiLCJfYXV0aF91c2VyX2hhc2giOiJjYzQ4MWRhM2NjNTIxMGM4ZTljNzZiMmMwOTVkOWM4MTk4N2YxMmMxIn0=','2023-09-28 13:05:08.844916'),('udomzu29l0cf2qgndc2sgly09nbunr09','NDY2OTk2YjQ5YWMwYzIxZmE5OGNkZjk4YzlmYmU5YTE0MWU5YmI3Mzp7Il9hdXRoX3VzZXJfaWQiOiIyIiwiX2F1dGhfdXNlcl9iYWNrZW5kIjoiZGphbmdvLmNvbnRyaWIuYXV0aC5iYWNrZW5kcy5Nb2RlbEJhY2tlbmQiLCJfYXV0aF91c2VyX2hhc2giOiJiMWM2OWM5ZWU1OWI1MGE1Y2E1MjViODcxZGFlY2RhZTdhNDJjODU0In0=','2021-09-25 12:09:12.977184'),('v15i922jozs6uovwzd0za1j744dri380','MmU5ZmRjNzM1OGI1ODljZjkyY2Y4ODhlMDk1NTgyYTEyY2MyNzhjZDp7Il9hdXRoX3VzZXJfYmFja2VuZCI6ImRqYW5nby5jb250cmliLmF1dGguYmFja2VuZHMuTW9kZWxCYWNrZW5kIiwiX2F1dGhfdXNlcl9pZCI6IjEiLCJfYXV0aF91c2VyX2hhc2giOiJjYzQ4MWRhM2NjNTIxMGM4ZTljNzZiMmMwOTVkOWM4MTk4N2YxMmMxIn0=','2022-06-28 09:46:59.683383'),('voenoa6c58kwnixkonisb9aji4pol0k8','YTFiMzMyZDdiNjUxMDc5ZTFmZGMyYzZlZTliYjg0YzFmY2ZiN2I5Zjp7Il9hdXRoX3VzZXJfaWQiOiIyIiwiX2F1dGhfdXNlcl9oYXNoIjoiYjFjNjljOWVlNTliNTBhNWNhNTI1Yjg3MWRhZWNkYWU3YTQyYzg1NCIsIl9hdXRoX3VzZXJfYmFja2VuZCI6ImRqYW5nby5jb250cmliLmF1dGguYmFja2VuZHMuTW9kZWxCYWNrZW5kIn0=','2021-12-09 12:00:11.456984'),('w5iswqxykjk0kzbbve1552qn33ezgl8v','NWRiNjQ0ZGZiN2MwM2MzYTU3ZmM4NDY3ZjAwYmIxNmJiYmIwMmIyYzp7Il9hdXRoX3VzZXJfYmFja2VuZCI6ImRqYW5nby5jb250cmliLmF1dGguYmFja2VuZHMuTW9kZWxCYWNrZW5kIiwiX2F1dGhfdXNlcl9pZCI6IjIiLCJfYXV0aF91c2VyX2hhc2giOiJiMWM2OWM5ZWU1OWI1MGE1Y2E1MjViODcxZGFlY2RhZTdhNDJjODU0In0=','2022-04-22 15:20:14.733701'),('x0jx1g6h29tiidc6x58kur0wzkokvthd','NzZkODI2ODA0ZmIyZGExMjkyYjE3OWI1OWNmMjBjNGVmZjJhMjhlNzp7Il9hdXRoX3VzZXJfaGFzaCI6ImIxYzY5YzllZTU5YjUwYTVjYTUyNWI4NzFkYWVjZGFlN2E0MmM4NTQiLCJfYXV0aF91c2VyX2lkIjoiMiIsIl9hdXRoX3VzZXJfYmFja2VuZCI6ImRqYW5nby5jb250cmliLmF1dGguYmFja2VuZHMuTW9kZWxCYWNrZW5kIn0=','2022-11-17 18:15:49.361016'),('xzxki8q2tfk1fuc13a2adhgohtoiptbm','MjJlMGIwYWEwZjgwMGU3OTM3ZmI2ODMwMmIyYjUzNDQ1ZmZlYmJmZTp7Il9hdXRoX3VzZXJfaWQiOiIxIiwiX2F1dGhfdXNlcl9iYWNrZW5kIjoiZGphbmdvLmNvbnRyaWIuYXV0aC5iYWNrZW5kcy5Nb2RlbEJhY2tlbmQiLCJfYXV0aF91c2VyX2hhc2giOiJjYzQ4MWRhM2NjNTIxMGM4ZTljNzZiMmMwOTVkOWM4MTk4N2YxMmMxIn0=','2022-03-21 22:31:37.232051'),('y9jetd4ve72xaoq2zeoqp9nkfm1zedet','NDY2OTk2YjQ5YWMwYzIxZmE5OGNkZjk4YzlmYmU5YTE0MWU5YmI3Mzp7Il9hdXRoX3VzZXJfaWQiOiIyIiwiX2F1dGhfdXNlcl9iYWNrZW5kIjoiZGphbmdvLmNvbnRyaWIuYXV0aC5iYWNrZW5kcy5Nb2RlbEJhY2tlbmQiLCJfYXV0aF91c2VyX2hhc2giOiJiMWM2OWM5ZWU1OWI1MGE1Y2E1MjViODcxZGFlY2RhZTdhNDJjODU0In0=','2022-10-29 10:54:43.505802'),('zmos03zpt3w1uzuiclu0ykhh1jllng60','YTA0MGZkMDFmNTI2YjU0NGJkNWYxY2I0ZjRhMjFhYjUyZWQ2NmRkNzp7Il9hdXRoX3VzZXJfYmFja2VuZCI6ImRqYW5nby5jb250cmliLmF1dGguYmFja2VuZHMuTW9kZWxCYWNrZW5kIiwiX2F1dGhfdXNlcl9oYXNoIjoiYjFjNjljOWVlNTliNTBhNWNhNTI1Yjg3MWRhZWNkYWU3YTQyYzg1NCIsIl9hdXRoX3VzZXJfaWQiOiIyIn0=','2021-11-26 13:43:50.180825');
/*!40000 ALTER TABLE `django_session` ENABLE KEYS */;
UNLOCK TABLES;

--
-- Table structure for table `easy_thumbnails_source`
--

DROP TABLE IF EXISTS `easy_thumbnails_source`;
/*!40101 SET @saved_cs_client     = @@character_set_client */;
/*!40101 SET character_set_client = utf8 */;
CREATE TABLE `easy_thumbnails_source` (
  `id` int(11) NOT NULL AUTO_INCREMENT,
  `storage_hash` varchar(40) NOT NULL,
  `name` varchar(255) NOT NULL,
  `modified` datetime(6) NOT NULL,
  PRIMARY KEY (`id`),
  UNIQUE KEY `easy_thumbnails_source_storage_hash_name_481ce32d_uniq` (`storage_hash`,`name`),
  KEY `easy_thumbnails_source_storage_hash_946cbcc9` (`storage_hash`),
  KEY `easy_thumbnails_source_name_5fe0edc6` (`name`)
) ENGINE=InnoDB DEFAULT CHARSET=utf8;
/*!40101 SET character_set_client = @saved_cs_client */;

--
-- Dumping data for table `easy_thumbnails_source`
--

LOCK TABLES `easy_thumbnails_source` WRITE;
/*!40000 ALTER TABLE `easy_thumbnails_source` DISABLE KEYS */;
/*!40000 ALTER TABLE `easy_thumbnails_source` ENABLE KEYS */;
UNLOCK TABLES;

--
-- Table structure for table `easy_thumbnails_thumbnail`
--

DROP TABLE IF EXISTS `easy_thumbnails_thumbnail`;
/*!40101 SET @saved_cs_client     = @@character_set_client */;
/*!40101 SET character_set_client = utf8 */;
CREATE TABLE `easy_thumbnails_thumbnail` (
  `id` int(11) NOT NULL AUTO_INCREMENT,
  `storage_hash` varchar(40) NOT NULL,
  `name` varchar(255) NOT NULL,
  `modified` datetime(6) NOT NULL,
  `source_id` int(11) NOT NULL,
  PRIMARY KEY (`id`),
  UNIQUE KEY `easy_thumbnails_thumbnai_storage_hash_name_source_fb375270_uniq` (`storage_hash`,`name`,`source_id`),
  KEY `easy_thumbnails_thum_source_id_5b57bc77_fk_easy_thum` (`source_id`),
  KEY `easy_thumbnails_thumbnail_storage_hash_f1435f49` (`storage_hash`),
  KEY `easy_thumbnails_thumbnail_name_b5882c31` (`name`),
  CONSTRAINT `easy_thumbnails_thum_source_id_5b57bc77_fk_easy_thum` FOREIGN KEY (`source_id`) REFERENCES `easy_thumbnails_source` (`id`)
) ENGINE=InnoDB DEFAULT CHARSET=utf8;
/*!40101 SET character_set_client = @saved_cs_client */;

--
-- Dumping data for table `easy_thumbnails_thumbnail`
--

LOCK TABLES `easy_thumbnails_thumbnail` WRITE;
/*!40000 ALTER TABLE `easy_thumbnails_thumbnail` DISABLE KEYS */;
/*!40000 ALTER TABLE `easy_thumbnails_thumbnail` ENABLE KEYS */;
UNLOCK TABLES;

--
-- Table structure for table `easy_thumbnails_thumbnaildimensions`
--

DROP TABLE IF EXISTS `easy_thumbnails_thumbnaildimensions`;
/*!40101 SET @saved_cs_client     = @@character_set_client */;
/*!40101 SET character_set_client = utf8 */;
CREATE TABLE `easy_thumbnails_thumbnaildimensions` (
  `id` int(11) NOT NULL AUTO_INCREMENT,
  `thumbnail_id` int(11) NOT NULL,
  `width` int(10) unsigned DEFAULT NULL,
  `height` int(10) unsigned DEFAULT NULL,
  PRIMARY KEY (`id`),
  UNIQUE KEY `thumbnail_id` (`thumbnail_id`),
  CONSTRAINT `easy_thumbnails_thum_thumbnail_id_c3a0c549_fk_easy_thum` FOREIGN KEY (`thumbnail_id`) REFERENCES `easy_thumbnails_thumbnail` (`id`)
) ENGINE=InnoDB DEFAULT CHARSET=utf8;
/*!40101 SET character_set_client = @saved_cs_client */;

--
-- Dumping data for table `easy_thumbnails_thumbnaildimensions`
--

LOCK TABLES `easy_thumbnails_thumbnaildimensions` WRITE;
/*!40000 ALTER TABLE `easy_thumbnails_thumbnaildimensions` DISABLE KEYS */;
/*!40000 ALTER TABLE `easy_thumbnails_thumbnaildimensions` ENABLE KEYS */;
UNLOCK TABLES;

--
-- Table structure for table `itm_main_htmlblock`
--

DROP TABLE IF EXISTS `itm_main_htmlblock`;
/*!40101 SET @saved_cs_client     = @@character_set_client */;
/*!40101 SET character_set_client = utf8 */;
CREATE TABLE `itm_main_htmlblock` (
  `id` int(11) NOT NULL AUTO_INCREMENT,
  `token` varchar(200) NOT NULL,
  `value` longtext NOT NULL,
  PRIMARY KEY (`id`),
  UNIQUE KEY `token` (`token`)
) ENGINE=InnoDB AUTO_INCREMENT=14 DEFAULT CHARSET=utf8;
/*!40101 SET character_set_client = @saved_cs_client */;

--
-- Dumping data for table `itm_main_htmlblock`
--

LOCK TABLES `itm_main_htmlblock` WRITE;
/*!40000 ALTER TABLE `itm_main_htmlblock` DISABLE KEYS */;
INSERT INTO `itm_main_htmlblock` VALUES (1,'index-about-txt','<h2 class=\"title\">О НАШЕМ КЛУБЕ</h2>\r\n\r\n<p>&laquo;Новая&nbsp;Эволюция&raquo; &ndash; это первый современный фитнес-клуб нового формата, соответствующий требованиям и ожиданиям жителей самого динамично развивающегося района г. Рязани.</p>\r\n\r\n<p>Наш клуб сочетает в себе максимально удобное расположение, комфортные условия для занятий, предлагает полный спектр фитнес-услуг на высоком уровне и предоставляет уникальную возможность погрузиться в атмосферу здорового образа жизни каждому человеку.</p>\r\n\r\n<p>Философия нашего бренда заключается в том, что человек сам создает свою жизнь, а наш клуб и регулярные занятия в нем помогают сделать ее наполненной радостью, красотой, здоровьем и благополучием. Поэтому наш девиз звучит так: &laquo;Создай свое будущее&raquo;.</p>'),(2,'index-benefits-text','\n	    <h2 class=\"title\">НАШИ ПРЕИМУЩЕСТВА</h2>\n        '),(3,'index-news-text','\n	    <h2 class=\"title\">Что нового</h2>\n        '),(4,'index-stock-text','\n	        <h2 class=\"title\">акции</h2>\n             '),(5,'header-phone','\n		    <a href=\"tel: 84912559594\" class=\"header-phone\"><span class=\"phone-img\"><img src=\"/static/global/img/phone.svg\" alt=\"ico\"></span><span class=\"phone-txt\">+7 (4912) 55-95-94</span></a>\n			'),(6,'footer-content','<ul class=\"footer-link\">\r\n	<li><span class=\"ico-img\"><img alt=\"ico\" src=\"/static/global/img/home.svg\" /></span><span class=\"ico-txt\">г. Рязань, р-он Дашково-Песочня, ул. Новосёлов, д. 53Д</span></li>\r\n	<li><a class=\"footer-phone\" href=\"tel: 84912559594\"><span class=\"ico-img\"><img alt=\"ico\" src=\"/static/global/img/phone.svg\" /></span><span class=\"ico-txt\">+7 (4912) 55-95-94</span></a></li>\r\n</ul>'),(7,'development','<p class=\"develope\">РАЗРАБОТКА И ПОДДЕРЖКА ПРОЕКТА - <a href=\"https://itmedia.site/\" target=\"_blank\">студия IT-media</a></p>'),(8,'team-txt','\n            <h2 class=\"title\">ХОЧЕШЬ СТАТЬ ТРЕНЕРОМ ИЛИ ИНСТРУКТОРОМ В НАШЕЙ КОМАНДЕ?</h2>  \n            <p>Если ты хочешь развиваться сам, делать мир и людей вокруг себя лучше, если ты веришь, что ты и каждый человек должен быть здоровым и красивым, если ты хочешь работать в уникальном и перспективном клубе города, присылай свое резюме, мы будем рады, если ты присоединишься к нашей команде успешных и энергичных людей.</p>\n            '),(9,'contacts-address-txt','<p>г. Рязань, р-он Дашково-Песочня, ул. Новосёлов, д. 53Д</p>'),(10,'contacts-phone-txt','\n				<a href=\"tel: 84912559594\">+7 (4912) 55-95-94</a>\n                '),(11,'contacts-email-txt','\n				<a href=\"mailto: sales@evolution-fitness.ru\">sales@evolution-fitness.ru</a>\n                '),(12,'contacts-worktime-txt','<ul>\r\n	<li>Пн-пт: с 06:00 до 00:00</li>\r\n	<li>Сб-вс: с 08:00 до 22:00</li>\r\n</ul>'),(13,'contacts-worktime-w-txt','<p>Для допуска&nbsp;у вас должны быть с собой:<br />\r\n- QR-код или оригинал справки о наличии полной вакцинации;<br />\r\n- оригинал справки о медотводе;<br />\r\n- QR-код или оригинал справки о том, что переболели менее 6 месяцев назад ковидом;<br />\r\nОБЯЗАТЕЛЬНО оригинал документа, &nbsp;подтверждающего личность клиента.</p>');
/*!40000 ALTER TABLE `itm_main_htmlblock` ENABLE KEYS */;
UNLOCK TABLES;

--
-- Table structure for table `itm_main_imageblock`
--

DROP TABLE IF EXISTS `itm_main_imageblock`;
/*!40101 SET @saved_cs_client     = @@character_set_client */;
/*!40101 SET character_set_client = utf8 */;
CREATE TABLE `itm_main_imageblock` (
  `id` int(11) NOT NULL AUTO_INCREMENT,
  `token` varchar(200) NOT NULL,
  `value` varchar(100) NOT NULL,
  `width` varchar(200) NOT NULL,
  `height` varchar(200) NOT NULL,
  PRIMARY KEY (`id`),
  UNIQUE KEY `token` (`token`)
) ENGINE=InnoDB DEFAULT CHARSET=utf8;
/*!40101 SET character_set_client = @saved_cs_client */;

--
-- Dumping data for table `itm_main_imageblock`
--

LOCK TABLES `itm_main_imageblock` WRITE;
/*!40000 ALTER TABLE `itm_main_imageblock` DISABLE KEYS */;
/*!40000 ALTER TABLE `itm_main_imageblock` ENABLE KEYS */;
UNLOCK TABLES;

--
-- Table structure for table `itm_main_metadata`
--

DROP TABLE IF EXISTS `itm_main_metadata`;
/*!40101 SET @saved_cs_client     = @@character_set_client */;
/*!40101 SET character_set_client = utf8 */;
CREATE TABLE `itm_main_metadata` (
  `id` int(11) NOT NULL AUTO_INCREMENT,
  `title` varchar(255) NOT NULL,
  `description` longtext NOT NULL,
  `keywords` longtext NOT NULL,
  `link` varchar(255) NOT NULL,
  PRIMARY KEY (`id`),
  UNIQUE KEY `link` (`link`)
) ENGINE=InnoDB DEFAULT CHARSET=utf8;
/*!40101 SET character_set_client = @saved_cs_client */;

--
-- Dumping data for table `itm_main_metadata`
--

LOCK TABLES `itm_main_metadata` WRITE;
/*!40000 ALTER TABLE `itm_main_metadata` DISABLE KEYS */;
/*!40000 ALTER TABLE `itm_main_metadata` ENABLE KEYS */;
UNLOCK TABLES;

--
-- Table structure for table `itm_main_page`
--

DROP TABLE IF EXISTS `itm_main_page`;
/*!40101 SET @saved_cs_client     = @@character_set_client */;
/*!40101 SET character_set_client = utf8 */;
CREATE TABLE `itm_main_page` (
  `id` int(11) NOT NULL AUTO_INCREMENT,
  `publicated` tinyint(1) NOT NULL,
  `pub_date` datetime(6) NOT NULL,
  `title` varchar(100) NOT NULL,
  `body` longtext NOT NULL,
  `slug` varchar(50) NOT NULL,
  PRIMARY KEY (`id`),
  UNIQUE KEY `slug` (`slug`)
) ENGINE=InnoDB DEFAULT CHARSET=utf8;
/*!40101 SET character_set_client = @saved_cs_client */;

--
-- Dumping data for table `itm_main_page`
--

LOCK TABLES `itm_main_page` WRITE;
/*!40000 ALTER TABLE `itm_main_page` DISABLE KEYS */;
/*!40000 ALTER TABLE `itm_main_page` ENABLE KEYS */;
UNLOCK TABLES;

--
-- Table structure for table `itm_main_sliderblock`
--

DROP TABLE IF EXISTS `itm_main_sliderblock`;
/*!40101 SET @saved_cs_client     = @@character_set_client */;
/*!40101 SET character_set_client = utf8 */;
CREATE TABLE `itm_main_sliderblock` (
  `id` int(11) NOT NULL AUTO_INCREMENT,
  `token` varchar(200) NOT NULL,
  `order` int(10) unsigned NOT NULL,
  PRIMARY KEY (`id`),
  UNIQUE KEY `token` (`token`),
  KEY `itm_main_sliderblock_order_ec7f60e6` (`order`)
) ENGINE=InnoDB DEFAULT CHARSET=utf8;
/*!40101 SET character_set_client = @saved_cs_client */;

--
-- Dumping data for table `itm_main_sliderblock`
--

LOCK TABLES `itm_main_sliderblock` WRITE;
/*!40000 ALTER TABLE `itm_main_sliderblock` DISABLE KEYS */;
/*!40000 ALTER TABLE `itm_main_sliderblock` ENABLE KEYS */;
UNLOCK TABLES;

--
-- Table structure for table `itm_main_sliderblockslide`
--

DROP TABLE IF EXISTS `itm_main_sliderblockslide`;
/*!40101 SET @saved_cs_client     = @@character_set_client */;
/*!40101 SET character_set_client = utf8 */;
CREATE TABLE `itm_main_sliderblockslide` (
  `id` int(11) NOT NULL AUTO_INCREMENT,
  `image` varchar(100) NOT NULL,
  `order` int(10) unsigned NOT NULL,
  `block_id` int(11) NOT NULL,
  PRIMARY KEY (`id`),
  KEY `itm_main_sliderblockslide_order_ba24230d` (`order`),
  KEY `itm_main_sliderblockslide_block_id_46847560` (`block_id`),
  CONSTRAINT `itm_main_sliderblockslide_block_id_46847560_fk` FOREIGN KEY (`block_id`) REFERENCES `itm_main_sliderblock` (`id`)
) ENGINE=InnoDB DEFAULT CHARSET=utf8;
/*!40101 SET character_set_client = @saved_cs_client */;

--
-- Dumping data for table `itm_main_sliderblockslide`
--

LOCK TABLES `itm_main_sliderblockslide` WRITE;
/*!40000 ALTER TABLE `itm_main_sliderblockslide` DISABLE KEYS */;
/*!40000 ALTER TABLE `itm_main_sliderblockslide` ENABLE KEYS */;
UNLOCK TABLES;

--
-- Table structure for table `itm_main_stringblock`
--

DROP TABLE IF EXISTS `itm_main_stringblock`;
/*!40101 SET @saved_cs_client     = @@character_set_client */;
/*!40101 SET character_set_client = utf8 */;
CREATE TABLE `itm_main_stringblock` (
  `id` int(11) NOT NULL AUTO_INCREMENT,
  `token` varchar(200) NOT NULL,
  `value` varchar(200) NOT NULL,
  PRIMARY KEY (`id`),
  UNIQUE KEY `token` (`token`)
) ENGINE=InnoDB AUTO_INCREMENT=10 DEFAULT CHARSET=utf8;
/*!40101 SET character_set_client = @saved_cs_client */;

--
-- Dumping data for table `itm_main_stringblock`
--

LOCK TABLES `itm_main_stringblock` WRITE;
/*!40000 ALTER TABLE `itm_main_stringblock` DISABLE KEYS */;
INSERT INTO `itm_main_stringblock` VALUES (1,'global-site-name','«Эволюция» - первый современный фитнес-клуб нового формата'),(2,'index-news-title','Что нового'),(3,'index-stock-title','акции'),(4,'index-benefits-title','НАШИ ПРЕИМУЩЕСТВА'),(5,'news-title','Новости'),(6,'stock-title','акции'),(7,'contacts-title','Контакты'),(8,'contacts-worktime-title','РЕЖИМ РАБОТЫ'),(9,'contacts-worktime-w-title','Правила допуска в клуб');
/*!40000 ALTER TABLE `itm_main_stringblock` ENABLE KEYS */;
UNLOCK TABLES;

--
-- Table structure for table `itm_main_textblock`
--

DROP TABLE IF EXISTS `itm_main_textblock`;
/*!40101 SET @saved_cs_client     = @@character_set_client */;
/*!40101 SET character_set_client = utf8 */;
CREATE TABLE `itm_main_textblock` (
  `id` int(11) NOT NULL AUTO_INCREMENT,
  `token` varchar(200) NOT NULL,
  `value` longtext NOT NULL,
  PRIMARY KEY (`id`),
  UNIQUE KEY `token` (`token`)
) ENGINE=InnoDB DEFAULT CHARSET=utf8;
/*!40101 SET character_set_client = @saved_cs_client */;

--
-- Dumping data for table `itm_main_textblock`
--

LOCK TABLES `itm_main_textblock` WRITE;
/*!40000 ALTER TABLE `itm_main_textblock` DISABLE KEYS */;
/*!40000 ALTER TABLE `itm_main_textblock` ENABLE KEYS */;
UNLOCK TABLES;

--
-- Table structure for table `main_benefits`
--

DROP TABLE IF EXISTS `main_benefits`;
/*!40101 SET @saved_cs_client     = @@character_set_client */;
/*!40101 SET character_set_client = utf8 */;
CREATE TABLE `main_benefits` (
  `id` int(11) NOT NULL AUTO_INCREMENT,
  `publicated` tinyint(1) NOT NULL,
  `pub_date` datetime(6) NOT NULL,
  `order` int(10) unsigned NOT NULL,
  `title` longtext NOT NULL,
  PRIMARY KEY (`id`),
  KEY `main_benefits_order_e9cd9827` (`order`)
) ENGINE=InnoDB AUTO_INCREMENT=11 DEFAULT CHARSET=utf8;
/*!40101 SET character_set_client = @saved_cs_client */;

--
-- Dumping data for table `main_benefits`
--

LOCK TABLES `main_benefits` WRITE;
/*!40000 ALTER TABLE `main_benefits` DISABLE KEYS */;
INSERT INTO `main_benefits` VALUES (1,1,'2021-08-09 14:36:09.000000',1,'Удобное местоположение'),(2,1,'2021-08-09 14:36:14.000000',2,'Высококлассное оборудование'),(3,1,'2021-08-09 14:36:48.000000',3,'Высококвалифицированный тренерский и инструкторский состав'),(4,1,'2021-08-09 14:36:57.000000',4,'Широкий выбор групповых программ'),(5,1,'2021-08-09 14:37:06.000000',5,'Персональный менеджер 24/7'),(6,1,'2021-08-09 14:37:14.000000',6,'Smart fitness – «умный фитнес»'),(7,1,'2021-08-09 14:37:22.000000',7,'Никаких дополнительных затрат'),(8,1,'2021-08-09 14:37:30.000000',8,'Разные формы оплаты'),(9,1,'2021-08-09 14:37:38.000000',9,'График работы с 6:00 до 24:00'),(10,1,'2021-08-09 14:37:46.000000',10,'Количество мест в клубе ограничено');
/*!40000 ALTER TABLE `main_benefits` ENABLE KEYS */;
UNLOCK TABLES;

--
-- Table structure for table `main_characteristics`
--

DROP TABLE IF EXISTS `main_characteristics`;
/*!40101 SET @saved_cs_client     = @@character_set_client */;
/*!40101 SET character_set_client = utf8 */;
CREATE TABLE `main_characteristics` (
  `id` int(11) NOT NULL AUTO_INCREMENT,
  `publicated` tinyint(1) NOT NULL,
  `pub_date` datetime(6) NOT NULL,
  `order` int(10) unsigned NOT NULL,
  `title` longtext NOT NULL,
  `image` varchar(100) NOT NULL,
  PRIMARY KEY (`id`),
  KEY `main_characteristics_order_1515f5bd` (`order`)
) ENGINE=InnoDB AUTO_INCREMENT=15 DEFAULT CHARSET=utf8;
/*!40101 SET character_set_client = @saved_cs_client */;

--
-- Dumping data for table `main_characteristics`
--

LOCK TABLES `main_characteristics` WRITE;
/*!40000 ALTER TABLE `main_characteristics` DISABLE KEYS */;
INSERT INTO `main_characteristics` VALUES (1,1,'2021-08-09 14:26:02.000000',1,'3 этажа фитнеса','characteristics_img/b2-1.svg'),(2,1,'2021-08-09 14:27:35.000000',2,'Кроссфит зона','characteristics_img/b2-2.svg'),(3,1,'2021-08-09 14:27:42.000000',3,'Парковка для клиентов','characteristics_img/b2-3.svg'),(4,1,'2021-08-09 14:27:53.000000',4,'Настольный теннис','characteristics_img/b2-4.svg'),(5,1,'2021-08-09 14:28:05.000000',5,'20 м от остановки общественного транспорта','characteristics_img/b2-5.svg'),(6,1,'2021-08-09 14:28:18.000000',6,'Фитнес-бар','characteristics_img/b2-6.svg'),(7,1,'2021-08-09 14:28:38.000000',7,'Детская игровая комната','characteristics_img/b2-7.svg'),(8,1,'2021-08-09 14:28:52.000000',8,'Финская сауна','characteristics_img/b2-8.svg'),(9,1,'2021-08-09 14:29:12.000000',9,'2 просторных зала групповых программ с панорамными окнами','characteristics_img/b2-9.svg'),(10,1,'2021-08-09 14:29:19.000000',10,'Бесплатные полотенца','characteristics_img/b2-10.svg'),(11,1,'2021-08-09 14:29:31.000000',11,'Большой выбор групповых программ','characteristics_img/b2-11.svg'),(12,1,'2021-08-09 14:29:43.000000',12,'Массажные кресла','characteristics_img/b2-12.svg'),(13,1,'2021-08-09 14:29:57.000000',13,'Массажный кабинет','characteristics_img/b2-13.svg'),(14,1,'2021-08-09 14:30:09.000000',14,'Зона единоборств и ринг','characteristics_img/b2-14.svg');
/*!40000 ALTER TABLE `main_characteristics` ENABLE KEYS */;
UNLOCK TABLES;

--
-- Table structure for table `main_slide`
--

DROP TABLE IF EXISTS `main_slide`;
/*!40101 SET @saved_cs_client     = @@character_set_client */;
/*!40101 SET character_set_client = utf8 */;
CREATE TABLE `main_slide` (
  `id` int(11) NOT NULL AUTO_INCREMENT,
  `publicated` tinyint(1) NOT NULL,
  `pub_date` datetime(6) NOT NULL,
  `order` int(10) unsigned NOT NULL,
  `title` varchar(200) NOT NULL,
  `subtitle` longtext NOT NULL,
  `image` varchar(100) NOT NULL,
  `image_mobile` varchar(100) NOT NULL,
  `link` varchar(200) NOT NULL,
  PRIMARY KEY (`id`),
  KEY `main_slide_order_da8101f7` (`order`)
) ENGINE=InnoDB AUTO_INCREMENT=3 DEFAULT CHARSET=utf8;
/*!40101 SET character_set_client = @saved_cs_client */;

--
-- Dumping data for table `main_slide`
--

LOCK TABLES `main_slide` WRITE;
/*!40000 ALTER TABLE `main_slide` DISABLE KEYS */;
INSERT INTO `main_slide` VALUES (1,1,'2021-08-09 14:11:44.000000',1,'Зови друзей - им понравится!','<p>Клуб стал больше, оборудование стало лучше</p>','slide_main_img/slide1.jpg','slide_main_img/slide1_E3qnsvM.jpg','#'),(2,1,'2021-08-09 14:15:13.000000',2,'Новый фитнес-клуб Эволюция!','<p>Обновленный и на новом месте! Звони скорее - <a href=\"tel: 84912559594\">559-594!</a></p>','slide_main_img/slide2.jpg','slide_main_img/slide2_RtlCudH.jpg','#');
/*!40000 ALTER TABLE `main_slide` ENABLE KEYS */;
UNLOCK TABLES;

--
-- Table structure for table `main_sociallinks`
--

DROP TABLE IF EXISTS `main_sociallinks`;
/*!40101 SET @saved_cs_client     = @@character_set_client */;
/*!40101 SET character_set_client = utf8 */;
CREATE TABLE `main_sociallinks` (
  `id` int(11) NOT NULL AUTO_INCREMENT,
  `publicated` tinyint(1) NOT NULL,
  `pub_date` datetime(6) NOT NULL,
  `order` int(10) unsigned NOT NULL,
  `title` varchar(200) NOT NULL,
  `image` varchar(100) NOT NULL,
  `link` varchar(200) NOT NULL,
  PRIMARY KEY (`id`),
  KEY `main_sociallinks_order_001900af` (`order`)
) ENGINE=InnoDB AUTO_INCREMENT=5 DEFAULT CHARSET=utf8;
/*!40101 SET character_set_client = @saved_cs_client */;

--
-- Dumping data for table `main_sociallinks`
--

LOCK TABLES `main_sociallinks` WRITE;
/*!40000 ALTER TABLE `main_sociallinks` DISABLE KEYS */;
INSERT INTO `main_sociallinks` VALUES (1,0,'2021-08-09 14:07:25.000000',3,'Instagram','social_link_img/soc1.svg','https://www.instagram.com/evolution_rzn/?utm_source=website'),(2,1,'2021-08-09 14:08:15.000000',4,'ВКонтакте','social_link_img/soc2.svg','https://vk.com/evolution_rzn'),(3,1,'2021-08-09 14:08:29.000000',6,'@','social_link_img/soc3.svg','mailto:sales@evolution-fitness.ru'),(4,1,'2022-04-11 19:52:26.000000',5,'Telegram','social_link_img/soc4.svg','https://t.me/Evolutionfitnessrzn');
/*!40000 ALTER TABLE `main_sociallinks` ENABLE KEYS */;
UNLOCK TABLES;

--
-- Table structure for table `news_imagesnews`
--

DROP TABLE IF EXISTS `news_imagesnews`;
/*!40101 SET @saved_cs_client     = @@character_set_client */;
/*!40101 SET character_set_client = utf8 */;
CREATE TABLE `news_imagesnews` (
  `id` int(11) NOT NULL AUTO_INCREMENT,
  `publicated` tinyint(1) NOT NULL,
  `pub_date` datetime(6) NOT NULL,
  `order` int(10) unsigned NOT NULL,
  `title` varchar(200) NOT NULL,
  `image_preview` varchar(100) DEFAULT NULL,
  `image` varchar(100) NOT NULL,
  `news_id` int(11) NOT NULL,
  PRIMARY KEY (`id`),
  KEY `news_imagesnews_order_1da80c64` (`order`),
  KEY `news_imagesnews_title_2237ea10` (`title`),
  KEY `news_imagesnews_news_id_3c858073_fk` (`news_id`),
  CONSTRAINT `news_imagesnews_news_id_3c858073_fk` FOREIGN KEY (`news_id`) REFERENCES `news_news` (`id`)
) ENGINE=InnoDB AUTO_INCREMENT=44 DEFAULT CHARSET=utf8;
/*!40101 SET character_set_client = @saved_cs_client */;

--
-- Dumping data for table `news_imagesnews`
--

LOCK TABLES `news_imagesnews` WRITE;
/*!40000 ALTER TABLE `news_imagesnews` DISABLE KEYS */;
INSERT INTO `news_imagesnews` VALUES (5,1,'2021-08-19 12:47:53.000000',272,'1','news_img/a1.jpg','news_img/a1_wgrvXzK.jpg',5),(6,1,'2021-08-19 12:47:53.000000',273,'2','news_img/a2.jpg','news_img/a2_dScmY6p.jpg',5),(7,1,'2021-08-19 12:47:53.000000',274,'3','news_img/a3.jpg','news_img/a3_zIh5x2Z.jpg',5),(8,1,'2021-08-19 13:30:37.000000',275,'4','news_img/a6.jpg','news_img/a6_n2GKWvr.jpg',5),(9,1,'2021-08-19 13:30:37.000000',276,'5','news_img/a7.jpg','news_img/a7_bf6Sppi.jpg',5),(10,1,'2021-08-19 13:30:37.000000',277,'55','news_img/a10.jpg','news_img/a10_MnPYCfU.jpg',5),(11,1,'2021-08-19 13:31:33.000000',278,'7','news_img/b1.jpg','news_img/b1_ifOzduj.jpg',5),(12,1,'2021-08-19 13:31:33.000000',279,'8','news_img/b55.jpg','news_img/b55_xe3wthz.jpg',5),(13,1,'2021-08-19 13:31:33.000000',280,'10','news_img/b3.jpg','news_img/b3_Ec5lXJU.jpg',5),(14,1,'2021-08-19 13:33:17.000000',281,'11','news_img/b7.jpg','news_img/b7_S63InPT.jpg',5),(15,1,'2021-08-19 13:33:17.000000',282,'12','news_img/b8.jpg','news_img/b8_TTsBwcm.jpg',5),(16,1,'2021-08-19 13:33:17.000000',283,'14','news_img/b17.jpg','news_img/b17_CHDRaWf.jpg',5),(17,1,'2021-08-19 13:34:13.000000',284,'15','news_img/b18.jpg','news_img/b18_bYXLmEG.jpg',5),(18,1,'2021-08-19 13:34:14.000000',285,'17','news_img/c1.jpg','news_img/c1_SDQF2xN.jpg',5),(19,1,'2021-08-19 13:34:14.000000',286,'20','news_img/c2.jpg','news_img/c2_uJCYGj3.jpg',5),(20,1,'2021-08-19 13:35:02.000000',287,'21','news_img/c55.jpg','news_img/c55_yzoxisH.jpg',5),(21,1,'2021-08-19 13:35:02.000000',288,'22','news_img/c5.jpg','news_img/c5_oWfLS4b.jpg',5),(22,1,'2021-08-19 13:35:02.000000',289,'24','news_img/c7.jpg','news_img/c7_Cic4DJL.jpg',5),(23,1,'2021-08-19 13:36:28.000000',296,'25','news_img/c9.jpg','news_img/c9_1vDDxeH.jpg',5),(24,1,'2021-08-19 13:36:28.000000',290,'31','news_img/c22.jpg','news_img/c22_40rj396.jpg',5),(25,1,'2021-08-19 13:36:28.000000',295,'32','news_img/d1.jpg','news_img/d1_TEwTGjs.jpg',5),(26,1,'2021-08-19 13:37:09.000000',293,'33','news_img/d2.jpg','news_img/d2_JQMmgnq.jpg',5),(27,1,'2021-08-19 13:37:09.000000',294,'34','news_img/d3.jpg','news_img/d3_OLaPRYd.jpg',5),(28,1,'2021-08-19 13:37:09.000000',291,'35','news_img/d7.jpg','news_img/d7_1oh1Ssc.jpg',5),(29,1,'2021-08-19 13:37:38.000000',297,'37','news_img/d8.jpg','news_img/d8_YpmFfYs.jpg',5),(30,1,'2021-08-19 13:37:38.000000',298,'38','news_img/d10.jpg','news_img/d10_tbWP57K.jpg',5),(31,1,'2021-08-19 13:37:38.000000',292,'45','news_img/d12.jpg','news_img/d12_OuO7kTU.jpg',5),(32,1,'2021-08-19 13:44:56.000000',32,'1','news_img/2.JPG','news_img/2_1MP9DF6.JPG',6),(33,1,'2021-08-19 13:44:56.000000',33,'2','news_img/3.JPG','news_img/3_r9PMAWs.JPG',6),(34,1,'2021-08-19 13:44:56.000000',34,'3','news_img/4.JPG','news_img/4_rLsOWYe.JPG',6),(35,1,'2021-08-19 13:47:13.000000',35,'4','news_img/5.JPG','news_img/5_YGZKYJh.JPG',6),(36,1,'2021-08-19 13:47:13.000000',36,'5','news_img/7.JPG','news_img/7_wJOj3Gc.JPG',6),(37,1,'2021-08-19 13:47:13.000000',37,'7','news_img/8.JPG','news_img/8_kvMuTU9.JPG',6),(38,1,'2021-08-19 13:47:39.000000',38,'8','news_img/10.JPG','news_img/10_PYg8eua.JPG',6),(39,1,'2021-08-19 13:47:39.000000',39,'10','news_img/11.JPG','news_img/11_21iHSTb.JPG',6),(40,1,'2021-08-19 13:47:39.000000',40,'11','news_img/12.JPG','news_img/12_VUIYlDj.JPG',6),(41,1,'2021-08-19 13:48:09.000000',41,'12','news_img/14.JPG','news_img/14_YDweyL3.JPG',6),(42,1,'2021-08-19 13:48:09.000000',42,'14','news_img/15.JPG','news_img/15_rNnoLAy.JPG',6),(43,1,'2022-05-26 16:13:40.000000',299,'1','news_img/WhatsApp_Image_2022-05-26_at_13.15.25_1GqLwZf.jpeg','news_img/WhatsApp_Image_2022-05-26_at_13.15.25_sIaJbzr.jpeg',14);
/*!40000 ALTER TABLE `news_imagesnews` ENABLE KEYS */;
UNLOCK TABLES;

--
-- Table structure for table `news_news`
--

DROP TABLE IF EXISTS `news_news`;
/*!40101 SET @saved_cs_client     = @@character_set_client */;
/*!40101 SET character_set_client = utf8 */;
CREATE TABLE `news_news` (
  `id` int(11) NOT NULL AUTO_INCREMENT,
  `publicated` tinyint(1) NOT NULL,
  `pub_date` datetime(6) NOT NULL,
  `order` int(10) unsigned NOT NULL,
  `title` longtext NOT NULL,
  `body` longtext NOT NULL,
  `image_preview` varchar(100) NOT NULL,
  `image` varchar(100) NOT NULL,
  `slug` varchar(50) NOT NULL,
  `announcement` longtext NOT NULL,
  PRIMARY KEY (`id`),
  UNIQUE KEY `slug` (`slug`),
  KEY `news_news_order_697e045f` (`order`)
) ENGINE=InnoDB AUTO_INCREMENT=22 DEFAULT CHARSET=utf8;
/*!40101 SET character_set_client = @saved_cs_client */;

--
-- Dumping data for table `news_news`
--

LOCK TABLES `news_news` WRITE;
/*!40000 ALTER TABLE `news_news` DISABLE KEYS */;
INSERT INTO `news_news` VALUES (5,1,'2021-08-19 12:47:53.000000',5,'Открытие фитнес клуба на Новосёлов 53Д','<p>Друзья! Наступило время обновлений! Мы меняемся, а вы с нами?&nbsp;<br />\r\n⠀<br />\r\nСовсем скоро мы открываем обновлённый фитнес, всего в 2 минутах ходьбы от нынешнего местоположения&nbsp;по адресу - ул. Новоселов 53д.<br />\r\n⠀<br />\r\nДочитай до конца, там такое...<br />\r\n⠀<br />\r\nНа протяжении 2-х лет работы мы собирали все отзывы и пожелания, и теперь воплощаем их в жизнь.<br />\r\n⠀<br />\r\nНовый клуб это:<br />\r\n- 3 этажа фитнеса;<br />\r\n⁃ Собственная парковка для наших клиентов;<br />\r\n- 20 м от остановки общественного транспорта;<br />\r\n- Детская игровая комната на 1-ом этаже нашего здания, где вы за сможете оставлять своих детишек на время тренировок под присмотром опытного воспитателя!<br />\r\n⠀<br />\r\nНа 2-ом этаже вас ждет просторная кардио зона с множеством беговых дорожек, велосипедов и эллипсоидов. Помимо этого вы сможете проводить высокоинтенсивные тренировки в полноценной кросс фит зоне, а также вас порадует долгожданная зона единоборств и ринг.<br />\r\nВы сможете расслабиться в удобных массажных креслах фирмы Yamaguchi от наших партнеров (у каждого резидента будет один бесплатный сеанс в день) или же выпить чашечку кофе или протеиновый коктейль в уютном фитнес баре!<br />\r\n⠀<br />\r\nНа 3-ем этаже вас ждёт множество силовых тренажеров, где каждый сможет подобрать для себя то оборудование, которое необходимо для достижения желаемого результата!<br />\r\n⠀<br />\r\nНа 4-ом этаже расположены 2 просторных зала групповых программ с панорамными окнами. Больше не нужно записываться, места хватит всем. К уже полюбившимся направлениям добавятся новые, такие как аэройога, банджи и др.!<br />\r\nДля любителей настольного тенниса, мы предлагаем профессиональные столы и оборудование, чтобы ваша игра доставила вам максимум удовольствия.<br />\r\n⠀<br />\r\nБольшие раздевалки с просторными душевыми, раздельными финскими саунами и обливными ведрами сделают завершение тренировки истинным наслаждением!<br />\r\nНу и конечно, больше не нужно носить полотенце с собой, его можно будет брать у наших администраторов.<br />\r\nИстинных ценителей массажа ждут профессиональные массажисты.</p>','news_img/1_hmX2JYO.jpg','news_img/1_w7RaEpq.jpg','otkrytie-fitnes-kluba-na-novosyolov-53-d','<p>Друзья! Наступило время обновлений! Мы меняемся, а вы с нами?&nbsp;</p>'),(6,1,'2021-08-19 13:44:56.000000',6,'ГОНКА ГЕРОЕВ 2021','<p>17 июля состоялось великое событие в сфере фитнеса и аутдор тренировок #гонкагероев2021&nbsp;!</p>\r\n\r\n<p>Фитнес клуб @evolution_rzn совместно с @dencerr13 собрали и подготовили команду сильных духом.</p>\r\n\r\n<p>Мы все справились с этим!</p>\r\n\r\n<p>Преодолели себя и свои страхи: забраться на высоту, спрыгнуть всей командой в глубокое озеро, вытаскивать друг друга и помогать в следующем препятствии&hellip;</p>\r\n\r\n<p>Бежать пришлось более 8 км и преодолеть 36 препятствий на пути. Грязь, солнце, рукоходы&nbsp;и многое другое ждало нас на этой гонке.</p>\r\n\r\n<p>Взвод &laquo;1267&raquo;<br />\r\n96 место из 200 взводов.</p>\r\n\r\n<p>Настоящая командная работа!</p>\r\n\r\n<p>Молодцы!</p>','news_img/1_cJoWEiN.jpg','news_img/1_eJfa9aQ.jpg','gonka-geroev-2021','<p>17 июля состоялось великое событие в сфере фитнеса и аутдор тренировок #гонкагероев2021&nbsp;!</p>'),(7,1,'2021-08-27 16:18:43.000000',7,'1 сентября года открывает свои двери Школа фитнеса «Эволюция»','<p>Это первый фитнес-клуб в Рязани, где дети и подростки с увлечением смогут заниматься спортом и фитнесом под руководством профессиональных тренеров.<br />\r\nДаже самые маленькие спортсмены будут чувствовать себя комфортно и безопасно.</p>\r\n\r\n<p>В школе фитнеса &laquo;Эволюция&raquo; большой выбор направлений занятий:</p>\r\n\r\n<ul>\r\n	<li>бокс;</li>\r\n	<li>карате;</li>\r\n	<li>рукопашный бой;</li>\r\n	<li>Zumba kids;</li>\r\n	<li>современная и детская хореография;</li>\r\n	<li>гимнастика;</li>\r\n	<li>детская йога;</li>\r\n	<li>тренажёрный зал;</li>\r\n	<li>кардиозона.</li>\r\n</ul>\r\n\r\n<p>Профессиональные тренеры&nbsp;школы фитнеса &laquo;Эволюция&raquo; проходят обязательное обучение по специально разработанным стандартам, а также ежегодную аттестацию.</p>\r\n\r\n<p>По вопросам записи на групповые занятия и приобретения абонемента пиши в Директ или звони.</p>\r\n\r\n<p>Дашково-Песочня, Новосёлов 53Д и Васильевская 7.<br />\r\n<a href=\"tel: 84912559594\" style=\"color:#ffffff;\">+7 (4912) 55-95-94.</a></p>','news_img/1_FYu1y0x.jpg','news_img/1_SrNB1cG.jpg','1-sentyabrya-goda-otkryvaet-svoi-dveri-shkola-fitn','<p>Это первый фитнес-клуб в Рязани, где дети и подростки с увлечением смогут заниматься спортом и фитнесом под руководством профессиональных тренеров.</p>'),(8,0,'2021-10-26 21:34:41.000000',8,'УВАЖАЕМЫЕ КЛИЕНТЫ И ГОСТИ НАШЕГО ФИТНЕС КЛУБА!','<p>Пунктом 5. распоряжения Губернатора Рязанской области № 309 &ndash;рг от 22.10.2021 года &laquo;О внесении изменений в распоряжение Губернатора Рязанской области от 17.03.2020 года № 70-рг, Распоряжение дополнено п. 12.1 следующего содержания:<br />\r\n&laquo;Установить, что с 30 октября 2021 года по 07 ноября 2021 года посещение гражданами, достигшими возраста 18 лет, фитнес-центров, плавательных бассейнов, допускается с предъявлением документа, удостоверяющего личность при наличии у таких граждан:<br />\r\n1. Либо QR-кода, полученного с использованием специализированного приложения Единого портала государственных и муниципальных услуг, которым подтверждается получение гражданами второго компонента вакцины от новой коронавирусной инфекции (COVID‑19), прошедшей государственную регистрацию в Российской Федерации (далее &ndash; вакцина), или однокомпонентной вакцины;<br />\r\n2. Либо QR-кода, полученного с использованием специализированного приложения Единого портала государственных и муниципальных услуг, которым подтверждается то, что они перенесли новую коронавирусную инфекцию (COVID‑19) и с даты их выздоровления прошло не более 6 календарных месяцев;<br />\r\n3. Либо справки медицинской организации, подтверждающей получение гражданами второго компонента вакцины или однокомпонентной вакцины;<br />\r\n4. Либо справки медицинской организации, подтверждающей, что они перенесли новую коронавирусную инфекцию (COVID‑19) и с даты их выздоровления прошло не более 6 календарных месяцев;<br />\r\n5. Либо справки медицинской организации, подтверждающей наличие медицинского отвода от вакцинации против новой коронавирусной инфекции (COVID‑19), выданной медицинской организацией, где наблюдается пациент по заболеванию, являющемуся медицинским отводом.<br />\r\nВ соответствии с п. 42 Распоряжения: &laquo;оказание услуг несовершеннолетним лицам (не достигшим возраста 18 лет) в период с 30.10.2021 года по 07.11.2021 в фитнес-центрах ПРИОСТАНОВЛЕНО&raquo;.</p>\r\n\r\n<p>Просим Вас учесть вышеуказанные требования при посещении фитнес клуба в период с 30.10.2021 года по 07.11.2021 года.</p>','news_img/1_lEX6E2n.jpg','news_img/1_bR8gdP8.jpg','uvazhaemye-klienty-i-gosti-nashego-fitnes-kluba','<p>Пунктом 5. распоряжения Губернатора Рязанской области № 309 &ndash;рг от 22.10.2021 года &laquo;О внесении изменений в распоряжение Губернатора Рязанской области от 17.03.2020 года № 70-рг, Распоряжение дополнено п. 12.1 следующего содержания:</p>'),(9,1,'2021-11-22 17:14:46.000000',9,'Дорогие друзья!','<p>Мы возвращаемся в прежний режим работы:<br />\r\nПн-пт: с 06:00 до 00:00<br />\r\nСб-вс: с 08:00 до 22:00</p>\r\n\r\n<p>Не забываем соблюдать распоряжение губернатора!<br />\r\nДля допуска в фитнес клуб &laquo;Эволюция&raquo; у вас должны быть с собой:<br />\r\n- QR-код или оригинал справки о наличии полной вакцинации;<br />\r\n- оригинал справки о медотводе;<br />\r\n- QR-код или оригинал справки о том, что переболели менее 6 месяцев назад ковидом;<br />\r\nОБЯЗАТЕЛЬНО оригинал документа, &nbsp;подтверждающего личность клиента.</p>\r\n\r\n<p>Ждём всех в нашем фитнес клубе!</p>','news_img/2.jpg','news_img/2_RR03GEF.jpg','dorogie-druzya','<p>Мы возвращаемся в прежний режим работы:<br />\r\nПн-пт: с 06:00 до 00:00<br />\r\nСб-вс: с 08:00 до 22:00</p>'),(10,1,'2021-12-06 17:41:23.000000',10,'Мы приняли участие в «Городской зарядке»','<p>Координатор тренажёрного зала Артём Бизюков провел небольшое соревнование среди желающих.<br />\r\nДевушки и парни оказались достойными соперниками!<br />\r\nБез подарка не ушёл никто! Всем участникам вручили абонементы в фитнес клуб Эволюция.</p>\r\n\r\n<p>Александр Гордюшин, тренер по боксу и джиу-джитсу, и<br />\r\nЕгор Фетисов, помощник тренера по боксу и джиу-джитсу, выступили с показательными выступлениями по боксу от Школы фитнеса Эволюция и пригласили всех желающих на бесплатные пробные тренировки.</p>\r\n\r\n<p>Спасибо большое организаторам за такое замечательное мероприятие!</p>\r\n\r\n<p>Ждём всех!</p>\r\n\r\n<p>Первое пробное занятие совершенно БЕСПЛАТНО</p>\r\n\r\n<p>По всем интересующим Вас вопросам с удовольствием проконсультируем в Директ<br />\r\nили по телефону:</p>\r\n\r\n<p>Дашково-Песочня, ул. Васильевская 7.<br />\r\n+7 (4912) 55-95-94</p>','news_img/1_aULV5ad.jpg','news_img/1_3u9Qq6g.jpg','4-dekabrya-fitnes-klub-evolyuciya-i-shkola-fitnesa','<p>4 декабря Фитнес клуб &laquo;Эволюция&raquo; и Школа фитнеса &laquo;Эволюция&raquo; приняли участие в &laquo;Городской зарядке&raquo;</p>'),(11,1,'2021-12-06 17:45:58.000000',11,'Дорогие друзья, мы с приятными новостями!','<p>Министерство спорта Российской Федерации утвердило перечень физкультурно-спортивных организаций и индивидуальных предпринимателей, осуществляющих физкультурно-оздоровительные услуги, за которые россияне смогут получить социальный налоговый вычет.</p>\r\n\r\n<p>Наш фитнес клуб &laquo;Эволюция&raquo; вошёл в этот перечень.</p>\r\n\r\n<p>Теперь покупая абонемент в наш фитнес клуб в 2022 году, вы можете получить вычет по НДФЛ.</p>\r\n\r\n<p>Получение налогового вычета на занятия спортом будет мало чем отличаться от любого другого социального налогового вычета. Вам необходимо быть плательщиком НДФЛ и иметь документы, подтверждающие фактические расходы на оплату физкультурно-оздоровительных услуг (копии договоров, кассовые чеки). Обратиться за оформлением вычета можно в районную ИФНС или к работодателю. Получить вычет можно не только за себя, но и за детей.</p>\r\n\r\n<p>Максимальная сумма трат, с которых можно будет получить налоговый вычет, составит 120 тысяч рублей. Гражданин вправе получить вычет в размере 13%, что не должно превышать 15,6 тысячи рублей.</p>\r\n\r\n<p>Хочешь заниматься в одном из самых современных залов Рязани? Тогда пиши в Директ или звони ','news_img/IMG_7563.PNG','news_img/IMG_7563_RM4fVEI.PNG','dorogie-druzya-my-s-priyatnymi-novostyami','<p>Теперь покупая абонемент в наш фитнес клуб в 2022 году, вы можете получить вычет по НДФЛ.</p>'),(12,0,'2021-12-22 22:13:40.000000',12,'День открытых дверей Детская Эволюция!','<p>Дорогие друзья!</p>\r\n\r\n<p>Приглашаем ВСЕХ день открытых дверей в Школе фитнеса &laquo;Эволюция&raquo;, который состоится 25 декабря 2021 года в 11:00.</p>\r\n\r\n<p>Расписание мероприятия:</p>\r\n\r\n<p>11:00 КАРАТЭ Илья Гриднев<br />\r\n12:00 ОФП Софи Андреасян<br />\r\n13:00 ВЕСЁЛЫЕ СТАРТЫ<br />\r\nУвлекательное состязание для детей, которое зарядит бодростью и хорошим настроением<br />\r\n14:00 ДЕТСКАЯ ХОРЕОГРАФИЯ Алена Куревлева<br />\r\n15:00 ДЕТСКАЯ ГИМНАСТИКА Алена Куревлева<br />\r\n16:00 ZUMBA KIDS Юлия Горелова<br />\r\n17:00 РУКОПАШНЫЙ БОЙ Михаил Ермаков<br />\r\n18:00 НОВОГОДНИЕ СТАРТЫ с Дед Морозом<br />\r\nКонкурсы, призы, хорошее настроение!</p>\r\n\r\n<p>Также, вы можете познакомиться с нашим тренажёрным залом и позаниматься.</p>\r\n\r\n<p>Ждём всех и взрослых и маленьких!</p>\r\n\r\n<p>Лицам старше 18 лет вход строго по QR-коду.</p>','news_img/IMG_7921.JPG','news_img/IMG_7921_4rQoaT0.JPG','den-otkrytyh-dverej-detskaya-evolyuciya','<p>Приглашаем ВСЕХ день открытых дверей в Школе фитнеса &laquo;Эволюция&raquo;, который состоится 25 декабря 2021 года в 11:00</p>'),(13,1,'2021-12-22 22:14:51.000000',13,'День открытых дверей новая Эволюция','<p>Дорогие друзья!</p>\r\n\r\n<p>Приглашаем ВСЕХ на день открытых дверей в Фитнес клубе &laquo;Эволюция&raquo;, который состоится 25 декабря 2021 года.</p>\r\n\r\n<p>Расписание мастер-классов и семинаров:</p>\r\n\r\n<p>9:00 Алексей Николаев<br />\r\nВыйти из предновогодней депрессии<br />\r\nЙога растяжка и медитация как средство подготовки к состоянию ленивого и сытого кота. (2 часа)</p>\r\n\r\n<p>11:00 Артём Бизюков<br />\r\nДиета 21века.<br />\r\nОсновы рационального питания или как перестать верить в волшебную таблетку. (1 час)</p>\r\n\r\n<p>12:00 Денис Дроздов<br />\r\nМК Табата<br />\r\nВысокоинтенсивная интервальная жиросжигающая тренировка. Хотите быстро похудеть и качественно улучшить свою форму-тренировка.<br />\r\nТабата отличный способ достижения поставленных целей! (1 час)</p>\r\n\r\n<p>13:00 Анастасия Хоменко<br />\r\nСколиоз<br />\r\nКак распознать у ребёнка? Алгоритм дальнейших действий. ( 1 час)</p>\r\n\r\n<p>18:00-20:00 Приглашаем на новогоднюю танцевальную вечеринку, включающую практически все танцевальные направления под зажигательные треки!<br />\r\nВечеринка пройдёт в стиле &laquo;Dance party&raquo; &nbsp;с дискотечными шарами и ночной атмосферой !!<br />\r\nДаже если ты совсем новичок и никогда не занимался танцами, наш танцпол и инструкторы научат раскрепощению, новым движениям и ты не захочешь уходить домой !!</p>\r\n\r\n<p>Приглашаем всех познакомиться с нашим фитнес клубом!</p>\r\n\r\n<p>Посетить тренажёрный зал, финскую сауну, фитнес-бар, записаться на бесплатную персональную тренировку.</p>\r\n\r\n<p>На бесплатную персональную тренировку можете записаться уже сейчас по ниже указанному номеру или написать в Директ.</p>\r\n\r\n<p>Ждём ВАС!<br />\r\nБудет не только весело, но и познавательно!</p>\r\n\r\n<p>Лицам старше 18 лет вход строго по QR-коду.</p>','news_img/IMG_7924.JPG','news_img/IMG_7924_Dr2kvuM.JPG','den-otkrytyh-dverej-novaya-evolyuciya','<p>Приглашаем ВСЕХ на день открытых дверей в Фитнес клубе &laquo;Эволюция&raquo;, который состоится 25 декабря 2021 года.</p>'),(14,1,'2022-05-26 16:13:40.000000',14,'ФИКСИРУЕМ ЦЕНЫ!','<p>Пока цены непредсказуемо меняются и наводят панику, с нами вы под надёжной защитой!</p>\r\n\r\n<p>Фитнес Клуб Эволюция Рязань фиксирует стоимость своих услуг.</p>\r\n\r\n<p>Лучшее вложение, на наш взгляд, - это вложение в себя, своё здоровье, эмоциональное состояние и фигуру.</p>\r\n\r\n<p>*Прайс действителен с 01.06.2022 г.</p>','news_img/WhatsApp_Image_2022-05-26_at_13.15.25.jpeg','news_img/WhatsApp_Image_2022-05-26_at_13.15.25_BLIie24.jpeg','fiksiruem-ceny','<p>Пока цены непредсказуемо меняются и наводят панику, с нами вы под надёжной защитой!</p>'),(15,1,'2022-06-19 10:53:53.000000',15,'23 июня - день рождения Фитнес Клуба Эволюция!','<p>Уже совсем скоро, 23 июня, празднуем день рождения Фитнес Клуба Эволюция!</p>\r\n\r\n<p>Приглашаем всех вас на наш праздник! Обычно в дни рождения принято получать подарки, но в этот день мы сами будем делать сюрпризы своим прекрасным гостям!<br />\r\n&nbsp;<br />\r\nВас ждет невероятный заряд драйва, а так же:<br />\r\n- командные соревнования во главе с нашими любимыми тренерами;<br />\r\n- веселые конкурсы и интересные викторины;&nbsp;<br />\r\n- вечеринка с фуршетом;&nbsp;<br />\r\n- розыгрыш безлимитных абонементов, сроком от месяца до года.<br />\r\n&nbsp;<br />\r\nПрисоединяйтесь!<br />\r\nОтправляйте + в комментарии, если ждёте праздник также сильно, как и мы.<br />\r\n&nbsp;<br />\r\n23 июня с 18:00 до 22:00 (сбор гостей в 18:00).&nbsp;<br />\r\nМесто проведения: Дашково-Песочня, ул. Новоселов, 53Д.<br />\r\n&nbsp;<br />\r\nПодробнее у наших менеджеров по ссылке vk.me/evolution_rzn или звони:</p>\r\n\r\n<h1><a href=\"http://84912559594\"><strong>+7 (4912) 55-95-94</strong></a></h1>','news_img/ap9p4j8i0o4.jpg','news_img/ap9p4j8i0o4_u6I5RLN.jpg','23-iyunya-den-rozhdeniya-fitnes-kluba-evolyuciya','<p>Приглашаем всех вас на наш праздник!</p>'),(16,1,'2022-06-19 10:57:13.000000',16,'ВНИМАНИЕ КОНКУРС!','<p>День рождения Фитнес Клуба &laquo;Эволюция&raquo;! В честь этого события, которое состоится 23 июня, мы решили разыграть безлимитный абонемент на 12 месяцев.<br />\r\n&nbsp;<br />\r\nПравила конкурса:&nbsp;<br />\r\n- Сделай репост данной записи;&nbsp;<br />\r\n- Будь подписчиком Фитнес Клуб Эволюция Рязань;<br />\r\n- 23 июня мы подведем итоги в прямом эфире на нашем празднике!&nbsp;<br />\r\n&nbsp;<br />\r\nПриятный сюрприз, мы УДВОИМ приз, если победитель в момент розыгрыша будет присутствовать на нашем мероприятии и подарим целых 2 годовых абонемента!&nbsp;<br />\r\n&nbsp;<br />\r\n&bull; 23 июня с 18:00 до 22:00 (сбор гостей в 18:00).&nbsp;<br />\r\n&bull; Место проведения: ул. Новоселов, 53Д.&nbsp;<br />\r\n&nbsp;<br />\r\nПодробнее у наших менеджеров по ссылке vk.me/evolution_rzn или звони:</p>\r\n\r\n<h1><a href=\"tel: +74912559594\"><strong>+7 (4912) 55-95-94</strong></a></h1>','news_img/RfZmkzJ5GL0.jpg','news_img/RfZmkzJ5GL0_WU45Ixc.jpg','vnimanie-konkurs','<p>В честь нашего дня рождения, мы решили разыграть безлимитный абонемент на 12 месяцев.</p>'),(17,1,'2022-10-12 15:54:28.000000',17,'Старт проекта «Total Evolution»!','<p>Постоянная борьба с лишним весом не даёт результатов и вы уже отчаялись обрести хорошую форму? Друзья, именно для вас мы объявляем набор заявок для участия в проекте &laquo;Total Evolution&raquo;.</p>\r\n\r\n<p>Что вас ждет в проекте?<br />\r\n2,5 месяца усердной работы над собой под чутким руководством тренеров фитнес клуба &laquo;Эволюция&raquo; для достижения наилучшего результата.</p>\r\n\r\n<p>Мы будем следить за преображением участников и по завершению определим победителей, которые получат главный приз &mdash; годовой безлимитный абонемент в фитнес клуб &laquo;Эволюция&raquo;!</p>\r\n\r\n<p>Почему именно &laquo;Total Evolution&raquo;?<br />\r\n* Индивидуальная программа тренировок в зале с личным фитнес-тренером.<br />\r\n* Специалист по питанию научит самостоятельно составлять сбалансированный рацион питания для достижения ваших целей.<br />\r\n* Поддержка и мотивация от тренеров, проработка &laquo;барьеров&raquo; с психологом.<br />\r\n* Все участники получат полезные подарки от наших партнеров.</p>\r\n\r\n<p>Вы находитесь в одном шаге чтобы изменить себя и стать лучше, сбросить лишние килограммы, начать правильно питаться, стать стройнее и жить в своё удовольствие!</p>\r\n\r\n<p><strong>СТАРТ &ndash; 15 ОКТЯБРЯ!</strong></p>\r\n\r\n<p>Хотите принять участие? Пишите в комментариях или отправьте личное сообщение <a href=\"https://vk.me/evolution_rzn\" target=\"_blank\">vk.me/evolution_rzn</a> &laquo;Хочу в проект&raquo; и мы с вами свяжемся.</p>','news_img/screen-12-10-22-3_1.jpg','news_img/screen-12-10-22-3_1_DkVJ0gH.jpg','start-proekta-total-evolution','<p>Постоянная борьба с лишним весом не даёт результатов и вы уже отчаялись обрести хорошую форму?</p>'),(18,1,'2022-11-03 18:15:57.000000',18,'Фитнес-проект «Total Evolution» - стартовал!','<p><span style=\"font-size:20px\">Уже на первой встрече мы:</span><br />\r\n<br />\r\n- Провели консультацию по питанию, раздали полезные памятки для закрепления знаний.&nbsp;<br />\r\n- Познакомились с психологом, который будет сопровождать участников на протяжении всего проекта.&nbsp;<br />\r\n- Сделали замеры и фото &laquo;до&raquo; всех участников.&nbsp;</p>\r\n\r\n<p><span style=\"font-size:20px\">Дальше - больше!</span><br />\r\nПодписывайтесь на наши обновления, будем следить за преображением наших участников вместе!</p>\r\n\r\n<p>Хочешь заниматься в одном из самых современных залов Рязани?&nbsp;Тогда пиши <a href=\"http://vk.me/evolution_rzn\">vk.me/evolution_rzn</a><br />\r\nили звони <span style=\"font-size:20px\">8 (4912) 55-95-94</span>.</p>','news_img/IMG_4532.PNG','news_img/IMG_4532_qZTm1g5.PNG','fitnes-proekt-total-evolution-startoval','<p>Делимся с вами приятными новостями...</p>'),(19,1,'2022-11-14 16:13:24.000000',19,'Мы все этого очень ждали!','<p>Сайкл&nbsp;&mdash; это групповая тренировка для мужчин и женщин на стационарных велосипедах, которая имитирует гонки различной интенсивности. Программа стала популярной в фитнес-клубах благодаря своей невероятной эффективности. Если вы хотите привести себя в отличную форму в короткие сроки, то аэробная велотренировка &mdash; это то, что вам нужно.</p>\r\n\r\n<p>На первый взгляд может показаться, что подобный тренинг легок. Это далеко не так. Даже для мужчин сайклинг часто оказывается трудновыполнимым занятием. Качественные тренировки помогают похудеть, убрать целлюлит с проблемных зон и укрепить мышцы.</p>\r\n\r\n<p>В отличие от других аэробных тренировок, таких как фитнес, бег, легкая атлетика, а также силовых тренингов, сайклинг не даёт усиленных нагрузок на суставы и позвоночник.</p>\r\n\r\n<p>Возрастных ограничений, как таковых, для проведения сайкл-тренировок нет &ndash; этим видом фитнеса можно заниматься как подросткам, так и людям пожилого возраста. Главное &ndash; строго соблюдать рекомендации врача и четко следовать инструкциям тренера.</p>\r\n\r\n<p>Противопоказания:<br />\r\n- сердечно-сосудистые заболевания;<br />\r\n- сильный варикоз.</p>\r\n\r\n<p>Первая тренировка уже в понедельник 20:00, успей записаться! Количество мест ограничено. Для резидентов клуба до конца ноября - бесплатно.<br />\r\n&nbsp;</p>','news_img/nWr5U5173gQ.jpg','news_img/nWr5U5173gQ_1cvOlSp.jpg','my-vse-etogo-ochen-zhdali','<p>Новое направление в групповых программах: &laquo;САЙКЛ-тренировка&raquo;.</p>'),(20,1,'2023-04-20 10:17:22.000000',20,'20 апреля санитарный день!','<p>Друзья,&nbsp;20 апреля санитарный день!&nbsp; Фитнес Клуб Эволюция не работает.&nbsp;</p>\r\n\r\n<p>8 (4912) 55-95-94.<br />\r\nДашково-Песочня, ул. Новоселов, 53Д</p>','news_img/-U49qz4mP6c.jpg','news_img/-U49qz4mP6c_YAuJyUq.jpg','20-aprelya-sanitarnyj-den','<p>Фитнес Клуб Эволюция не работает.</p>'),(21,1,'2023-06-28 00:12:28.000000',21,'29 июня Фитнес Клуб Эволюция отмечает свой четвертый день рождения!','<p>Друзья! Приглашаем отпраздновать это событие вместе с нами!&nbsp;<br />\r\n&nbsp;<br />\r\nВас ждет невероятный заряд драйва, а так же:<br />\r\n- командные соревнования во главе с нашими любимыми тренерами;<br />\r\n- мастер-классы;<br />\r\n- веселые конкурсы и интересные викторины;&nbsp;<br />\r\n- вечеринка;<br />\r\n- фуршет;<br />\r\n- розыгрыш призов и подарков.</p>\r\n\r\n<p>Море позитивных эмоций и приятных сюрпризов гарантировано!</p>\r\n\r\n<p>За атмосферу праздника ответственный наш друг и крутой ведущий - Павел Смирнов.</p>\r\n\r\n<p>Отправляйте в комментарии, если ждёте праздник также сильно, как и мы.<br />\r\n&nbsp;<br />\r\n29 июня сбор гостей в 18:00.&nbsp;<br />\r\nМесто проведения: Дашково-Песочня, ул. Новоселов, 53Д.</p>','news_img/B1ilvkqdcBw.jpg','news_img/B1ilvkqdcBw_dHM8IOp.jpg','29-iyunya-fitnes-klub-evolyuciya-otmechaet-svoj-ch','<p>Друзья! Приглашаем отпраздновать это событие вместе с нами!</p>');
/*!40000 ALTER TABLE `news_news` ENABLE KEYS */;
UNLOCK TABLES;

--
-- Table structure for table `stock_stock`
--

DROP TABLE IF EXISTS `stock_stock`;
/*!40101 SET @saved_cs_client     = @@character_set_client */;
/*!40101 SET character_set_client = utf8 */;
CREATE TABLE `stock_stock` (
  `id` int(11) NOT NULL AUTO_INCREMENT,
  `publicated` tinyint(1) NOT NULL,
  `pub_date` datetime(6) NOT NULL,
  `order` int(10) unsigned NOT NULL,
  `title` longtext NOT NULL,
  `announcement` longtext NOT NULL,
  `body` longtext NOT NULL,
  `image_preview` varchar(100) NOT NULL,
  `image` varchar(100) NOT NULL,
  `slug` varchar(50) NOT NULL,
  PRIMARY KEY (`id`),
  UNIQUE KEY `slug` (`slug`),
  KEY `stock_stock_order_df5f1d90` (`order`)
) ENGINE=InnoDB AUTO_INCREMENT=43 DEFAULT CHARSET=utf8;
/*!40101 SET character_set_client = @saved_cs_client */;

--
-- Dumping data for table `stock_stock`
--

LOCK TABLES `stock_stock` WRITE;
/*!40000 ALTER TABLE `stock_stock` DISABLE KEYS */;
INSERT INTO `stock_stock` VALUES (6,0,'2021-09-11 12:09:24.000000',30,'+ 3 месяца в подарок','<p>Начинаем сезон с подарков!</p>','<p>Начинаем сезон с подарков!<br />\r\n3 месяца безлимитного фитнеса, абсолютно бесплатно, при покупке абонемента в Новую Эволюцию.<br />\r\nПорадуй себя или своих друзей!</p>','stock_img/2_rVo8vo2.jpg','stock_img/2_vGvlr5O.jpg','3-mesyaca-v-podarok'),(7,1,'2021-09-17 13:50:27.000000',31,'НИ В ЧЕМ СЕБЕ НЕ ОТКАЗЫВАЙ!','<p>Возвращаем 10% стоимости абонемента бонусами</p>','<p>Возвращаем 10% стоимости абонемента бонусами, которые можно потратить на любимое в Новой ЭВОЛЮЦИИ!</p>\r\n\r\n<p>Хочешь заниматься в одном из самых современных залов Рязани? Тогда пиши <a href=\"http://vk.me/evolution_rzn\" target=\"_blank\">vk.me/evolution_rzn</a> или звони <a href=\"tel:+74912559594\"><strong>+7&nbsp;(4912)&nbsp;55-95-94</strong></a>.</p>','stock_img/1_AVpnEnZ.jpg','stock_img/1_wbqpeWm.jpg','ni-v-chem-sebe-ne-otkazyvaj'),(8,0,'2021-09-17 13:53:16.000000',32,'2 абонемента по цене 1','<p>Возвращение самого горячего предложения этого лета!</p>','<p>По многочисленным просьбам!</p>\r\n\r\n<p>Возвращение самого горячего предложения этого лета -&nbsp;2 абонемента по цене 1</p>','stock_img/2_hEnGehP.jpg','stock_img/2_AF0DZvd.jpg','2-abonementa-po-cene-1'),(9,1,'2021-09-17 13:54:58.000000',33,'Студенческий год за 9900','<p>Не забудь добавить Фитнес в свое расписание!</p>','<p>Не забудь добавить Фитнес в свое расписание!</p>\r\n\r\n<p>Полный Безлимит + персональная тренировка + групповые занятия.</p>\r\n\r\n<p>Самые лучшие условия для студентов!</p>','stock_img/3.jpg','stock_img/3_KLWMBpl.jpg','studencheskij-god-za-9900'),(11,0,'2021-10-26 15:35:37.000000',34,'Экономь время и деньги вместе с Фитнес  клубом «Эволюция»!','<p>Это бомба!&nbsp;Карта, которую вы так ждали!!!</p>','<p>Экономь время и деньги вместе с Фитнес &nbsp;клубом &laquo;Эволюция&raquo;!</p>\r\n\r\n<p>Это бомба!<br />\r\nКарта, которую вы так ждали!!!<br />\r\n!100 ПОСЕЩЕНИЙ!</p>\r\n\r\n<p>Приходи, &nbsp;когда удобно, и посещай все зоны клуба!</p>\r\n\r\n<p>Хочешь заниматься в одном из самых современных залов Рязани? Тогда пиши, или звони!</p>\r\n\r\n<h2><a href=\"http://84912559594\"><strong>+7 (4912) 55-95-94</strong></a></h2>','stock_img/2_bzDE35j.jpg','stock_img/2_2QC9KSz.jpg','ekonom-vremya-i-dengi-vmeste-s-fitnes-klubom-evoly'),(12,0,'2021-11-02 11:00:40.000000',35,'Продлеваем лучшее предложение этого сезона до 15 ноября!','<p>Крутые подарки, невероятные бонусы</p>','<p>Крутые подарки, невероятные бонусы</p>','stock_img/IMG_7123.JPG','stock_img/IMG_7123_bH6lMLt.JPG','prodlevaem-luchshee-predlozhenie-etogo-sezona-do-1'),(16,0,'2021-12-16 15:21:26.000000',36,'Самый мощный Новогодний подарок!','<p>Самый мощный Новогодний подарок от фитнес клуба Эволюция!</p>','<p>Пишите + что бы узнать подробности! Такого ещё не было!</p>','stock_img/IMG_7763.JPG','stock_img/IMG_7763_quv8nrT.JPG','samyj-moshnyj-novogodnij-podarok'),(17,0,'2022-01-13 18:42:23.000000',37,'Начни 2022 год правильно вместе с фитнес клубом Эволюция!','<p>А мы в свою очередь поможем вам крутой скидкой на абонемент.</p>','<p>А мы в свою очередь поможем вам крутой скидкой на абонемент.</p>\r\n\r\n<p>Пусть ваши тренировки в новом году будут такими же насыщенными как и ваше новогоднее застолье.</p>\r\n\r\n<p>Хочешь заниматься в одном из самых современных залов Рязани? Тогда пиши в Директ или звони.</p>','stock_img/IMG_8591.JPG','stock_img/IMG_8591_sZqvJ16.JPG','nachni-2022-god-pravilno-vmeste-s-fitnes-klubom-ev'),(20,0,'2022-03-04 12:56:20.000000',38,'Дорогие друзья!','<p>Дарим&nbsp;всем 2 месяца, при покупке полугодового абонемента!</p>','<p>Фитнес клуб Эволюция поздравляет вас с наступлением весны и дарит всем 2 месяца, при покупке полугодового абонемента!</p>\r\n\r\n<p>А милых дам, в честь 8 марта, порадуем ну ооочень приятными ценами!!!</p>\r\n\r\n<p>Подробности по телефону:</p>\r\n\r\n<h2><a href=\"http://84912559594\"><strong>+7 (4912) 55-95-94</strong></a></h2>','stock_img/IMG_9805.PNG','stock_img/IMG_9805_PhiBapg.PNG','dorogie-druzya'),(21,0,'2022-05-12 14:26:57.000000',39,'Вместе – выгодно!','<p>&nbsp;Две клубные карты по горячей цене - 9000₽!</p>','<p>Две клубные карты по горячей цене 9000₽!&nbsp;</p>\r\n\r\n<p>Предложение действует до 10 мая!</p>\r\n\r\n<p>Подробности по телефону:</p>\r\n\r\n<h1><a href=\"http://84912559594\"><strong>+7 (4912) 55-95-94</strong></a></h1>','stock_img/IMG_9127.JPG','stock_img/IMG_9127_BZWSvIg.JPG','vmeste-vygodno'),(22,0,'2022-05-13 16:37:24.000000',40,'Наши скидки такие же жаркие, как и угли в твоем мангале!','<p>Торопись, количество карт ограничено!</p>','<p>Торопись, количество карт ограничено!<br />\r\n<br />\r\nХочешь заниматься в одном из самых современных залов Рязани? Тогда звони:</p>\r\n\r\n<h1><a href=\"http://84912559594\" style=\"color: #ffffff;\"><strong>+7 (4912) 55-95-94</strong></a></h1>','stock_img/IMG_9431.PNG','stock_img/IMG_9431_uY1DhCv.PNG','nashi-skidki-takie-zhe-zharkie-kak-i-ugli-v-tvoem'),(23,0,'2022-05-27 12:42:31.000000',41,'Купи карту и занимайся с тренером БЕСПЛАТНО!','<p>Предложение действует только до 30&nbsp;мая.</p>','<p>Купи карту и занимайся с тренером БЕСПЛАТНО!</p>\r\n\r\n<p>Предложение действует только до 30&nbsp;мая.</p>\r\n\r\n<h1><a href=\"http://84912559594\"><strong>+7 (4912) 55-95-94</strong></a></h1>\r\n\r\n<p>&nbsp;</p>','stock_img/IMG_0123.PNG','stock_img/IMG_0123_h36aCmK.PNG','kupi-kartu-i-zanimajsya-s-trenerom-besplatno'),(24,0,'2022-06-06 18:36:09.000000',42,'Жаркое предложение июня!','<p>Фитнес на весь ГОД за 6 900₽!</p>','<p>Фитнес на весь ГОД за 6 900₽!&nbsp;</p>\r\n\r\n<p>Подробности в отделе продаж!</p>\r\n\r\n<h1><a href=\"http://84912559594\"><strong>+7 (4912) 55-95-94</strong></a></h1>','stock_img/IMG_0411.PNG','stock_img/IMG_0411_h0AfkSH.PNG','zharkoe-predlozhenie-iyunya'),(25,0,'2022-08-30 00:41:02.000000',43,'Почувствуй себя студентом!','<p>На 9 месяцев за 8 900 ₽!</p>\r\n\r\n<p>&nbsp;</p>','<p>Перед началом учебного года и нового фитнес-сезона<br />\r\nабонемент на <span style=\"font-size:20px\">9 месяцев</span> и <span style=\"font-size:20px\">90 дней </span>заморозки за <span style=\"font-size:20px\">8 900 ₽</span> для всех!<br />\r\n<br />\r\nХочешь заниматься в одном из самых современных залов Рязани? Тогда пиши&nbsp;или звони!</p>\r\n\r\n<h2><a href=\"http://84912559594\" style=\"color: #ffffff;\"><strong>+7 (4912) 55-95-94</strong></a></h2>','stock_img/whBSzHP_9aM.jpg','stock_img/whBSzHP_9aM_dNMVRKc.jpg','pochuvstvuj-sebya-studentom'),(26,1,'2022-09-08 15:34:35.000000',44,'Открыт набор на детские направления!','<p>Всех школьников и их родителей поздравляем с 1 сентября! Лёгкого учебного года и хороших оценок! А мы в свою очередь открываем набор по детским направлениям.</p>','<p>Всех школьников и их родителей поздравляем с 1 сентября! Лёгкого учебного года и хороших оценок! А мы в свою очередь открываем набор по детским направлениям.</p>\r\n\r\n<p>Фитнес клуб &laquo;Эволюция&raquo; - место в Рязани, где дети и подростки с увлечением смогут заниматься спортом и фитнесом под руководством профессионалов.&nbsp;Даже самые маленькие спортсмены будут чувствовать себя комфортно и безопасно.</p>\r\n\r\n<p>Направления занятий:</p>\r\n\r\n<ul>\r\n	<li>ОФП;</li>\r\n	<li>рукопашный бой;</li>\r\n	<li>карате;</li>\r\n	<li>бокс.</li>\r\n</ul>\r\n\r\n<p>По вопросам записи на групповые занятия и приобретения абонемента пишите<strong> <a href=\"http://vk.me/evolution_rzn\" target=\"_blank\">vk.me/evolution_rzn</a> </strong>или звоните: <a href=\"tel:+74912559594\"><strong>+7&nbsp;(4912)&nbsp;55-95-94</strong></a></p>','stock_img/08-09-22.jpg','stock_img/08-09-22_F8qeFeY.jpg','otkryt-nabor-na-detskie-napravleniya'),(27,0,'2022-09-08 15:46:10.000000',45,'Классные цены на фитнес!','<p>Классные цены на фитнес!</p>\r\n\r\n<p>Все включено: групповые занятия, тренажёрный зал.</p>','<p>Классные цены на фитнес!</p>\r\n\r\n<p>Все включено: групповые занятия, тренажёрный зал.</p>\r\n\r\n<p>50 &laquo;уроков&raquo; &ndash; 8 900 на 12 месяцев, 100 &laquo;уроков&raquo; &ndash; 10 900 на 24 месяца.</p>\r\n\r\n<p>Хочешь заниматься в одном из самых современных залов Рязани? Тогда пиши <strong> <a href=\"https://vk.me/evolution_rzn\" style=\"color:#ffffff;\" target=\"_blank\">vk.me/evolution_rzn</a> </strong>или звони:&nbsp;<a href=\"tel:+74912559594\" style=\"color: #ffffff;\"><strong>+7 (4912) 55-95-94</strong></a>.</p>','stock_img/08-09-22-2.jpg','stock_img/08-09-22-2_FyWbog8.jpg','klassnye-ceny-na-fitnes'),(28,0,'2022-09-27 01:44:50.000000',46,'Только 5 дней - фитнес за 8 900₽!','<p>Предложение действует до 30 сентября.</p>','<p>Хочешь заниматься в одном из самых современных залов Рязани?<br />\r\n<br />\r\nТогда пиши <a href=\"http://vk.me/evolution_rzn\">vk.me/evolution_rzn</a> или звони <span style=\"font-size:20px\">8 (4912) 55-95-94</span>.</p>','stock_img/JTtTXFXJL6w.jpg','stock_img/JTtTXFXJL6w_4L77fDH.jpg','tolko-5-dnej-fitnes-za-8-900'),(30,1,'2022-10-15 10:54:58.000000',47,'Счастливые часы на фитнес!','<p>При покупке абонемента с 12:00 до 16:00 действует скидка -20% от прайса.</p>','<p>Счастливые часы на фитнес!</p>\r\n\r\n<p>При покупке абонемента с 12:00 до 16:00 действует скидка -20% от прайса.<br />\r\n<br />\r\nХочешь заниматься в одном из самых современных залов Рязани? Тогда пиши&nbsp;или звони!</p>\r\n\r\n<h2><a href=\"tel:+74912559594\"><strong>+7 (4912) 55-95-94</strong></a></h2>','stock_img/6G5zt24KM90.jpg','stock_img/6G5zt24KM90_qQRxvRL.jpg','schastlivye-chasy-na-fitnes'),(31,0,'2022-10-27 16:55:55.000000',48,'Страшно выгодно!','<p>13 месяцев в году!</p>','<p>Предложение действует до 31 октября.</p>\r\n\r\n<p>Подробности в отделе продаж.<br />\r\n<br />\r\nХочешь заниматься в одном из самых современных залов Рязани? Тогда пиши&nbsp;или звони!</p>\r\n\r\n<h2><a href=\"http://84912559594\"><strong>+7 (4912) 55-95-94</strong></a></h2>','stock_img/PufLrmULRms.jpg','stock_img/PufLrmULRms_2De8boN.jpg','strashno-vygodno'),(33,0,'2022-11-15 21:03:27.000000',49,'12 месяцев дневного фитнеса + 90 дней заморозки за 8 000₽!','<p>...</p>','<p>Время посещения по дневному абонементу:<span style=\"font-size:20px\"> с 6:00 до 17:00</span>.</p>\r\n\r\n<p>Подробности в отделе продаж или по телефону&nbsp;</p>\r\n\r\n<p><span style=\"font-size:20px\">8 (4912) 55-95-94</span></p>','stock_img/N8c8czrjinc.jpg','stock_img/N8c8czrjinc_1Di5srv.jpg','12-mesyacev-dnevnogo-fitnesa-90-dnej-zamorozki-za'),(35,0,'2022-12-19 20:37:16.000000',50,'Лучший подарок к Новому году!','<p>12 месяцев фитнеса за 10 000₽!</p>','<p>Хочешь заниматься в одном из самых современных залов Рязани?</p>\r\n\r\n<p>Тогда пиши vk.me/evolution_rzn</p>\r\n\r\n<p>или звони <span style=\"font-size:20px\">8 (4912) 55-95-94</span>.</p>','stock_img/Kq0zttLoEAg.jpg','stock_img/Kq0zttLoEAg_XVWBk40.jpg','luchshij-podarok-k-novomu-godu'),(36,0,'2023-01-16 22:17:00.000000',51,'То, что сегодня кажется невозможным, завтра станет вашей разминкой.','<p>Тренируйся в любое время за 9 900 ₽.</p>','<p>Торопись, акция действует до 25 января.&nbsp;</p>\r\n\r\n<p>Подробности в отделе продаж!</p>\r\n\r\n<p>Хочешь заниматься в одном из самых современных залов Рязани?</p>\r\n\r\n<p>Тогда пиши vk.me/evolution_rzn</p>\r\n\r\n<p>или звони&nbsp;<a href=\"http://84912559594\"><strong>+7 (4912) 55-95-94</strong></a></p>','stock_img/iaHzVpDvUdQ.jpg','stock_img/iaHzVpDvUdQ_6KY4aEx.jpg','chto-segodnya-kazhetsya-nevozmozhnym-zavtra-stanet'),(37,0,'2023-02-03 13:57:35.000000',52,'Для влюблённых в фитнес!','<p>Абонемент на двоих за&nbsp;20 000₽!</p>','<p>Тренируйтесь вместе с максимальной выгодой.&nbsp;</p>\r\n\r\n<p>Торопись, акция действует до 15 февраля.<br />\r\n<br />\r\nХочешь заниматься в одном из самых современных залов Рязани?</p>\r\n\r\n<p>Тогда пиши vk.me/evolution_rzn</p>\r\n\r\n<p>или звони&nbsp;<a href=\"http://84912559594\"><strong>+7 (4912) 55-95-94</strong></a></p>','stock_img/fg0igZis_QU.jpg','stock_img/fg0igZis_QU_JUoCx2j.jpg','dlya-vlyublyonnyh-v-fitnes'),(38,0,'2023-02-17 12:15:17.000000',53,'Для сильных телом и духом','<p>В честь Дня защитника Отечества супер-акция!</p>','<p>В честь Дня защитника Отечества супер-акция: <strong>6 месяцев&nbsp;фитнеса&nbsp;за 9&nbsp;000₽ + 2&nbsp;месяца в подарок + 3&nbsp;месяца заморозки</strong>!</p>\r\n\r\n<p>Подробности в отделе продаж или по телефону:<br />\r\n<strong><a href=\"tel: +74912559594\">8 (4912) 55-95-94</a></strong>.</p>','stock_img/1-min.jpg','stock_img/1-min_xSpmufx.jpg','dlya-silnyh-telom-i-duhom'),(39,0,'2023-04-27 13:11:55.000000',54,'Фитнес год за 9 000₽!','<p>Торопись, акция действует до 30 апреля.</p>','<p>Хочешь заниматься в одном из самых современных залов Рязани?</p>\r\n\r\n<p>Тогда пиши vk.me/evolution_rzn</p>\r\n\r\n<p>или звони&nbsp;<a href=\"http://84912559594\"><strong>+7 (4912) 55-95-94</strong></a></p>','stock_img/zISf9g7dMWw.jpg','stock_img/zISf9g7dMWw_9wTC1SZ.jpg','fitnes-god-za-9-000'),(40,0,'2023-05-10 12:42:34.000000',55,'Занимайся с тренером от 6000₽!','<p>Услуги тренера включены в стоимость абонемента.<br />\r\n&nbsp;</p>','<p>Услуги тренера включены в стоимость абонемента.</p>\r\n\r\n<p>*Персонального тренера можно выбрать из предложенного списка.&nbsp;</p>\r\n\r\n<p>Хочешь заниматься в одном из самых современных залов Рязани?</p>\r\n\r\n<p>Тогда пиши vk.me/evolution_rzn</p>\r\n\r\n<p>или звони&nbsp;<a href=\"http://84912559594\"><strong>+7 (4912) 55-95-94</strong></a></p>','stock_img/LMXCxmlDfuM.jpg','stock_img/LMXCxmlDfuM_ml5yqcW.jpg','fitnes-s-trenerom-ot-6-000'),(41,0,'2023-07-28 12:50:34.000000',56,'Очень выгодное предложение!','<p>Только 3 дня!</p>','<p>Год безлимитного фитнеса за <span style=\"font-size:18px\"><strong>9 900</strong></span><span style=\"font-size:14px\"><strong>₽</strong></span>!&nbsp;<br />\r\n<br />\r\nХочешь заниматься в одном из самых современных залов Рязани? Тогда пиши&nbsp;или звони!</p>\r\n\r\n<h2><a href=\"http://84912559594\"><strong>+7 (4912) 55-95-94</strong></a></h2>','stock_img/JH4dwhMpEbQ.jpg','stock_img/JH4dwhMpEbQ_NuJGFPj.jpg','ochen-vygodnoe-predlozhenie'),(42,1,'2023-09-14 14:11:00.000000',29,'12 месяцев дневного фитнеса - 8 000₽!','<p>Время посещения по дневному абонементу:<strong> </strong>с 6:00 до 17:00.</p>','<p>Время посещения по дневному абонементу:<strong> с 6:00 до 17:00</strong>. Подробности в отделе продаж.</p>\r\n\r\n<p>Хочешь заниматься в одном из самых современных залов Рязани? Тогда пиши <a href=\"http://vk.me/evolution_rzn\" target=\"_blank\">vk.me/evolution_rzn</a> или звони <a href=\"tel:+74912559594\"><strong>+7&nbsp;(4912)&nbsp;55-95-94</strong></a>.</p>','stock_img/image-14-09-23-13-30.jpeg','stock_img/image-14-09-23-13-30_sZpAvqV.jpeg','12-mesyacev-dnevnogo-fitnesa-8-000');
/*!40000 ALTER TABLE `stock_stock` ENABLE KEYS */;
UNLOCK TABLES;

--
-- Table structure for table `team_requestviewfrm`
--

DROP TABLE IF EXISTS `team_requestviewfrm`;
/*!40101 SET @saved_cs_client     = @@character_set_client */;
/*!40101 SET character_set_client = utf8 */;
CREATE TABLE `team_requestviewfrm` (
  `id` int(11) NOT NULL AUTO_INCREMENT,
  `name` varchar(200) NOT NULL,
  `phone` varchar(200) NOT NULL,
  `created` datetime(6) NOT NULL,
  PRIMARY KEY (`id`)
) ENGINE=InnoDB AUTO_INCREMENT=17 DEFAULT CHARSET=utf8;
/*!40101 SET character_set_client = @saved_cs_client */;

--
-- Dumping data for table `team_requestviewfrm`
--

LOCK TABLES `team_requestviewfrm` WRITE;
/*!40000 ALTER TABLE `team_requestviewfrm` DISABLE KEYS */;
INSERT INTO `team_requestviewfrm` VALUES (3,'Тестовый Пользователь','89999999999','2021-08-27 13:38:10.382970'),(4,'Тестовый Пользователь','87777777777','2021-08-27 14:04:12.913919'),(5,'Дмитрий','+7 (910) 610-98-49','2021-09-09 11:22:06.238608'),(6,'Алёна','8 (910) 904-48-66','2021-12-02 21:59:30.683522'),(7,'Александр','89206379364','2022-03-14 18:19:28.327051'),(8,'Тестовый Пользователь','89999999999','2022-04-28 14:33:38.043857'),(9,'Ольга','+79136706292','2022-07-05 13:23:23.686022'),(10,'Алина','89206263246','2022-09-01 19:32:32.950475'),(11,'Алина','89106263246','2022-09-06 20:20:07.142752'),(12,'Татьяна','89109081993','2022-09-11 09:02:50.153526'),(13,'Анастасия','+7 910 572 73 54','2022-12-06 19:49:51.883095'),(14,'Валерий','+79537426898','2023-03-26 09:00:48.505842'),(15,'Ольга','89151772115','2023-08-21 15:51:48.376691'),(16,'Александр','+7 910 907-12-15','2023-08-31 17:20:51.839917');
/*!40000 ALTER TABLE `team_requestviewfrm` ENABLE KEYS */;
UNLOCK TABLES;

--
-- Table structure for table `team_schedule`
--

DROP TABLE IF EXISTS `team_schedule`;
/*!40101 SET @saved_cs_client     = @@character_set_client */;
/*!40101 SET character_set_client = utf8 */;
CREATE TABLE `team_schedule` (
  `id` int(11) NOT NULL AUTO_INCREMENT,
  `publicated` tinyint(1) NOT NULL,
  `pub_date` datetime(6) NOT NULL,
  `order` int(10) unsigned NOT NULL,
  `date` date NOT NULL,
  `time_id` int(11) DEFAULT NULL,
  `classes_id` int(11) NOT NULL,
  `hall_id` int(11) NOT NULL,
  `instructor_id` int(11) NOT NULL,
  PRIMARY KEY (`id`),
  KEY `team_schedule_classes_id_25c7d752_fk_team_scheduleclasses_id` (`classes_id`),
  KEY `team_schedule_hall_id_1cdb287c_fk_team_schedulehall_id` (`hall_id`),
  KEY `team_schedule_instructor_id_78c4274e_fk_team_sche` (`instructor_id`),
  KEY `team_schedule_order_d9daa69c` (`order`),
  KEY `team_schedule_time_id_0af01aec` (`time_id`),
  CONSTRAINT `team_schedule_classes_id_25c7d752_fk_team_scheduleclasses_id` FOREIGN KEY (`classes_id`) REFERENCES `team_scheduleclasses` (`id`),
  CONSTRAINT `team_schedule_hall_id_1cdb287c_fk_team_schedulehall_id` FOREIGN KEY (`hall_id`) REFERENCES `team_schedulehall` (`id`),
  CONSTRAINT `team_schedule_instructor_id_78c4274e_fk_team_sche` FOREIGN KEY (`instructor_id`) REFERENCES `team_scheduleinstructors` (`id`),
  CONSTRAINT `team_schedule_time_id_0af01aec_fk_team_scheduletime_id` FOREIGN KEY (`time_id`) REFERENCES `team_scheduletime` (`id`)
) ENGINE=InnoDB AUTO_INCREMENT=151 DEFAULT CHARSET=utf8;
/*!40101 SET character_set_client = @saved_cs_client */;

--
-- Dumping data for table `team_schedule`
--

LOCK TABLES `team_schedule` WRITE;
/*!40000 ALTER TABLE `team_schedule` DISABLE KEYS */;
INSERT INTO `team_schedule` VALUES (14,1,'2021-08-20 17:21:36.000000',378,'2022-09-05',2,2,1,3),(25,1,'2021-08-20 17:34:21.000000',394,'2022-09-05',8,7,1,8),(32,1,'2021-08-20 18:19:51.000000',397,'2022-09-05',4,11,2,3),(38,1,'2021-08-20 18:23:57.000000',398,'2022-09-06',7,2,1,3),(59,1,'2021-09-15 16:54:41.000000',396,'2022-09-06',8,11,2,3),(65,1,'2021-08-20 17:01:17.000000',395,'2022-09-05',8,16,2,12),(66,1,'2021-09-15 17:01:39.000000',412,'2022-09-05',10,8,1,8),(67,1,'2021-08-20 17:02:02.000000',386,'2022-09-06',2,6,1,2),(68,1,'2021-08-20 17:02:39.000000',395,'2022-09-07',2,23,1,11),(69,1,'2021-08-20 17:03:03.000000',401,'2022-09-07',4,13,2,12),(72,1,'2021-08-20 17:04:29.000000',399,'2022-09-06',4,16,1,2),(73,1,'2021-08-20 17:04:53.000000',417,'2022-09-07',10,14,1,12),(74,1,'2021-08-20 17:05:13.000000',399,'2022-09-07',8,5,2,12),(75,1,'2021-08-20 17:05:38.000000',416,'2022-09-07',10,8,2,17),(76,1,'2021-08-20 17:06:00.000000',398,'2022-09-07',8,15,1,17),(78,1,'2021-08-20 17:07:07.000000',402,'2022-09-08',7,2,1,16),(81,1,'2021-08-20 17:08:45.000000',401,'2022-09-08',8,18,2,4),(82,1,'2021-08-20 17:09:11.000000',419,'2022-09-08',10,12,1,7),(83,1,'2021-08-20 17:09:34.000000',418,'2022-09-08',10,19,2,6),(84,1,'2021-08-20 17:09:57.000000',412,'2022-09-09',2,1,1,3),(85,1,'2021-08-20 17:10:22.000000',404,'2022-09-08',2,10,1,6),(86,1,'2021-08-20 17:10:52.000000',400,'2022-09-07',4,11,1,11),(89,1,'2021-08-20 17:12:42.000000',402,'2022-09-08',4,8,1,2),(90,1,'2021-08-20 17:13:10.000000',405,'2022-09-09',7,6,1,4),(91,1,'2021-08-20 17:13:35.000000',403,'2022-09-09',8,11,2,4),(92,1,'2021-08-20 17:14:04.000000',403,'2022-09-08',7,17,2,6),(93,1,'2021-08-20 17:14:28.000000',400,'2022-09-08',8,1,1,6),(94,1,'2021-08-20 17:14:51.000000',402,'2022-09-09',8,20,1,17),(98,1,'2021-08-20 17:16:50.000000',420,'2022-09-09',10,8,1,17),(99,1,'2021-08-20 17:17:17.000000',421,'2022-09-09',10,14,2,4),(100,1,'2021-08-20 17:17:43.000000',403,'2022-09-09',4,5,2,3),(101,1,'2021-08-20 17:18:08.000000',446,'2022-09-10',5,12,1,7),(111,1,'2021-11-08 12:42:47.000000',447,'2022-09-10',5,17,2,6),(114,1,'2021-11-21 19:59:44.000000',397,'2022-09-06',8,10,1,6),(117,1,'2021-11-21 20:07:17.000000',415,'2022-09-06',10,12,1,7),(118,1,'2021-11-21 20:07:46.000000',414,'2022-09-06',10,17,2,3),(119,1,'2021-11-21 20:29:30.000000',423,'2022-09-10',6,19,1,6),(122,1,'2021-11-21 20:31:22.000000',448,'2022-09-11',5,6,1,2),(123,1,'2021-11-21 20:31:49.000000',449,'2022-09-11',5,18,2,4),(124,1,'2021-11-21 20:32:23.000000',428,'2022-09-11',6,8,2,2),(125,1,'2021-12-16 15:24:11.000000',400,'2022-09-07',7,25,2,6),(127,1,'2022-01-13 18:34:27.000000',404,'2022-09-09',7,25,2,6),(129,1,'2022-01-24 22:55:18.000000',404,'2022-09-11',4,14,2,4),(130,1,'2022-04-08 16:56:36.000000',430,'2022-09-07',12,27,1,13),(131,1,'2022-04-08 16:58:21.000000',431,'2022-09-09',12,27,1,13),(133,1,'2022-04-08 16:59:43.000000',433,'2022-09-06',13,28,1,5),(135,1,'2022-04-08 17:02:35.000000',435,'2022-09-07',14,29,2,14),(136,1,'2022-04-08 17:02:50.000000',436,'2022-09-09',14,29,2,14),(137,1,'2022-04-08 17:05:37.000000',397,'2022-09-05',7,6,1,12),(138,1,'2022-04-08 17:05:59.000000',399,'2022-09-06',7,9,2,6),(139,1,'2022-04-08 17:07:35.000000',401,'2022-09-07',7,6,1,12),(140,1,'2022-04-08 17:08:54.000000',437,'2022-09-10',7,28,1,15),(141,1,'2022-05-16 18:06:43.000000',445,'2022-09-09',5,2,1,3),(142,1,'2022-06-14 21:50:32.000000',398,'2022-09-05',4,1,1,12),(143,1,'2022-06-14 21:54:25.000000',442,'2022-09-05',5,5,2,12),(144,1,'2022-06-14 21:55:19.000000',443,'2022-09-05',5,17,1,3),(147,1,'2022-06-14 22:45:54.000000',450,'2022-09-08',13,28,1,5),(148,1,'2022-06-14 22:49:38.000000',451,'2022-09-10',7,20,1,8),(149,1,'2022-06-14 22:54:05.000000',452,'2022-09-10',8,15,1,8),(150,1,'2022-06-14 22:56:32.000000',453,'2022-09-10',10,8,1,8);
/*!40000 ALTER TABLE `team_schedule` ENABLE KEYS */;
UNLOCK TABLES;

--
-- Table structure for table `team_scheduleclasses`
--

DROP TABLE IF EXISTS `team_scheduleclasses`;
/*!40101 SET @saved_cs_client     = @@character_set_client */;
/*!40101 SET character_set_client = utf8 */;
CREATE TABLE `team_scheduleclasses` (
  `id` int(11) NOT NULL AUTO_INCREMENT,
  `publicated` tinyint(1) NOT NULL,
  `pub_date` datetime(6) NOT NULL,
  `order` int(10) unsigned NOT NULL,
  `title` varchar(200) NOT NULL,
  `direction_id` int(11) NOT NULL,
  PRIMARY KEY (`id`),
  KEY `team_scheduleclasses_direction_id_d4d56c85_fk_team_sche` (`direction_id`),
  KEY `team_scheduleclasses_order_31174731` (`order`),
  CONSTRAINT `team_scheduleclasses_direction_id_d4d56c85_fk_team_sche` FOREIGN KEY (`direction_id`) REFERENCES `team_scheduledirections` (`id`)
) ENGINE=InnoDB AUTO_INCREMENT=30 DEFAULT CHARSET=utf8;
/*!40101 SET character_set_client = @saved_cs_client */;

--
-- Dumping data for table `team_scheduleclasses`
--

LOCK TABLES `team_scheduleclasses` WRITE;
/*!40000 ALTER TABLE `team_scheduleclasses` DISABLE KEYS */;
INSERT INTO `team_scheduleclasses` VALUES (1,1,'2021-08-19 15:20:30.000000',58,'Power class',2),(2,1,'2021-08-19 15:44:41.000000',49,'Aero Yoga',1),(3,1,'2021-08-20 14:37:40.000000',56,'Outdoor Yoga',1),(4,1,'2021-08-20 15:42:58.000000',65,'Бокс',3),(5,1,'2021-08-20 17:13:51.000000',62,'Yoga',1),(6,1,'2021-08-20 17:15:03.000000',67,'Круговая тренировка',1),(7,1,'2021-08-20 17:16:03.000000',68,'Танец живота',1),(8,1,'2021-08-20 17:17:28.000000',60,'Stretch',1),(9,1,'2021-08-20 17:20:54.000000',59,'Power step',2),(10,1,'2021-08-20 17:21:39.000000',51,'Functional training',4),(11,1,'2021-08-20 17:24:46.000000',57,'Pilates',1),(12,1,'2021-08-20 17:25:23.000000',69,'Хатха Йога (1,5 часа)',1),(13,1,'2021-08-20 17:26:04.000000',48,'Abs+Stretch',2),(14,1,'2021-08-20 17:29:01.000000',46,'ABL',2),(15,1,'2021-08-20 17:33:28.000000',53,'Lady class',5),(16,1,'2021-08-20 18:17:55.000000',66,'Здоровая спина+MFR',1),(17,1,'2021-08-20 18:19:04.000000',61,'Tabata',4),(18,1,'2021-08-20 18:20:06.000000',64,'Zumba',5),(19,1,'2021-08-20 18:21:10.000000',54,'MFR+Stretch',1),(20,1,'2021-08-20 18:25:35.000000',50,'Dance Mix',5),(21,1,'2021-08-20 18:28:17.000000',55,'Mobility',1),(22,1,'2021-08-20 18:28:56.000000',63,'Yoga терапия',1),(23,1,'2021-11-02 10:07:15.000000',52,'Interval training (55 мин.)',2),(24,1,'2021-11-02 10:10:39.000000',47,'ABS 30 (30 мин.)',2),(25,1,'2021-12-16 15:24:34.000000',70,'TRX',2),(26,1,'2022-01-24 22:55:28.000000',71,'Power Yoga',2),(27,1,'2022-04-08 16:56:53.000000',72,'Карате',3),(28,1,'2022-04-08 16:59:48.000000',73,'Рукопашный бой',3),(29,1,'2022-04-08 17:01:30.000000',74,'ОФП',1);
/*!40000 ALTER TABLE `team_scheduleclasses` ENABLE KEYS */;
UNLOCK TABLES;

--
-- Table structure for table `team_scheduledirections`
--

DROP TABLE IF EXISTS `team_scheduledirections`;
/*!40101 SET @saved_cs_client     = @@character_set_client */;
/*!40101 SET character_set_client = utf8 */;
CREATE TABLE `team_scheduledirections` (
  `id` int(11) NOT NULL AUTO_INCREMENT,
  `publicated` tinyint(1) NOT NULL,
  `pub_date` datetime(6) NOT NULL,
  `order` int(10) unsigned NOT NULL,
  `title` varchar(200) NOT NULL,
  PRIMARY KEY (`id`),
  KEY `team_scheduledirections_order_8e606014` (`order`)
) ENGINE=InnoDB AUTO_INCREMENT=6 DEFAULT CHARSET=utf8;
/*!40101 SET character_set_client = @saved_cs_client */;

--
-- Dumping data for table `team_scheduledirections`
--

LOCK TABLES `team_scheduledirections` WRITE;
/*!40000 ALTER TABLE `team_scheduledirections` DISABLE KEYS */;
INSERT INTO `team_scheduledirections` VALUES (1,1,'2021-08-19 15:17:18.000000',1,'BODY&MIND'),(2,1,'2021-08-19 15:18:32.000000',3,'Силовые программы'),(3,1,'2021-08-20 15:43:05.000000',2,'Единоборство'),(4,1,'2021-08-20 17:21:44.000000',5,'Функциональные программы'),(5,1,'2021-08-20 17:33:34.000000',4,'Танцевальные направления');
/*!40000 ALTER TABLE `team_scheduledirections` ENABLE KEYS */;
UNLOCK TABLES;

--
-- Table structure for table `team_schedulehall`
--

DROP TABLE IF EXISTS `team_schedulehall`;
/*!40101 SET @saved_cs_client     = @@character_set_client */;
/*!40101 SET character_set_client = utf8 */;
CREATE TABLE `team_schedulehall` (
  `id` int(11) NOT NULL AUTO_INCREMENT,
  `publicated` tinyint(1) NOT NULL,
  `pub_date` datetime(6) NOT NULL,
  `order` int(10) unsigned NOT NULL,
  `title` varchar(200) NOT NULL,
  `color` varchar(200) NOT NULL,
  PRIMARY KEY (`id`),
  KEY `team_schedulehall_order_4a5660c9` (`order`)
) ENGINE=InnoDB AUTO_INCREMENT=5 DEFAULT CHARSET=utf8;
/*!40101 SET character_set_client = @saved_cs_client */;

--
-- Dumping data for table `team_schedulehall`
--

LOCK TABLES `team_schedulehall` WRITE;
/*!40000 ALTER TABLE `team_schedulehall` DISABLE KEYS */;
INSERT INTO `team_schedulehall` VALUES (1,1,'2021-08-19 15:16:52.000000',1,'Большой зал','#FFF5BE'),(2,1,'2021-08-19 15:17:01.000000',2,'Малый зал','#E7F2A4'),(3,1,'2021-08-19 17:36:08.000000',3,'Ринг','#ffcc9c'),(4,1,'2021-08-19 17:36:20.000000',4,'Сбор у клуба','#fcd4f6');
/*!40000 ALTER TABLE `team_schedulehall` ENABLE KEYS */;
UNLOCK TABLES;

--
-- Table structure for table `team_scheduleinstructors`
--

DROP TABLE IF EXISTS `team_scheduleinstructors`;
/*!40101 SET @saved_cs_client     = @@character_set_client */;
/*!40101 SET character_set_client = utf8 */;
CREATE TABLE `team_scheduleinstructors` (
  `id` int(11) NOT NULL AUTO_INCREMENT,
  `publicated` tinyint(1) NOT NULL,
  `pub_date` datetime(6) NOT NULL,
  `order` int(10) unsigned NOT NULL,
  `title` varchar(200) NOT NULL,
  PRIMARY KEY (`id`),
  KEY `team_scheduleinstructors_order_dd45050f` (`order`)
) ENGINE=InnoDB AUTO_INCREMENT=18 DEFAULT CHARSET=utf8;
/*!40101 SET character_set_client = @saved_cs_client */;

--
-- Dumping data for table `team_scheduleinstructors`
--

LOCK TABLES `team_scheduleinstructors` WRITE;
/*!40000 ALTER TABLE `team_scheduleinstructors` DISABLE KEYS */;
INSERT INTO `team_scheduleinstructors` VALUES (1,1,'2021-08-19 15:18:45.000000',54,'Юлия'),(2,1,'2021-08-19 15:18:52.000000',47,'Анастасия'),(3,1,'2021-08-19 15:44:57.000000',52,'Наталья'),(4,1,'2021-08-19 16:53:14.000000',55,'Юлия Г.'),(5,1,'2021-08-19 16:53:27.000000',53,'Роман'),(6,1,'2021-08-19 16:53:35.000000',49,'Денис'),(7,1,'2021-08-19 16:53:45.000000',46,'Алексей'),(8,1,'2021-08-19 16:54:05.000000',48,'Галина'),(9,1,'2021-08-19 16:54:13.000000',51,'Игорь'),(10,1,'2021-11-02 09:57:24.000000',45,'Александр'),(11,1,'2021-11-08 12:33:05.000000',50,'Диана'),(12,1,'2021-12-22 22:23:03.000000',56,'Юлия П.'),(13,1,'2022-04-08 16:57:47.000000',57,'Илья'),(14,1,'2022-04-08 17:02:02.000000',58,'Соня'),(15,1,'2022-04-08 17:09:10.000000',59,'Михаил'),(16,1,'2022-05-16 18:11:42.000000',60,'Ирина'),(17,1,'2022-06-14 22:52:38.000000',61,'Алена');
/*!40000 ALTER TABLE `team_scheduleinstructors` ENABLE KEYS */;
UNLOCK TABLES;

--
-- Table structure for table `team_scheduletime`
--

DROP TABLE IF EXISTS `team_scheduletime`;
/*!40101 SET @saved_cs_client     = @@character_set_client */;
/*!40101 SET character_set_client = utf8 */;
CREATE TABLE `team_scheduletime` (
  `id` int(11) NOT NULL AUTO_INCREMENT,
  `publicated` tinyint(1) NOT NULL,
  `pub_date` datetime(6) NOT NULL,
  `order` int(10) unsigned NOT NULL,
  `title` varchar(200) NOT NULL,
  PRIMARY KEY (`id`),
  KEY `team_scheduletime_order_112bc0ca` (`order`)
) ENGINE=InnoDB AUTO_INCREMENT=15 DEFAULT CHARSET=utf8;
/*!40101 SET character_set_client = @saved_cs_client */;

--
-- Dumping data for table `team_scheduletime`
--

LOCK TABLES `team_scheduletime` WRITE;
/*!40000 ALTER TABLE `team_scheduletime` DISABLE KEYS */;
INSERT INTO `team_scheduletime` VALUES (1,1,'2021-08-19 16:35:17.000000',10,'8:00'),(2,1,'2021-08-19 16:35:27.000000',11,'9:00'),(3,1,'2021-08-19 16:35:38.000000',12,'9:30'),(4,1,'2021-08-19 16:35:44.000000',13,'10:00'),(5,1,'2021-08-19 16:35:54.000000',14,'11:00'),(6,1,'2021-08-19 16:35:59.000000',15,'12:00'),(7,1,'2021-08-19 16:36:08.000000',19,'18:00'),(8,1,'2021-08-19 16:36:17.000000',20,'19:00'),(9,1,'2021-08-19 16:36:22.000000',21,'19:30'),(10,1,'2021-08-19 16:36:35.000000',22,'20:00'),(11,1,'2021-08-19 16:36:39.000000',23,'21:00'),(12,1,'2022-04-08 16:58:02.000000',16,'16:00'),(13,1,'2022-04-08 17:00:40.000000',17,'16:30'),(14,1,'2022-04-08 17:02:15.000000',18,'17:00');
/*!40000 ALTER TABLE `team_scheduletime` ENABLE KEYS */;
UNLOCK TABLES;

--
-- Table structure for table `team_team`
--

DROP TABLE IF EXISTS `team_team`;
/*!40101 SET @saved_cs_client     = @@character_set_client */;
/*!40101 SET character_set_client = utf8 */;
CREATE TABLE `team_team` (
  `id` int(11) NOT NULL AUTO_INCREMENT,
  `publicated` tinyint(1) NOT NULL,
  `pub_date` datetime(6) NOT NULL,
  `order` int(10) unsigned NOT NULL,
  `title` varchar(200) NOT NULL,
  `position` varchar(200) NOT NULL,
  `body` longtext NOT NULL,
  `image_preview` varchar(100) NOT NULL,
  `image` varchar(100) NOT NULL,
  `slug` varchar(50) NOT NULL,
  PRIMARY KEY (`id`),
  UNIQUE KEY `slug` (`slug`),
  KEY `team_team_order_7f89247d` (`order`)
) ENGINE=InnoDB AUTO_INCREMENT=15 DEFAULT CHARSET=utf8;
/*!40101 SET character_set_client = @saved_cs_client */;

--
-- Dumping data for table `team_team`
--

LOCK TABLES `team_team` WRITE;
/*!40000 ALTER TABLE `team_team` DISABLE KEYS */;
INSERT INTO `team_team` VALUES (2,1,'2021-08-09 16:19:07.000000',2,'ВАСИЛИЙ АФОНЬКИН','Персональный тренер','<p>Специалист в области фитнеса, кинезиологии, оздоровительной физкультуры и работе с различными трудностями опорно-двигательного аппарата.</p>\r\n\r\n<p>Специализируюсь на развитии силовых показателей, увеличении активной мышечной массы, укреплении мышц для стабилизации опорно-двигательного аппарата, а также функциональном тренинге. Готов оказать диетологическое сопровождение в тренировках.<br />\r\nДоставляет удовольствие помогать людям достигать поставленные цели, мотивировать и приводить к желаемому результату.</p>','team_img/afonkin-1_26ov4pL.jpg','team_img/afonkin-2_R5Ja9ok.jpg','vasilij-afonkin'),(3,1,'2021-08-09 16:19:36.000000',3,'АРТЁМ БИЗЮКОВ','Фитнес-эксперт, старший тренер фитнес-клуба «Эволюция»','<p>- Неоднократный участник и призер чемпионатов, всероссийских и областных турниров по пауэрлифтингу и отдельным его движениям.<br />\r\n<br />\r\n- 2-х кратный Мастер спорта по жиму лежа в легкой и жесткой экипировке.<br />\r\n<br />\r\n- Кандидат в мастера спорта по жиму лежа без экипировки.<br />\r\n<br />\r\n-&nbsp;Сертифицированный специалист по спортивной нутрициологии, эндокринологии в фитнесе и бодибилдинге, спортивном питании и эргогенным средствам, работе с людьми с нарушением опорно-двигательного аппарата, прикладной кинезиологии, а также гормонозаместительной терапии.&nbsp;<br />\r\n<br />\r\nГотов помогать тренироваться людям с различным уровнем здоровья.&nbsp;Главное помнить, что быстро &ndash; это медленно, но постоянно!</p>','team_img/bizukov-1_c9tmL6T.jpg','team_img/bizukov-2_E5s3z6t.jpg','artyom-bizyukov'),(5,1,'2021-08-13 15:40:23.000000',5,'КИРИЛЛ ГРИДНЕВСКИЙ','Персональный тренер','<p>Специализация на силовых направлениях, оздоровительной физкультуре и функциональном тренинге.<br />\r\nГотов подготовить Вас к соревнованиям по силовым видам спорта.<br />\r\nДа что тут долго говорить, приходите на тренировку,&nbsp;и я помогу Вам стать сильнее и лучше!</p>','team_img/gridnevskiy-1.jpg','team_img/gridnevskiy-2.jpg','kirill-gridnevskij'),(6,1,'2021-08-13 15:40:54.000000',6,'ГРИГОРИЙ ДОРОГОВ','Персональный тренер','<p>Специализируюсь на коррекции фигуры, укреплении мышечного корсета и опорно-двигательного аппарата.</p>\r\n\r\n<p>Подготовлю к соревнованиям по пауэрлифтингу.<br />\r\nРаботаю с различными возрастными категориями:&nbsp;от детишек до пожилых людей.</p>\r\n\r\n<p>Работаю с различными типами осанки и прочими заболеваниями.</p>\r\n\r\n<p>КМС по Пауэрлифтингу. Чемпион и призер чемпионатов Рязани, области и ЦФО по самбо. Призер открытых чемпионатов Рязани по бодибилдингу (категория юноши, юниоры).<br />\r\nГотов помочь Вам в оздоровлении Вашего тела и духа!&nbsp;</p>','team_img/dorogov-1.jpg','team_img/dorogov-2.jpg','grigorij-dorogov'),(7,1,'2021-08-13 15:41:22.000000',7,'ЛЮДМИЛА БИЗЮКОВА','Персональный тренер','<p>Специализируюсь на женском фитнесе, помогу в улучшении ваших форм, а также в восстановлении после родов.<br />\r\nС удовольствием работаю с будущими мамами.<br />\r\nВ спорте с самого детства, являюсь кандидат в мастера спорта по волейболу<br />\r\nВходила в состав сборной Рязани по волейболу, призёр всероссийских соревнований высшей лиги Б<br />\r\nГотова помочь в обретении гармонии между телом и духом, ведь для нас девочек, это очень важно!</p>','team_img/karpova-1.jpg','team_img/karpova-2.jpg','lyudmila-karpova'),(8,1,'2021-08-13 15:41:52.000000',8,'АЛЕКСАНДР МАХОНИН','Персональный фитнес-тренер','<p>- Мастер спорта России по пауэрлифтингу, мастер спорта международного класса по жиму лежа.&nbsp;<br />\r\n<br />\r\n-&nbsp;Специалист в области спортивного оздоровления, развития силовых показателей, а так же кинезиологии, кинезио-тейпирования и коррекции опорно-двигательного аппарата.<br />\r\n<br />\r\nПомогу обрести здоровье, силу и красоту.&nbsp;<br />\r\n<br />\r\nГотов подготовить Вас&nbsp;как к соревнованиям, так и к пляжному сезону.</p>','team_img/mahonin-1.jpg','team_img/mahonin-2.jpg','aleksandr-mahonin'),(9,1,'2021-08-13 15:42:22.000000',9,'ЮЛИЯ ПАНКРАТОВА','Сертифицированный инструктор групповых программ и персональный тренер','<p>Образование высшее.<br />\r\nЗанончила Санкт-Петербургскую академию культуры. Специальность по диплому: &laquo;Преподаватель хореографических дисциплин&raquo;. Балетмейстер по специальности &laquo;Хореографическое искусство&raquo;.</p>\r\n\r\n<p>Дополнительное образование: сертификаты FISAF, КСФ по направлениям: &laquo;Йога&raquo;, &laquo;Танцевальная аэробика&raquo;, &laquo;Классическая аэробика&raquo;, &laquo;Степ-аэробика&raquo;, &laquo;Силовая тренировка&raquo;, &laquo;Функциональная тренировка&raquo;, &laquo;Стретчинг&raquo;, &laquo;Пилатес&raquo;.<br />\r\nДиплом о профессиональной переподготовке Национального Университета Фитнеса.</p>\r\n\r\n<p>Участница международных конвенций и семинаров World class,&nbsp;семинара А. Шапочки &laquo;Новый взгляд на стретчинг&raquo;,&nbsp;семинаров по йогатерапии при проблемах опорно-двигательного аппарата.</p>\r\n\r\n<p>В спорте с 4 лет, в фитнесе с 2000 года.</p>\r\n\r\n<p>Достижения: 1 взрослый разряд по фигурному катанию, премия на танцевальном конкурсе &laquo;Музы Санкт-Петербурга&raquo;.</p>\r\n\r\n<p>Увлечения: велосипед, туризм.<br />\r\nОсновные направления: силовая аэробика, круговой тренинг, интервальный тренинг, табата, Hilt, abl, функциональный тренинг, суставная гимнастика, йога, йога-терапия.</p>\r\n\r\n<p>Мой девиз &ndash;&nbsp;&laquo;Движение &ndash;&nbsp;жизнь&raquo;.</p>','team_img/pankratova-1.jpg','team_img/pankratova-2.jpg','yuliya-pankratova'),(10,1,'2021-08-13 15:42:48.000000',10,'ГАЛИНА РОЙТБУРД','Тренер групповых программ','<p>Закончила РФ МГУКиИ.</p>\r\n\r\n<p>Сертифицированный инструктор в образовательном центре &laquo;Академия фитнеса&raquo; г. Москва и &laquo;Fitness Express&raquo; г. Москва.</p>\r\n\r\n<p>Сертифицированный инструктор направлений: латина, джаз модерн, вакинг, детский фитнес, суставная гимнастика, стрип денс, танец живота, танцевальная терапия ,стретчинг, танцевальная аэробика, функциональный тренинг.</p>\r\n\r\n<p>Моя авторская программа &laquo;Геометрия тела&raquo;.</p>\r\n\r\n<p>Участница различных конференций, мастер классов, танцевальных фестивалей и конкурсов.</p>\r\n\r\n<p>Стаж тренерской работы более 20 лет. Из них 10 лет работы в школе учителем ритмики и истории хореографии, а также руководителем ансамбля танца &laquo;Ритм&raquo;.</p>\r\n\r\n<p>&laquo;Для меня танец &ndash; это мой воздух, вся моя жизнь в танце. Если движение &ndash; это жизнь, то танец &ndash; прекрасная жизнь. Это потрясающие эмоции, отличное настроение, заряд энергии, путь к счастью, красоте, здоровью и гармонии&raquo;.&nbsp;</p>','team_img/roitburd-1.jpg','team_img/roitburd-2.jpg','galina-rojtburd'),(11,1,'2021-08-13 15:43:26.000000',11,'НИКОЛАЙ САРАЕВ','Самый позитивный персональный тренер','<p>Специалист в силовом и функциональном тренинге, готов разбавить тренировки занятиями по боксу.<br />\r\nРаботаю с различными возрастными категориями.<br />\r\nГотов менять людей не только внешне, но и внутренне.&nbsp;Помогу человеку поверить в себя и заряжу позитивным настроением, жизненной энергией!</p>','team_img/saraev-1.jpg','team_img/saraev-2.jpg','nikolaj-saraev'),(13,0,'2021-08-13 15:44:24.000000',13,'РУСТАМ СТРЕКАЛОВ','Персональный фитнес-тренер','<p>Персональный фитнес-тренер, который готов разбавить привычные всем тренировки в зале работой на лапах и мешке, ведь помимо зала, активно занимаюсь боксом.<br />\r\n&nbsp;<br />\r\nСпециализируюсь на силовом и функциональном тренинге.&nbsp;<br />\r\nГотов познакомить вас с кроссфит направлением, подготовить к соревнованиям в силовых дисциплинах.<br />\r\nСертифицированный специалист в области фитнеса и нутрициологии.</p>','team_img/strekalov-1.jpg','team_img/strekalov-2.jpg','rustam-strekalov'),(14,1,'2021-08-13 15:44:55.000000',14,'АНАСТАСИЯ ХОМЕНКО','Координатор групповых направлений, персональный тренер.','<p>- Дипломированный физрук-ботаник.<br />\r\n<br />\r\n-&nbsp;Тренер-преподаватель, со знаниями анатомии и биомеханики.<br />\r\n<br />\r\nДевиз: &laquo;Здоровое тело через осознанное движение&raquo;.<br />\r\n<br />\r\nТренер-универсал.&nbsp;Три международных сертификата в области биомеханики движения и множество сертификатов по таким направлениям, как пилатес, функциональный тренинг, фасциальный стретчинг.<br />\r\n<br />\r\nПоможет улучшить технику движения, расскажет как и что работает. Научит как развить функциональность тела, его силу, гибкость, выносливость, улучшить координацию.<br />\r\n<br />\r\nАвтор программы &laquo;Здоровая спина&raquo;, с использованием трёхплоскостного движения.</p>\r\n\r\n<p>&nbsp;</p>\r\n\r\n<p>&nbsp;</p>\r\n\r\n<p>&nbsp;</p>','team_img/homenko-1.jpg','team_img/homenko-2.jpg','anastasiya-homenko');
/*!40000 ALTER TABLE `team_team` ENABLE KEYS */;
UNLOCK TABLES;

--
-- Table structure for table `team_workout`
--

DROP TABLE IF EXISTS `team_workout`;
/*!40101 SET @saved_cs_client     = @@character_set_client */;
/*!40101 SET character_set_client = utf8 */;
CREATE TABLE `team_workout` (
  `id` int(11) NOT NULL AUTO_INCREMENT,
  `publicated` tinyint(1) NOT NULL,
  `pub_date` datetime(6) NOT NULL,
  `order` int(10) unsigned NOT NULL,
  `title` varchar(200) NOT NULL,
  `announcement` longtext NOT NULL,
  `body` longtext NOT NULL,
  `image_preview` varchar(100) NOT NULL,
  `image` varchar(100) NOT NULL,
  `slug` varchar(50) NOT NULL,
  `note` longtext NOT NULL,
  PRIMARY KEY (`id`),
  UNIQUE KEY `slug` (`slug`),
  KEY `team_workout_order_d73640ce` (`order`)
) ENGINE=InnoDB AUTO_INCREMENT=19 DEFAULT CHARSET=utf8;
/*!40101 SET character_set_client = @saved_cs_client */;

--
-- Dumping data for table `team_workout`
--

LOCK TABLES `team_workout` WRITE;
/*!40000 ALTER TABLE `team_workout` DISABLE KEYS */;
INSERT INTO `team_workout` VALUES (1,1,'2021-08-09 16:40:21.000000',1,'BODYSCULPT, POWERCLASS','Силовая тренировка с использованием малого оборудования, направленная на развитие силы и создание мышечного рельефа крупных и более мелких групп мышц, улучшение кровообращения, нормализацию работы дыхательной и сердечно-сосудистой системы.','<h2 class=\"subtitle\">– силовая фитнес тренировка для гармоничного развития всего тела и похудения</h2>\r\n		    <p>Силовой класс групповых занятий body sculpt – достаточно распространенное направление в мире фитнеса. Однако, несмотря на то, что это подвид комплекса силовых классов для проработки всего тела, именно боди скульпт чаще включается в расписание клубов, как отдельное направление. Что же это такое и в чем особенности тренировки, являющейся, в прямом смысле, «скульптором» тела. Давайте рассмотрим преимущества и недостатки таких занятий, а также основные элементы и наглядные видео уроки этого направления.</p><p>Боди скульпт – групповое направление в фитнесе, которое включает в себя как аэробную часть, так и силовую, в которой прорабатываются все мышцы тела за одну тренировку. Как и классическая аэробика, боди скалпт выполняется под ритмичную музыку, а комплексы упражнений разрабатывает и показывает тренер. Это эффективная тренировка для сознания подтянутого и рельефного тела.</p><p>Особенностью тренировки является чередование интенсивных и менее интенсивных упражнений для обеспечения поочередного напряжения и расслабления мышц, что дает ощутимый эффект, без последствий перетренированности.</p>\r\n			<h3>Тренировка состоит из четырех частей:</h3>\r\n			<ul class=\"num-list\">\r\n		       <li>Разминка. Выполняется в виде динамической нагрузки и базовых шагов аэробики, как и большинство силовых классов.</li><li>Кардионагрузка. В этой части тренировки тренируется выносливость сердечнососудистой системы посредством аэробных упражнений – комбинаций степ-аэробики, прыжков со скакалкой и тому подобное.</li><li>Силовая часть. Включает в себя силовые упражнения со всевозможным инвентарем для фитнеса, способствует проработке всех мышечных групп.</li><li>Растяжка. Эта часть заминки готовит мышцы к последующему отдыху и восстановлению, а также успокаивает нервную систему.</li>\r\n		    </ul>','workout_img/1.jpg','workout_img/1-1.jpg','bodysculpt-powerclass','Рекомендуется для всех уровней подготовленности.'),(2,1,'2021-08-09 16:40:54.000000',2,'ABS+STRETCH','Комбинированная тренировка, включающая в себя упражнения, направленные на укрепление мышц брюшного пресса, развитие гибкости, повышение эластичности мышц и связок, улучшение подвижности суставов.','<p>Комбинированная тренировка, включающая в себя упражнения, направленные на укрепление мышц брюшного пресса, развитие гибкости, повышение эластичности мышц и связок, улучшение подвижности суставов. Рекомендуется для всех уровней подготовленности.</p>','workout_img/2.jpg','workout_img/2_mW7LwYX.jpg','abs-stretch','Рекомендуется для всех уровней подготовленности.'),(3,0,'2021-08-09 16:41:17.000000',3,'TOTAL CONDITION','Силовой урок, направленный на формирование красивого мышечного рельефа, укрепление основных мышечных групп, поднятие тонуса всего организма и избавление от лишнего веса. Включает в себя работу со свободными весами, амортизаторами и другим оборудованием. Нагрузка средней интенсивности.','<p>Силовой урок, направленный на формирование красивого мышечного рельефа, укрепление основных мышечных групп, поднятие тонуса всего организма и избавление от лишнего веса. Включает в себя работу со свободными весами, амортизаторами и другим оборудованием. Нагрузка средней интенсивности. Рекомендуется для всех уровней подготовленности. Продолжительность: 55 минут.</p>','workout_img/3.jpg','workout_img/3_eTp28wt.jpg','total-condition','Рекомендуется для всех уровней подготовленности. Продолжительность: 55 минут.'),(4,1,'2021-08-09 16:41:41.000000',4,'BIKINI+ABS','Cиловой урок, направленный на проработку мышц брюшного пресса и ягодиц. Урок рекомендован для всех уровней подготовленности.','<p>Cиловой урок, направленный на проработку мышц брюшного пресса и ягодиц. Урок рекомендован для всех уровней подготовленности. Продолжительность: 55 минут.</p>','workout_img/4.jpg','workout_img/4_0tpVpLA.jpg','bikini-abs','Продолжительность: 55 минут.'),(5,0,'2021-08-09 16:42:07.000000',5,'POWER BALL','Силовой класс с использованием специальных мячей (Fitball) и дополнительного оборудования, направленный на проработку всех основных мышечных групп. Нагрузка средней интенсивности. Рекомендуется для всех уровней подготовленности.','<p>Силовой класс с использованием специальных мячей (Fitball) и дополнительного оборудования, направленный на проработку всех основных мышечных групп. Нагрузка средней интенсивности. Рекомендуется для всех уровней подготовленности. Продолжительность: 55 минут.</p>','workout_img/5.jpg','workout_img/5_z2Umh4s.jpg','power-ball','Продолжительность: 55 минут.'),(6,1,'2021-08-19 15:15:46.000000',6,'Functional Training','Это система занятий, которая включает тренировки тела для выполнения повседневных действий.','<p>Функциональная тренировка направлена на проработку не только отдельных групп мышц (больших и малых), но и постуральных (глубоких). Основная задача данной тренировки &ndash; это развитие пяти функциональных качеств человека: быстрота, ловкость, сила, гибкость и выносливость. &nbsp;Воздействует на работу организма в целом, в результате чего происходит укрепление всех мышечных групп, сердечно-сосудистой системы, улучшение вестибулярного аппарата и координации движений, формирование выносливости и мышечной силы.</p>','workout_img/2_p7J0tMI.jpg','workout_img/2-2.jpg','functional-training','Рекомендуется для среднего и высокого уровня подготовленности.'),(7,1,'2021-08-19 15:29:26.000000',7,'Круговая тренировка','Круговая тренировка представляет собой серию упражнений, которые поочередно следуют друг за другом.','<p>Тренировка состоит нескольких циклов по 5-15 физических упражнений (как силовых, так и кардио), следующих одно за другим с минимальным (5-20 секунд) отдыхом. В результате происходит укрепление всех мышечных групп, сердечно-сосудистой системы, повышение выносливости организма.</p>','workout_img/5_sWExDFZ.jpg','workout_img/5-5.jpg','krugovaya-trenirovka','Рекомендуется для среднего и высокого уровня подготовленности.'),(8,1,'2021-08-19 15:35:01.000000',8,'TABATA','Вид интервальных тренировок с высокой интенсивностью, включающий цикл упражнений, выполняющихся 4 минуты.','<p>Относится к высокоинтенсивным интервальным тренировкам (HIIT) и предполагает от 4 до 8 подходов одного или нескольких упражнений на разные группы мышц по 20 секунд с 10-ти секундными перерывами ПОД МУЗЫКУ. Tabata songs это ремиксы на многие известные композиции, адаптированные под тренировки.</p>','workout_img/4_6aLgfa7.jpg','workout_img/4-4.jpg','tabata','Рекомендуется для среднего и высокого уровня подготовленности.'),(9,1,'2021-08-19 15:44:44.000000',9,'Power Step','Вид кардиотренировки на основе танцевальных движений, выполняемых с помощью степ-платформы.','<p>Сочетание кардио тренировки из базовых шагов, с использованием степ-платформы и силовых упражнений на крупные группы мышц. Формат занятия 50/50, то есть половина тренировки кардио, вторая половина силовые упражнения. &nbsp;Подходит для любого уровня подготовки.</p>','workout_img/3_eJAN08B.jpg','workout_img/3-3.jpg','power-step','Подходит для любого уровня подготовки.'),(10,1,'2021-08-19 15:46:18.000000',10,'Stretch','От английского stretching – растягивание, растяжка. Стретчинг – это система тренировок на развитие гибкости.','<p>Мягкая тренировка, направленная на улучшение эластичности мышц и увеличение амплитуды движения суставов. В начале тренировки обычно используется общий разогрев и мобилизационные техники для разогрева суставов. Чередуется динамическая нагрузка со статическими позициями. Подходит для восстановления сил после силовых тренировок и направлена на снятие стресса и общее расслабление.</p>','workout_img/7.jpg','workout_img/7-7.jpg','stretch','Рекомендуется для всех уровней подготовленности.'),(11,1,'2021-08-19 15:54:47.000000',11,'MFR ( МФР) Миофасциальное расслабление','Техника массажа, направленная на расслабление фасций(соединительнотканная оболочка, покрывающая органы, сосуды, нервы и образующая футляры для мышц у человека) и глубоких мышц.','<p>Это низко интенсивный комплекс упражнений, в котором используются приемы самомассажа. &nbsp;Используется специальное оборудование, такое как массажный ролл, теннисные мячики, гимнастические палки итд &nbsp;Специальные упражнения позволяют расслабить мышцы и фасции, а затем растянуть их. Фасция &ndash; это соединительная ткань, покрывающая все в нашем теле: мышцы, суставы, сосуды, нервы. &nbsp; В результате самомассажа не только снимается излишнее напряжение, но и увеличивается гибкость и подвижность в суставах. Правильное включение в Ваши тренировки занятий МФР позволяет избежать усталости и переутомления, способствует снятию связанных с ними головных болей, болей в спине, излишней возбудимости или, напротив, сонливости.</p>','workout_img/8.jpg','workout_img/8-8.jpg','mfr-mfr-miofascialnoe-rasslablenie','Подходит для любого уровня подготовки.'),(12,1,'2021-08-19 16:01:31.000000',12,'Pilates','Система тренировок, направленная на укрепление тела, выработку правильной осанки, развитие гибкости, улучшение плавности и точности движений.','<p>Уникальная система тренировок Джозефа Пилатеса направлена на улучшение осанки, общего физического состояния и формирование умения управлять своим телом. Тренировка, использующая техники дыхания, полный контроль движения, осевое вытяжение, осознанность движения, координацию итд. Используется мелкое оборудование (мяч, ролл, кольцо, лента). В результате Вы приобретаете сильное, гибкое и здоровое тело, правильную осанку и укрепление нервной системы.</p>','workout_img/15.jpg','workout_img/15-15.jpg','pilates','Рекомендуется для всех уровней подготовленности.'),(13,1,'2021-08-19 16:06:03.000000',13,'Yoga','Древняя практика для поиска целостности в занятиях и в жизни. Йога состоит из асан (упражнений), дыхательных техник и медитаций (пассивных и активных), поэтому развивает человека всесторонне — через тело, ум и эмоции.','<p>Йога &ndash; это не просто упражнения для развития гибкости, восстановления здоровья и душевного равновесия, а глубокая и мудрая система самосовершенствования. Упражнения в первую очередь направлены на достижение покоя и релаксации, что является необходимым условием для практики медитации и ведёт к освобождению ума. &nbsp;Асаны йоги &mdash; это статичные позы, удерживаемые во времени. Выполняя физические упражнения, вы одновременно тренируете и концентрацию ума, направляя сознание в определённое русло.</p>','workout_img/20.jpg','workout_img/20-20.jpg','yoga','Подходит для любого уровня подготовки.'),(14,1,'2021-08-19 16:11:07.000000',14,'Zumba','Фитнес-вечеринка, где зажигательные латиноамериканские ритмы сочетаются с простой в исполнении и следовании за инструктором хореографией, что позволяет обеспечить эффективную тренировку всего тела.','<p>Разновидность танцевальной аэробной тренировки с легко повторяемыми движениями, выполняемая под ритмичную латиноамериканскую музыку. Кардиотренировка позволяет поддерживать форму, моделировать тело и повышает эмоциональный настрой.</p>','workout_img/30.jpg','workout_img/30-30.jpg','zumba','Рекомендуется для всех уровней подготовленности.'),(15,1,'2021-08-19 16:17:06.000000',15,'Lady Class','Программа для женщин, объединившая в себе несколько наиболее популярных танцевальных направлений (стилей): современные танцы, восточные танцы, латиноамериканские танцы и комплекс силовых упражнений в сочетании со стрейтчингом.','<p>Танцевальный урок, сочетающий в себе элементы женственных направлений танцев, под зажигательную музыку. Направлен на развитие пластичности и высвобождение женской энергии.</p>','workout_img/32.jpg','workout_img/32-32.jpg','lady-class','Рекомендуется для всех уровней подготовленности.'),(16,1,'2021-08-19 16:27:34.000000',16,'Dance Mix','Это разновидность танцевальной аэробики, уроки которой базируются на различных танцевальных стилях, включают их отдельные элементы и даже целые пласты движений.','<p>Танцевальное направление, которое состоит из совокупности разных стилей, таких как латина, стрип, модерн, джаз, регетон, вакинг, уличный стиль и многое др. За одну тренировку, мы знакомимся сразу с несколькими направлениями. &nbsp;Урок развивает координацию и пластику, является хорошей кардионагрузкой и заряжает отличным настроением.</p>','workout_img/35.jpg','workout_img/35-35.jpg','dance-mix','Рекомендуется для всех уровней подготовленности.'),(17,1,'2021-08-19 16:32:18.000000',17,'Танец живота','Западное название танцевальной техники, распространённой на Ближнем Востоке и в арабских странах.','<p>Танец живота (belly dance) &ndash; это тот волшебный танцевальный стиль, который позволяет познать тайны женственности, проявить творческий потенциал, зажечь огонь изнутри, это способ укрепить своё здоровье, стать свободной, красивой и уверенной в себе! Танец живота - колоритный и восточный - имеет множество разновидностей и ответвлений, но все они в своей основе имеют ритмичные покачивания и тряски бедрами, игру мышцами пресса. Именно это и делает Танец живота незаменимым хранителем женской красоты и здоровья.</p>','workout_img/37.jpg','workout_img/37-37.jpg','tanec-zhivota','Рекомендуется для всех уровней подготовленности.'),(18,1,'2021-08-19 16:36:19.000000',18,'ABL','(abdominal, buttocks, legs) – силовой урок для тренировки мышц ног и брюшного пресса.','<p>Главная особенность системы ABL &ndash; грамотное сочетание силовых и кардиоупражнений. Правильно составленный комплекс помогает в короткое время избавиться от лишних килограммов и одновременно укрепить мускулатуру в области живота, бедер и ягодиц. Кроме того, в результате отработки улучшаются параметры выносливости и гибкости. Если сравнивать с силовыми тренировками, ABL направлена укрепление и подтяжку мышц, а не на наращивание массы. Именно поэтому упражнения выполняются с использованием легких утяжелителей, а не мощных тренажеров. Оборудование необходимо для повышения сложности нагрузки и добавочного отягощения.Если сравнивать с силовыми тренировками, ABL направлена укрепление и подтяжку мышц, а не на наращивание массы. Именно поэтому упражнения выполняются с использованием легких утяжелителей, а не мощных тренажеров. Оборудование необходимо для повышения сложности нагрузки и добавочного отягощения.Если сравнивать с силовыми тренировками, ABL направлена укрепление и подтяжку мышц, а не на наращивание массы. Именно поэтому упражнения выполняются с использованием легких утяжелителей, а не мощных тренажеров. Оборудование необходимо для повышения сложности нагрузки и добавочного отягощения.</p>','workout_img/38.jpg','workout_img/38-38.jpg','abl','Рекомендуется для всех уровней подготовленности.');
/*!40000 ALTER TABLE `team_workout` ENABLE KEYS */;
UNLOCK TABLES;
/*!50112 SET @disable_bulk_load = IF (@is_rocksdb_supported, 'SET SESSION rocksdb_bulk_load = @old_rocksdb_bulk_load', 'SET @dummy_rocksdb_bulk_load = 0') */;
/*!50112 PREPARE s FROM @disable_bulk_load */;
/*!50112 EXECUTE s */;
/*!50112 DEALLOCATE PREPARE s */;
/*!40103 SET TIME_ZONE=@OLD_TIME_ZONE */;

/*!40101 SET SQL_MODE=@OLD_SQL_MODE */;
/*!40014 SET FOREIGN_KEY_CHECKS=@OLD_FOREIGN_KEY_CHECKS */;
/*!40014 SET UNIQUE_CHECKS=@OLD_UNIQUE_CHECKS */;
/*!40101 SET CHARACTER_SET_CLIENT=@OLD_CHARACTER_SET_CLIENT */;
/*!40101 SET CHARACTER_SET_RESULTS=@OLD_CHARACTER_SET_RESULTS */;
/*!40101 SET COLLATION_CONNECTION=@OLD_COLLATION_CONNECTION */;
/*!40111 SET SQL_NOTES=@OLD_SQL_NOTES */;

-- Dump completed on 2023-11-03 11:48:12
